date,organization,org_available,min_validator_validating,validators_with_data,S1,S2,S3,crawler_day
2019-06-10,COINQVEST LLC,,1.0,3,0,0,0,0
2019-06-10,Keybase,,1.0,3,0,0,0,0
2019-06-10,LOBSTR,,1.0,5,0,0,0,0
2019-06-10,SatoshiPay,,1.0,3,0,0,0,0
2019-06-10,Stellar Development Foundation,,0.9982,3,0,0,0,0
2019-06-11,COINQVEST LLC,1.0,1.0,3,0,0,0,0
2019-06-11,Keybase,1.0,1.0,3,0,0,0,0
2019-06-11,LOBSTR,1.0,0.9982,5,0,0,0,0
2019-06-11,SatoshiPay,1.0,0.9982,3,0,0,0,0
2019-06-11,Stellar Development Foundation,1.0,0.9982,3,0,0,0,0
2019-06-12,COINQVEST LLC,1.0,1.0,3,0,0,0,0
2019-06-12,Keybase,1.0,0.9982,3,0,0,0,0
2019-06-12,LOBSTR,0.9982,1.0,5,0,0,0,0
2019-06-12,SatoshiPay,0.9964,0.9601,3,0,0,0,0
2019-06-12,Stellar Development Foundation,1.0,0.9982,3,0,0,0,0
2019-06-13,COINQVEST LLC,1.0,1.0,3,0,0,0,0
2019-06-13,Keybase,1.0,1.0,3,0,0,0,0
2019-06-13,LOBSTR,1.0,0.9982,5,0,0,0,0
2019-06-13,SatoshiPay,1.0,1.0,3,0,0,0,0
2019-06-13,Stellar Development Foundation,1.0,0.9982,3,0,0,0,0
2019-06-14,COINQVEST LLC,1.0,1.0,3,0,0,0,0
2019-06-14,Keybase,1.0,0.9982,3,0,0,0,0
2019-06-14,LOBSTR,0.9982,1.0,5,0,0,0,0
2019-06-14,SatoshiPay,1.0,1.0,3,0,0,0,0
2019-06-14,Stellar Development Foundation,1.0,0.9982,3,0,0,0,0
2019-06-15,COINQVEST LLC,1.0,1.0,3,0,0,0,0
2019-06-15,Keybase,1.0,0.9982,3,0,0,0,0
2019-06-15,LOBSTR,1.0,1.0,5,0,0,0,0
2019-06-15,SatoshiPay,1.0,1.0,3,0,0,0,0
2019-06-15,Stellar Development Foundation,1.0,1.0,3,0,0,0,0
2019-06-16,COINQVEST LLC,1.0,1.0,3,0,0,0,0
2019-06-16,Keybase,1.0,0.9983,3,0,0,0,0
2019-06-16,LOBSTR,1.0,1.0,5,0,0,0,0
2019-06-16,SatoshiPay,1.0,0.9983,3,0,0,0,0
2019-06-16,Stellar Development Foundation,1.0,1.0,3,0,0,0,0
2019-06-17,COINQVEST LLC,1.0,1.0,3,0,0,0,0
2019-06-17,Keybase,1.0,1.0,3,0,0,0,0
2019-06-17,LOBSTR,1.0,1.0,5,0,0,0,0
2019-06-17,SatoshiPay,1.0,1.0,3,0,0,0,0
2019-06-17,Stellar Development Foundation,1.0,1.0,3,0,0,0,0
2019-06-18,COINQVEST LLC,1.0,1.0,3,0,0,0,0
2019-06-18,Keybase,1.0,1.0,3,0,0,0,0
2019-06-18,LOBSTR,1.0,1.0,5,0,0,0,0
2019-06-18,SatoshiPay,1.0,1.0,3,0,0,0,0
2019-06-18,Stellar Development Foundation,1.0,0.9982,3,0,0,0,0
2019-06-19,COINQVEST LLC,1.0,1.0,3,0,0,0,0
2019-06-19,Keybase,1.0,1.0,3,0,0,0,0
2019-06-19,LOBSTR,1.0,1.0,5,0,0,0,0
2019-06-19,SatoshiPay,1.0,1.0,3,0,0,0,0
2019-06-19,Stellar Development Foundation,1.0,1.0,3,0,0,0,0
2019-06-20,COINQVEST LLC,1.0,1.0,3,0,0,0,0
2019-06-20,Keybase,1.0,1.0,3,0,0,0,0
2019-06-20,LOBSTR,1.0,0.9947,5,0,0,0,0
2019-06-20,SatoshiPay,1.0,1.0,3,0,0,0,0
2019-06-20,Stellar Development Foundation,1.0,1.0,3,0,0,0,0
2019-06-21,COINQVEST LLC,1.0,1.0,3,0,0,0,0
2019-06-21,Keybase,1.0,1.0,3,0,0,0,0
2019-06-21,LOBSTR,1.0,1.0,5,0,0,0,0
2019-06-21,SatoshiPay,1.0,0.982,3,0,0,0,0
2019-06-21,Stellar Development Foundation,1.0,1.0,3,0,0,0,0
2019-06-22,COINQVEST LLC,1.0,1.0,3,0,0,0,0
2019-06-22,Keybase,1.0,0.9982,3,0,0,0,0
2019-06-22,LOBSTR,1.0,1.0,5,0,0,0,0
2019-06-22,SatoshiPay,1.0,1.0,3,0,0,0,0
2019-06-22,Stellar Development Foundation,1.0,1.0,3,0,0,0,0
2019-06-23,COINQVEST LLC,1.0,1.0,3,0,0,0,0
2019-06-23,Keybase,1.0,1.0,3,0,0,0,0
2019-06-23,LOBSTR,1.0,1.0,5,0,0,0,0
2019-06-23,SatoshiPay,1.0,0.9928,3,0,0,0,0
2019-06-23,Stellar Development Foundation,1.0,1.0,3,0,0,0,0
2019-06-24,COINQVEST LLC,1.0,1.0,3,0,0,0,0
2019-06-24,Keybase,1.0,1.0,3,0,0,0,0
2019-06-24,LOBSTR,1.0,1.0,5,0,0,0,0
2019-06-24,SatoshiPay,1.0,0.9908,3,0,0,0,0
2019-06-24,Stellar Development Foundation,1.0,1.0,3,0,0,0,0
2019-06-25,COINQVEST LLC,1.0,1.0,3,0,0,0,0
2019-06-25,Keybase,1.0,1.0,3,0,0,0,0
2019-06-25,LOBSTR,1.0,1.0,5,0,0,0,0
2019-06-25,SatoshiPay,1.0,1.0,3,0,0,0,0
2019-06-25,Stellar Development Foundation,1.0,1.0,3,0,0,0,0
2019-06-26,COINQVEST LLC,1.0,1.0,3,0,0,0,0
2019-06-26,Keybase,1.0,1.0,3,0,0,0,0
2019-06-26,LOBSTR,1.0,1.0,5,0,0,0,0
2019-06-26,SatoshiPay,1.0,1.0,3,0,0,0,0
2019-06-26,Stellar Development Foundation,1.0,1.0,3,0,0,0,0
2019-06-27,COINQVEST LLC,1.0,0.9982,3,0,0,0,0
2019-06-27,Keybase,1.0,1.0,3,0,0,0,0
2019-06-27,LOBSTR,1.0,1.0,5,0,0,0,0
2019-06-27,SatoshiPay,1.0,1.0,3,0,0,0,0
2019-06-27,Stellar Development Foundation,1.0,1.0,3,0,0,0,0
2019-06-28,COINQVEST LLC,1.0,0.9982,3,0,0,0,0
2019-06-28,Keybase,1.0,1.0,3,0,0,0,0
2019-06-28,LOBSTR,0.9982,0.9927,5,0,0,0,0
2019-06-28,SatoshiPay,1.0,1.0,3,0,0,0,0
2019-06-28,Stellar Development Foundation,1.0,1.0,3,0,0,0,0
2019-06-29,COINQVEST LLC,1.0,1.0,3,0,0,0,0
2019-06-29,Keybase,1.0,1.0,3,0,0,0,0
2019-06-29,LOBSTR,1.0,1.0,5,0,0,0,0
2019-06-29,SatoshiPay,1.0,1.0,3,0,0,0,0
2019-06-29,Stellar Development Foundation,1.0,1.0,3,0,0,0,0
2019-06-30,COINQVEST LLC,1.0,1.0,3,0,0,0,0
2019-06-30,Keybase,1.0,1.0,3,0,0,0,0
2019-06-30,LOBSTR,1.0,1.0,5,0,0,0,0
2019-06-30,SatoshiPay,1.0,1.0,3,0,0,0,0
2019-06-30,Stellar Development Foundation,1.0,1.0,3,0,0,0,0
2019-07-01,COINQVEST LLC,1.0,1.0,3,0,0,0,0
2019-07-01,Keybase,1.0,1.0,3,0,0,0,0
2019-07-01,LOBSTR,1.0,1.0,5,0,0,0,0
2019-07-01,SatoshiPay,1.0,0.9981,3,0,0,0,0
2019-07-01,Stellar Development Foundation,1.0,1.0,3,0,0,0,0
2019-07-02,COINQVEST LLC,1.0,1.0,3,0,0,0,0
2019-07-02,Keybase,1.0,1.0,3,0,0,0,0
2019-07-02,LOBSTR,1.0,1.0,5,0,0,0,0
2019-07-02,SatoshiPay,1.0,1.0,3,0,0,0,0
2019-07-02,Stellar Development Foundation,1.0,1.0,3,0,0,0,0
2019-07-03,COINQVEST LLC,1.0,1.0,3,0,0,0,0
2019-07-03,Keybase,1.0,1.0,3,0,0,0,0
2019-07-03,LOBSTR,1.0,0.9981,5,0,0,0,0
2019-07-03,SatoshiPay,1.0,0.9981,3,0,0,0,0
2019-07-03,Stellar Development Foundation,1.0,1.0,3,0,0,0,0
2019-07-04,COINQVEST LLC,1.0,1.0,3,0,0,0,0
2019-07-04,Keybase,1.0,1.0,3,0,0,0,0
2019-07-04,LOBSTR,1.0,1.0,5,0,0,0,0
2019-07-04,SatoshiPay,1.0,1.0,3,0,0,0,0
2019-07-04,Stellar Development Foundation,1.0,1.0,3,0,0,0,0
2019-07-05,COINQVEST LLC,1.0,1.0,3,0,0,0,0
2019-07-05,Keybase,1.0,1.0,3,0,0,0,0
2019-07-05,LOBSTR,1.0,0.9981,5,0,0,0,0
2019-07-05,SatoshiPay,1.0,0.9981,3,0,0,0,0
2019-07-05,Stellar Development Foundation,1.0,1.0,3,0,0,0,0
2019-07-06,COINQVEST LLC,1.0,1.0,3,0,0,0,0
2019-07-06,Keybase,1.0,1.0,3,0,0,0,0
2019-07-06,LOBSTR,1.0,1.0,5,0,0,0,0
2019-07-06,SatoshiPay,1.0,1.0,3,0,0,0,0
2019-07-06,Stellar Development Foundation,1.0,1.0,3,0,0,0,0
2019-07-07,COINQVEST LLC,1.0,1.0,3,0,0,0,0
2019-07-07,Keybase,1.0,1.0,3,0,0,0,0
2019-07-07,LOBSTR,1.0,1.0,5,0,0,0,0
2019-07-07,SatoshiPay,1.0,1.0,3,0,0,0,0
2019-07-07,Stellar Development Foundation,1.0,0.9979,3,0,0,0,0
2019-07-08,COINQVEST LLC,1.0,1.0,3,0,0,0,0
2019-07-08,Keybase,1.0,0.9922,3,0,0,0,0
2019-07-08,LOBSTR,1.0,0.9981,5,0,0,0,0
2019-07-08,SatoshiPay,1.0,0.9981,3,0,0,0,0
2019-07-08,Stellar Development Foundation,1.0,1.0,3,0,0,0,0
2019-07-09,COINQVEST LLC,1.0,1.0,3,0,0,0,0
2019-07-09,Keybase,1.0,1.0,3,0,0,0,0
2019-07-09,LOBSTR,1.0,1.0,5,0,0,0,0
2019-07-09,SatoshiPay,1.0,0.9847,3,0,0,0,0
2019-07-09,Stellar Development Foundation,0.9981,0.9981,3,0,0,0,0
2019-07-10,COINQVEST LLC,1.0,1.0,3,0,0,0,0
2019-07-10,Keybase,1.0,1.0,3,0,0,0,0
2019-07-10,LOBSTR,1.0,1.0,5,0,0,0,0
2019-07-10,SatoshiPay,1.0,0.998,3,0,0,0,0
2019-07-10,Stellar Development Foundation,1.0,1.0,3,0,0,0,0
2019-07-11,COINQVEST LLC,1.0,1.0,3,0,0,0,0
2019-07-11,Keybase,1.0,0.9981,3,0,0,0,0
2019-07-11,LOBSTR,1.0,1.0,5,0,0,0,0
2019-07-11,SatoshiPay,1.0,0.9981,3,0,0,0,0
2019-07-11,Stellar Development Foundation,1.0,1.0,3,0,0,0,0
2019-07-12,COINQVEST LLC,1.0,1.0,3,0,0,0,0
2019-07-12,Keybase,1.0,1.0,3,0,0,0,0
2019-07-12,LOBSTR,1.0,1.0,5,0,0,0,0
2019-07-12,SatoshiPay,1.0,1.0,3,0,0,0,0
2019-07-12,Stellar Development Foundation,1.0,1.0,3,0,0,0,0
2019-07-13,COINQVEST LLC,1.0,1.0,3,0,0,0,0
2019-07-13,Keybase,1.0,1.0,3,0,0,0,0
2019-07-13,LOBSTR,1.0,1.0,5,0,0,0,0
2019-07-13,SatoshiPay,1.0,0.9981,3,0,0,0,0
2019-07-13,Stellar Development Foundation,1.0,1.0,3,0,0,0,0
2019-07-14,COINQVEST LLC,1.0,1.0,3,0,0,0,0
2019-07-14,Keybase,1.0,0.9981,3,0,0,0,0
2019-07-14,LOBSTR,1.0,1.0,5,0,0,0,0
2019-07-14,SatoshiPay,1.0,0.9962,3,0,0,0,0
2019-07-14,Stellar Development Foundation,1.0,1.0,3,0,0,0,0
2019-07-15,COINQVEST LLC,1.0,1.0,3,0,0,0,0
2019-07-15,Keybase,1.0,1.0,3,0,0,0,0
2019-07-15,LOBSTR,1.0,1.0,5,0,0,0,0
2019-07-15,SatoshiPay,1.0,0.9981,3,0,0,0,0
2019-07-15,Stellar Development Foundation,1.0,1.0,3,0,0,0,0
2019-07-16,COINQVEST LLC,1.0,1.0,3,0,0,0,0
2019-07-16,Keybase,1.0,1.0,3,0,0,0,0
2019-07-16,LOBSTR,1.0,1.0,5,0,0,0,0
2019-07-16,SatoshiPay,1.0,1.0,3,0,0,0,0
2019-07-16,Stellar Development Foundation,1.0,1.0,3,0,0,0,0
2019-07-17,COINQVEST LLC,1.0,1.0,3,0,0,0,0
2019-07-17,Keybase,1.0,1.0,3,0,0,0,0
2019-07-17,LOBSTR,1.0,1.0,5,0,0,0,0
2019-07-17,SatoshiPay,1.0,0.9962,3,0,0,0,0
2019-07-17,Stellar Development Foundation,1.0,1.0,3,0,0,0,0
2019-07-18,COINQVEST LLC,1.0,1.0,3,0,0,0,0
2019-07-18,Keybase,1.0,1.0,3,0,0,0,0
2019-07-18,LOBSTR,1.0,0.9981,5,0,0,0,0
2019-07-18,SatoshiPay,1.0,0.9944,3,0,0,0,0
2019-07-18,Stellar Development Foundation,1.0,1.0,3,0,0,0,0
2019-07-19,COINQVEST LLC,1.0,1.0,3,0,0,0,0
2019-07-19,Keybase,1.0,1.0,3,0,0,0,0
2019-07-19,LOBSTR,1.0,1.0,5,0,0,0,0
2019-07-19,SatoshiPay,1.0,1.0,3,0,0,0,0
2019-07-19,Stellar Development Foundation,1.0,1.0,3,0,0,0,0
2019-07-20,COINQVEST LLC,1.0,1.0,3,0,0,0,0
2019-07-20,Keybase,1.0,1.0,3,0,0,0,0
2019-07-20,LOBSTR,1.0,1.0,5,0,0,0,0
2019-07-20,SatoshiPay,1.0,1.0,3,0,0,0,0
2019-07-20,Stellar Development Foundation,1.0,1.0,3,0,0,0,0
2019-07-21,COINQVEST LLC,1.0,1.0,3,0,0,0,0
2019-07-21,Keybase,1.0,1.0,3,0,0,0,0
2019-07-21,LOBSTR,1.0,1.0,5,0,0,0,0
2019-07-21,SatoshiPay,1.0,0.9981,3,0,0,0,0
2019-07-21,Stellar Development Foundation,1.0,1.0,3,0,0,0,0
2019-07-22,COINQVEST LLC,1.0,1.0,3,0,0,0,0
2019-07-22,Keybase,1.0,0.9981,3,0,0,0,0
2019-07-22,LOBSTR,1.0,1.0,5,0,0,0,0
2019-07-22,SatoshiPay,1.0,1.0,3,0,0,0,0
2019-07-22,Stellar Development Foundation,1.0,0.9981,3,0,0,0,0
2019-07-23,COINQVEST LLC,1.0,1.0,3,0,0,0,0
2019-07-23,Keybase,1.0,1.0,3,0,0,0,0
2019-07-23,LOBSTR,1.0,1.0,5,0,0,0,0
2019-07-23,SatoshiPay,1.0,1.0,3,0,0,0,0
2019-07-23,Stellar Development Foundation,1.0,1.0,3,0,0,0,0
2019-07-24,COINQVEST LLC,1.0,1.0,3,0,0,0,0
2019-07-24,Keybase,1.0,1.0,3,0,0,0,0
2019-07-24,LOBSTR,1.0,0.998,5,0,0,0,0
2019-07-24,SatoshiPay,1.0,0.9941,3,0,0,0,0
2019-07-24,Stellar Development Foundation,1.0,1.0,3,0,0,0,0
2019-07-25,COINQVEST LLC,1.0,0.9667,3,0,0,0,0
2019-07-25,Keybase,1.0,1.0,3,0,0,0,0
2019-07-25,LOBSTR,1.0,1.0,5,0,0,0,0
2019-07-25,SatoshiPay,1.0,1.0,3,0,0,0,0
2019-07-25,Stellar Development Foundation,1.0,1.0,3,0,0,0,0
2019-07-26,COINQVEST LLC,1.0,1.0,3,0,0,0,0
2019-07-26,Keybase,1.0,1.0,3,0,0,0,0
2019-07-26,LOBSTR,1.0,1.0,5,0,0,0,0
2019-07-26,SatoshiPay,1.0,1.0,3,0,0,0,0
2019-07-26,Stellar Development Foundation,1.0,1.0,3,0,0,0,0
2019-07-27,COINQVEST LLC,1.0,1.0,3,0,0,0,0
2019-07-27,Keybase,1.0,1.0,3,0,0,0,0
2019-07-27,LOBSTR,1.0,1.0,5,0,0,0,0
2019-07-27,SatoshiPay,1.0,1.0,3,0,0,0,0
2019-07-27,Stellar Development Foundation,1.0,1.0,3,0,0,0,0
2019-07-28,COINQVEST LLC,1.0,1.0,3,0,0,0,0
2019-07-28,Keybase,1.0,0.9982,3,0,0,0,0
2019-07-28,LOBSTR,1.0,1.0,5,0,0,0,0
2019-07-28,SatoshiPay,1.0,0.9982,3,0,0,0,0
2019-07-28,Stellar Development Foundation,1.0,1.0,3,0,0,0,0
2019-07-29,COINQVEST LLC,1.0,1.0,3,0,0,0,0
2019-07-29,Keybase,1.0,1.0,3,0,0,0,0
2019-07-29,LOBSTR,1.0,1.0,5,0,0,0,0
2019-07-29,SatoshiPay,1.0,1.0,3,0,0,0,0
2019-07-29,Stellar Development Foundation,1.0,1.0,3,0,0,0,0
2019-07-30,COINQVEST LLC,1.0,1.0,3,0,0,0,0
2019-07-30,Keybase,1.0,1.0,3,0,0,0,0
2019-07-30,LOBSTR,1.0,1.0,5,0,0,0,0
2019-07-30,SatoshiPay,1.0,1.0,3,0,0,0,0
2019-07-30,Stellar Development Foundation,1.0,1.0,3,0,0,0,0
2019-07-31,COINQVEST LLC,1.0,1.0,3,0,0,0,0
2019-07-31,Keybase,1.0,1.0,3,0,0,0,0
2019-07-31,LOBSTR,1.0,1.0,5,0,0,0,0
2019-07-31,SatoshiPay,1.0,1.0,3,0,0,0,0
2019-07-31,Stellar Development Foundation,1.0,1.0,3,0,0,0,0
2019-08-01,COINQVEST LLC,1.0,1.0,3,0,0,0,0
2019-08-01,Keybase,1.0,1.0,3,0,0,0,0
2019-08-01,LOBSTR,1.0,1.0,5,0,0,0,0
2019-08-01,SatoshiPay,1.0,1.0,3,0,0,0,0
2019-08-01,Stellar Development Foundation,1.0,1.0,3,0,0,0,0
2019-08-02,COINQVEST LLC,1.0,1.0,3,0,0,0,0
2019-08-02,Keybase,1.0,1.0,3,0,0,0,0
2019-08-02,LOBSTR,1.0,1.0,5,0,0,0,0
2019-08-02,SatoshiPay,1.0,1.0,3,0,0,0,0
2019-08-02,Stellar Development Foundation,1.0,1.0,3,0,0,0,0
2019-08-03,COINQVEST LLC,1.0,1.0,3,0,0,0,0
2019-08-03,Keybase,1.0,1.0,3,0,0,0,0
2019-08-03,LOBSTR,1.0,1.0,5,0,0,0,0
2019-08-03,SatoshiPay,1.0,1.0,3,0,0,0,0
2019-08-03,Stellar Development Foundation,1.0,1.0,3,0,0,0,0
2019-08-04,COINQVEST LLC,1.0,1.0,3,0,0,0,0
2019-08-04,Keybase,1.0,1.0,3,0,0,0,0
2019-08-04,LOBSTR,1.0,1.0,5,0,0,0,0
2019-08-04,SatoshiPay,1.0,1.0,3,0,0,0,0
2019-08-04,Stellar Development Foundation,1.0,1.0,3,0,0,0,0
2019-08-05,COINQVEST LLC,1.0,1.0,3,0,0,0,0
2019-08-05,Keybase,1.0,1.0,3,0,0,0,0
2019-08-05,LOBSTR,1.0,1.0,5,0,0,0,0
2019-08-05,SatoshiPay,1.0,1.0,3,0,0,0,0
2019-08-05,Stellar Development Foundation,1.0,1.0,3,0,0,0,0
2019-08-06,COINQVEST LLC,1.0,1.0,3,0,0,0,0
2019-08-06,Keybase,1.0,1.0,3,0,0,0,0
2019-08-06,LOBSTR,1.0,1.0,5,0,0,0,0
2019-08-06,SatoshiPay,1.0,1.0,3,0,0,0,0
2019-08-06,Stellar Development Foundation,1.0,1.0,3,0,0,0,0
2019-08-07,COINQVEST LLC,1.0,1.0,3,0,0,0,0
2019-08-07,Keybase,1.0,1.0,3,0,0,0,0
2019-08-07,LOBSTR,1.0,1.0,5,0,0,0,0
2019-08-07,SatoshiPay,1.0,1.0,3,0,0,0,0
2019-08-07,Stellar Development Foundation,1.0,1.0,3,0,0,0,0
2019-08-08,COINQVEST LLC,1.0,1.0,3,0,0,0,0
2019-08-08,Keybase,1.0,1.0,3,0,0,0,0
2019-08-08,LOBSTR,1.0,1.0,5,0,0,0,0
2019-08-08,SatoshiPay,1.0,1.0,3,0,0,0,0
2019-08-08,Stellar Development Foundation,1.0,1.0,3,0,0,0,0
2019-08-09,COINQVEST LLC,1.0,1.0,3,0,0,0,0
2019-08-09,Keybase,1.0,0.9981,3,0,0,0,0
2019-08-09,LOBSTR,1.0,1.0,5,0,0,0,0
2019-08-09,SatoshiPay,1.0,1.0,3,0,0,0,0
2019-08-09,Stellar Development Foundation,1.0,1.0,3,0,0,0,0
2019-08-10,COINQVEST LLC,1.0,1.0,3,0,0,0,0
2019-08-10,Keybase,1.0,1.0,3,0,0,0,0
2019-08-10,LOBSTR,1.0,1.0,5,0,0,0,0
2019-08-10,SatoshiPay,1.0,1.0,3,0,0,0,0
2019-08-10,Stellar Development Foundation,1.0,1.0,3,0,0,0,0
2019-08-11,COINQVEST LLC,1.0,1.0,3,0,0,0,0
2019-08-11,Keybase,1.0,1.0,3,0,0,0,0
2019-08-11,LOBSTR,1.0,1.0,5,0,0,0,0
2019-08-11,SatoshiPay,1.0,1.0,3,0,0,0,0
2019-08-11,Stellar Development Foundation,1.0,1.0,3,0,0,0,0
2019-08-12,COINQVEST LLC,1.0,1.0,3,0,0,0,0
2019-08-12,Keybase,1.0,0.9982,3,0,0,0,0
2019-08-12,LOBSTR,1.0,1.0,5,0,0,0,0
2019-08-12,SatoshiPay,1.0,1.0,3,0,0,0,0
2019-08-12,Stellar Development Foundation,1.0,1.0,3,0,0,0,0
2019-08-13,COINQVEST LLC,1.0,1.0,3,0,0,0,0
2019-08-13,Keybase,1.0,1.0,3,0,0,0,0
2019-08-13,LOBSTR,1.0,1.0,5,0,0,0,0
2019-08-13,SatoshiPay,1.0,0.9982,3,0,0,0,0
2019-08-13,Stellar Development Foundation,1.0,1.0,3,0,0,0,0
2019-08-14,COINQVEST LLC,1.0,1.0,3,0,0,0,0
2019-08-14,Keybase,1.0,1.0,3,0,0,0,0
2019-08-14,LOBSTR,1.0,1.0,5,0,0,0,0
2019-08-14,SatoshiPay,1.0,1.0,3,0,0,0,0
2019-08-14,Stellar Development Foundation,1.0,1.0,3,0,0,0,0
2019-08-15,COINQVEST LLC,1.0,1.0,3,0,0,0,0
2019-08-15,Keybase,1.0,1.0,3,0,0,0,0
2019-08-15,LOBSTR,1.0,1.0,5,0,0,0,0
2019-08-15,SatoshiPay,1.0,0.9982,3,0,0,0,0
2019-08-15,Stellar Development Foundation,1.0,1.0,3,0,0,0,0
2019-08-16,COINQVEST LLC,1.0,1.0,3,0,0,0,0
2019-08-16,Keybase,1.0,1.0,3,0,0,0,0
2019-08-16,LOBSTR,1.0,0.9982,5,0,0,0,0
2019-08-16,SatoshiPay,1.0,0.9982,3,0,0,0,0
2019-08-16,Stellar Development Foundation,1.0,1.0,3,0,0,0,0
2019-08-17,COINQVEST LLC,1.0,1.0,3,0,0,0,0
2019-08-17,Keybase,1.0,1.0,3,0,0,0,0
2019-08-17,LOBSTR,1.0,0.9982,5,0,0,0,0
2019-08-17,SatoshiPay,1.0,1.0,3,0,0,0,0
2019-08-17,Stellar Development Foundation,1.0,1.0,3,0,0,0,0
2019-08-18,COINQVEST LLC,1.0,1.0,3,0,0,0,0
2019-08-18,Keybase,1.0,1.0,3,0,0,0,0
2019-08-18,LOBSTR,1.0,0.9927,5,0,0,0,0
2019-08-18,SatoshiPay,1.0,1.0,3,0,0,0,0
2019-08-18,Stellar Development Foundation,1.0,1.0,3,0,0,0,0
2019-08-19,COINQVEST LLC,1.0,1.0,3,0,0,0,0
2019-08-19,Keybase,1.0,1.0,3,0,0,0,0
2019-08-19,LOBSTR,1.0,0.9981,5,0,0,0,0
2019-08-19,SatoshiPay,1.0,1.0,3,0,0,0,0
2019-08-19,Stellar Development Foundation,1.0,1.0,3,0,0,0,0
2019-08-20,COINQVEST LLC,1.0,1.0,3,0,0,0,0
2019-08-20,Keybase,1.0,1.0,3,0,0,0,0
2019-08-20,LOBSTR,1.0,0.9981,5,0,0,0,0
2019-08-20,SatoshiPay,1.0,1.0,3,0,0,0,0
2019-08-20,Stellar Development Foundation,1.0,1.0,3,0,0,0,0
2019-08-21,COINQVEST LLC,1.0,1.0,3,0,0,0,0
2019-08-21,Keybase,1.0,1.0,3,0,0,0,0
2019-08-21,LOBSTR,1.0,0.9981,5,0,0,0,0
2019-08-21,SatoshiPay,1.0,1.0,3,0,0,0,0
2019-08-21,Stellar Development Foundation,1.0,1.0,3,0,0,0,0
2019-08-22,COINQVEST LLC,1.0,1.0,3,0,0,0,0
2019-08-22,Keybase,1.0,1.0,3,0,0,0,0
2019-08-22,LOBSTR,1.0,1.0,5,0,0,0,0
2019-08-22,SatoshiPay,1.0,0.998,3,0,0,0,0
2019-08-22,Stellar Development Foundation,1.0,1.0,3,0,0,0,0
2019-08-23,COINQVEST LLC,1.0,1.0,3,0,0,0,0
2019-08-23,Keybase,1.0,0.9979,3,0,0,0,0
2019-08-23,LOBSTR,1.0,1.0,5,0,0,0,0
2019-08-23,SatoshiPay,1.0,1.0,3,0,0,0,0
2019-08-23,Stellar Development Foundation,1.0,1.0,3,0,0,0,0
2019-08-24,COINQVEST LLC,1.0,1.0,3,0,0,0,0
2019-08-24,Keybase,1.0,1.0,3,0,0,0,0
2019-08-24,LOBSTR,1.0,1.0,5,0,0,0,0
2019-08-24,SatoshiPay,1.0,1.0,3,0,0,0,0
2019-08-24,Stellar Development Foundation,1.0,1.0,3,0,0,0,0
2019-08-25,COINQVEST LLC,1.0,1.0,3,0,0,0,0
2019-08-25,Keybase,1.0,1.0,3,0,0,0,0
2019-08-25,LOBSTR,1.0,0.9981,5,0,0,0,0
2019-08-25,SatoshiPay,1.0,1.0,3,0,0,0,0
2019-08-25,Stellar Development Foundation,1.0,1.0,3,0,0,0,0
2019-08-26,COINQVEST LLC,1.0,1.0,3,0,0,0,0
2019-08-26,Keybase,1.0,1.0,3,0,0,0,0
2019-08-26,LOBSTR,1.0,1.0,5,0,0,0,0
2019-08-26,SatoshiPay,1.0,0.9961,3,0,0,0,0
2019-08-26,Stellar Development Foundation,1.0,1.0,3,0,0,0,0
2019-08-27,COINQVEST LLC,1.0,1.0,3,0,0,0,0
2019-08-27,Keybase,1.0,0.998,3,0,0,0,0
2019-08-27,LOBSTR,1.0,0.998,5,0,0,0,0
2019-08-27,SatoshiPay,1.0,0.998,3,0,0,0,0
2019-08-27,Stellar Development Foundation,1.0,1.0,3,0,0,0,0
2019-08-28,COINQVEST LLC,1.0,1.0,3,0,0,0,0
2019-08-28,Keybase,1.0,1.0,3,0,0,0,0
2019-08-28,LOBSTR,1.0,1.0,5,0,0,0,0
2019-08-28,SatoshiPay,1.0,1.0,3,0,0,0,0
2019-08-28,Stellar Development Foundation,1.0,0.9977,3,0,0,0,0
2019-08-29,COINQVEST LLC,1.0,1.0,3,0,0,0,0
2019-08-29,Keybase,1.0,1.0,3,0,0,0,0
2019-08-29,LOBSTR,1.0,0.9981,5,0,0,0,0
2019-08-29,SatoshiPay,1.0,1.0,3,0,0,0,0
2019-08-29,Stellar Development Foundation,1.0,1.0,3,0,0,0,0
2019-08-30,COINQVEST LLC,1.0,1.0,3,0,0,0,0
2019-08-30,Keybase,1.0,0.9981,3,0,0,0,0
2019-08-30,LOBSTR,1.0,1.0,5,0,0,0,0
2019-08-30,SatoshiPay,1.0,1.0,3,0,0,0,0
2019-08-30,Stellar Development Foundation,1.0,1.0,3,0,0,0,0
2019-08-31,COINQVEST LLC,1.0,0.9981,3,0,0,0,0
2019-08-31,Keybase,1.0,0.5291,3,1,0,0,0
2019-08-31,LOBSTR,1.0,1.0,5,0,0,0,0
2019-08-31,SatoshiPay,1.0,0.9981,3,0,0,0,0
2019-08-31,Stellar Development Foundation,1.0,1.0,3,0,0,0,0
2019-09-01,COINQVEST LLC,1.0,1.0,3,0,0,0,0
2019-09-01,Keybase,1.0,0.0,3,1,0,1,0
2019-09-01,LOBSTR,1.0,0.3779,5,1,0,0,0
2019-09-01,SatoshiPay,1.0,1.0,3,0,0,0,0
2019-09-01,Stellar Development Foundation,1.0,1.0,3,0,0,0,0
2019-09-02,COINQVEST LLC,1.0,1.0,3,0,0,0,0
2019-09-02,Keybase,1.0,0.0,3,1,0,1,0
2019-09-02,LOBSTR,1.0,0.0,5,1,0,1,0
2019-09-02,SatoshiPay,1.0,1.0,3,0,0,0,0
2019-09-02,Stellar Development Foundation,1.0,1.0,3,0,0,0,0
2019-09-03,COINQVEST LLC,1.0,1.0,3,0,0,0,0
2019-09-03,Keybase,1.0,0.0,3,1,0,1,0
2019-09-03,LOBSTR,1.0,0.0,5,1,0,1,0
2019-09-03,SatoshiPay,1.0,1.0,3,0,0,0,0
2019-09-03,Stellar Development Foundation,1.0,1.0,3,0,0,0,0
2019-09-04,COINQVEST LLC,1.0,1.0,3,0,0,0,0
2019-09-04,Keybase,1.0,0.0,3,1,0,1,0
2019-09-04,LOBSTR,1.0,0.0,5,1,0,1,0
2019-09-04,SatoshiPay,1.0,1.0,3,0,0,0,0
2019-09-04,Stellar Development Foundation,1.0,1.0,3,0,0,0,0
2019-09-05,COINQVEST LLC,1.0,1.0,3,0,0,0,0
2019-09-05,Keybase,1.0,0.9882,3,0,0,0,0
2019-09-05,LOBSTR,1.0,0.0,5,1,0,1,0
2019-09-05,SatoshiPay,1.0,1.0,3,0,0,0,0
2019-09-05,Stellar Development Foundation,1.0,1.0,3,0,0,0,0
2019-09-06,COINQVEST LLC,1.0,1.0,3,0,0,0,0
2019-09-06,Keybase,1.0,1.0,3,0,0,0,0
2019-09-06,LOBSTR,1.0,0.0,5,1,0,1,0
2019-09-06,SatoshiPay,1.0,0.9844,3,0,0,0,0
2019-09-06,Stellar Development Foundation,1.0,0.998,3,0,0,0,0
2019-09-07,COINQVEST LLC,1.0,1.0,3,0,0,0,0
2019-09-07,Keybase,1.0,1.0,3,0,0,0,0
2019-09-07,LOBSTR,1.0,0.0,5,1,0,1,0
2019-09-07,SatoshiPay,1.0,1.0,3,0,0,0,0
2019-09-07,Stellar Development Foundation,1.0,1.0,3,0,0,0,0
2019-09-08,COINQVEST LLC,1.0,1.0,3,0,0,0,0
2019-09-08,Keybase,1.0,1.0,3,0,0,0,0
2019-09-08,LOBSTR,1.0,0.0,5,1,0,1,0
2019-09-08,SatoshiPay,1.0,1.0,3,0,0,0,0
2019-09-08,Stellar Development Foundation,1.0,1.0,3,0,0,0,0
2019-09-09,COINQVEST LLC,1.0,1.0,3,0,0,0,0
2019-09-09,Keybase,1.0,1.0,3,0,0,0,0
2019-09-09,LOBSTR,1.0,0.0,5,1,0,1,0
2019-09-09,SatoshiPay,1.0,1.0,3,0,0,0,0
2019-09-09,Stellar Development Foundation,1.0,1.0,3,0,0,0,0
2019-09-10,COINQVEST LLC,1.0,1.0,3,0,0,0,0
2019-09-10,Keybase,1.0,1.0,3,0,0,0,0
2019-09-10,LOBSTR,1.0,0.0,5,1,0,1,0
2019-09-10,SatoshiPay,1.0,1.0,3,0,0,0,0
2019-09-10,Stellar Development Foundation,1.0,1.0,3,0,0,0,0
2019-09-11,COINQVEST LLC,1.0,1.0,3,0,0,0,0
2019-09-11,Keybase,1.0,1.0,3,0,0,0,0
2019-09-11,LOBSTR,1.0,0.0,5,1,0,1,0
2019-09-11,SatoshiPay,1.0,1.0,3,0,0,0,0
2019-09-11,Stellar Development Foundation,1.0,1.0,3,0,0,0,0
2019-09-12,COINQVEST LLC,1.0,1.0,3,0,0,0,0
2019-09-12,Keybase,1.0,1.0,3,0,0,0,0
2019-09-12,LOBSTR,1.0,0.0,5,1,0,1,0
2019-09-12,SatoshiPay,1.0,1.0,3,0,0,0,0
2019-09-12,Stellar Development Foundation,1.0,1.0,3,0,0,0,0
2019-09-13,COINQVEST LLC,1.0,1.0,3,0,0,0,0
2019-09-13,Keybase,1.0,1.0,3,0,0,0,0
2019-09-13,LOBSTR,1.0,0.0,5,1,0,1,0
2019-09-13,SatoshiPay,1.0,1.0,3,0,0,0,0
2019-09-13,Stellar Development Foundation,1.0,1.0,3,0,0,0,0
2019-09-14,COINQVEST LLC,1.0,1.0,3,0,0,0,0
2019-09-14,Keybase,1.0,1.0,3,0,0,0,0
2019-09-14,LOBSTR,1.0,0.0,5,1,0,1,0
2019-09-14,SatoshiPay,1.0,0.998,3,0,0,0,0
2019-09-14,Stellar Development Foundation,1.0,1.0,3,0,0,0,0
2019-09-15,COINQVEST LLC,1.0,1.0,3,0,0,0,0
2019-09-15,Keybase,1.0,1.0,3,0,0,0,0
2019-09-15,LOBSTR,1.0,0.0,5,1,0,1,0
2019-09-15,SatoshiPay,1.0,1.0,3,0,0,0,0
2019-09-15,Stellar Development Foundation,1.0,1.0,3,0,0,0,0
2019-09-16,COINQVEST LLC,1.0,1.0,3,0,0,0,0
2019-09-16,Keybase,1.0,1.0,3,0,0,0,0
2019-09-16,LOBSTR,1.0,0.0,5,1,0,1,0
2019-09-16,SatoshiPay,1.0,1.0,3,0,0,0,0
2019-09-16,Stellar Development Foundation,1.0,1.0,3,0,0,0,0
2019-09-17,COINQVEST LLC,1.0,1.0,3,0,0,0,0
2019-09-17,Keybase,1.0,1.0,3,0,0,0,0
2019-09-17,LOBSTR,1.0,0.0,5,1,0,1,0
2019-09-17,SatoshiPay,1.0,0.998,3,0,0,0,0
2019-09-17,Stellar Development Foundation,1.0,1.0,3,0,0,0,0
2019-09-18,COINQVEST LLC,1.0,1.0,3,0,0,0,0
2019-09-18,Keybase,1.0,1.0,3,0,0,0,0
2019-09-18,LOBSTR,1.0,0.0,5,1,0,1,0
2019-09-18,SatoshiPay,1.0,1.0,3,0,0,0,0
2019-09-18,Stellar Development Foundation,1.0,1.0,3,0,0,0,0
2019-09-19,COINQVEST LLC,1.0,1.0,3,0,0,0,0
2019-09-19,Keybase,1.0,1.0,3,0,0,0,0
2019-09-19,LOBSTR,1.0,0.0,5,1,0,1,0
2019-09-19,SatoshiPay,1.0,1.0,3,0,0,0,0
2019-09-19,Stellar Development Foundation,1.0,1.0,3,0,0,0,0
2019-09-20,COINQVEST LLC,1.0,1.0,3,0,0,0,0
2019-09-20,Keybase,1.0,0.998,3,0,0,0,0
2019-09-20,LOBSTR,1.0,0.0,5,1,0,1,0
2019-09-20,SatoshiPay,1.0,0.998,3,0,0,0,0
2019-09-20,Stellar Development Foundation,1.0,1.0,3,0,0,0,0
2019-09-21,COINQVEST LLC,1.0,1.0,3,0,0,0,0
2019-09-21,Keybase,1.0,1.0,3,0,0,0,0
2019-09-21,LOBSTR,1.0,0.0,5,1,0,1,0
2019-09-21,SatoshiPay,1.0,1.0,3,0,0,0,0
2019-09-21,Stellar Development Foundation,1.0,1.0,3,0,0,0,0
2019-09-22,COINQVEST LLC,1.0,1.0,3,0,0,0,0
2019-09-22,Keybase,1.0,1.0,3,0,0,0,0
2019-09-22,LOBSTR,1.0,0.0,5,1,0,1,0
2019-09-22,SatoshiPay,1.0,1.0,3,0,0,0,0
2019-09-22,Stellar Development Foundation,1.0,1.0,3,0,0,0,0
2019-09-23,COINQVEST LLC,1.0,1.0,3,0,0,0,0
2019-09-23,Keybase,1.0,1.0,3,0,0,0,0
2019-09-23,LOBSTR,1.0,0.0,5,1,0,1,0
2019-09-23,SatoshiPay,1.0,1.0,3,0,0,0,0
2019-09-23,Stellar Development Foundation,1.0,1.0,3,0,0,0,0
2019-09-24,COINQVEST LLC,1.0,1.0,3,0,0,0,0
2019-09-24,Keybase,1.0,1.0,3,0,0,0,0
2019-09-24,LOBSTR,1.0,0.3386,5,1,0,0,0
2019-09-24,SatoshiPay,1.0,1.0,3,0,0,0,0
2019-09-24,Stellar Development Foundation,1.0,1.0,3,0,0,0,0
2019-09-25,COINQVEST LLC,1.0,1.0,3,0,0,0,0
2019-09-25,Keybase,1.0,1.0,3,0,0,0,0
2019-09-25,LOBSTR,1.0,1.0,5,0,0,0,0
2019-09-25,SatoshiPay,1.0,1.0,3,0,0,0,0
2019-09-25,Stellar Development Foundation,1.0,1.0,3,0,0,0,0
2019-09-26,COINQVEST LLC,1.0,1.0,3,0,0,0,0
2019-09-26,Keybase,1.0,1.0,3,0,0,0,0
2019-09-26,LOBSTR,1.0,1.0,5,0,0,0,0
2019-09-26,SatoshiPay,1.0,1.0,3,0,0,0,0
2019-09-26,Stellar Development Foundation,1.0,1.0,3,0,0,0,0
2019-09-27,COINQVEST LLC,1.0,1.0,3,0,0,0,0
2019-09-27,Keybase,1.0,1.0,3,0,0,0,0
2019-09-27,LOBSTR,1.0,1.0,5,0,0,0,0
2019-09-27,SatoshiPay,1.0,0.9979,3,0,0,0,0
2019-09-27,Stellar Development Foundation,1.0,1.0,3,0,0,0,0
2019-09-28,COINQVEST LLC,1.0,1.0,3,0,0,0,0
2019-09-28,Keybase,1.0,1.0,3,0,0,0,0
2019-09-28,LOBSTR,1.0,1.0,5,0,0,0,0
2019-09-28,SatoshiPay,1.0,1.0,3,0,0,0,0
2019-09-28,Stellar Development Foundation,1.0,1.0,3,0,0,0,0
2019-09-29,COINQVEST LLC,1.0,1.0,3,0,0,0,0
2019-09-29,Keybase,1.0,1.0,3,0,0,0,0
2019-09-29,LOBSTR,1.0,1.0,5,0,0,0,0
2019-09-29,SatoshiPay,1.0,1.0,3,0,0,0,0
2019-09-29,Stellar Development Foundation,1.0,1.0,3,0,0,0,0
2019-09-30,COINQVEST LLC,1.0,1.0,3,0,0,0,0
2019-09-30,Keybase,1.0,1.0,3,0,0,0,0
2019-09-30,LOBSTR,1.0,0.998,5,0,0,0,0
2019-09-30,SatoshiPay,1.0,0.998,3,0,0,0,0
2019-09-30,Stellar Development Foundation,1.0,1.0,3,0,0,0,0
2019-10-01,COINQVEST LLC,1.0,1.0,3,0,0,0,0
2019-10-01,Keybase,1.0,1.0,3,0,0,0,0
2019-10-01,LOBSTR,1.0,0.9918,5,0,0,0,0
2019-10-01,SatoshiPay,1.0,1.0,3,0,0,0,0
2019-10-01,Stellar Development Foundation,1.0,0.9979,3,0,0,0,0
2019-10-02,COINQVEST LLC,1.0,1.0,3,0,0,0,0
2019-10-02,Keybase,1.0,1.0,3,0,0,0,0
2019-10-02,LOBSTR,1.0,0.5189,5,1,0,0,0
2019-10-02,SatoshiPay,1.0,1.0,3,0,0,0,0
2019-10-02,Stellar Development Foundation,1.0,1.0,3,0,0,0,0
2019-10-03,COINQVEST LLC,1.0,0.998,3,0,0,0,0
2019-10-03,Keybase,1.0,1.0,3,0,0,0,0
2019-10-03,LOBSTR,1.0,0.6039,5,1,0,0,0
2019-10-03,SatoshiPay,1.0,1.0,3,0,0,0,0
2019-10-03,Stellar Development Foundation,1.0,1.0,3,0,0,0,0
2019-10-04,COINQVEST LLC,1.0,1.0,3,0,0,0,0
2019-10-04,Keybase,1.0,0.998,3,0,0,0,0
2019-10-04,LOBSTR,1.0,0.998,5,0,0,0,0
2019-10-04,SatoshiPay,1.0,0.9959,3,0,0,0,0
2019-10-04,Stellar Development Foundation,1.0,1.0,3,0,0,0,0
2019-10-05,COINQVEST LLC,1.0,1.0,3,0,0,0,0
2019-10-05,Keybase,1.0,1.0,3,0,0,0,0
2019-10-05,LOBSTR,1.0,0.9979,5,0,0,0,0
2019-10-05,SatoshiPay,1.0,0.9979,3,0,0,0,0
2019-10-05,Stellar Development Foundation,1.0,1.0,3,0,0,0,0
2019-10-06,COINQVEST LLC,1.0,1.0,3,0,0,0,0
2019-10-06,Keybase,1.0,1.0,3,0,0,0,0
2019-10-06,LOBSTR,1.0,0.9979,5,0,0,0,0
2019-10-06,SatoshiPay,1.0,0.9979,3,0,0,0,0
2019-10-06,Stellar Development Foundation,0.9979,0.9979,3,0,0,0,0
2019-10-07,COINQVEST LLC,1.0,0.9958,3,0,0,0,0
2019-10-07,Keybase,1.0,0.9979,3,0,0,0,0
2019-10-07,LOBSTR,1.0,0.9895,5,0,0,0,0
2019-10-07,SatoshiPay,1.0,0.9874,3,0,0,0,0
2019-10-07,Stellar Development Foundation,1.0,0.9958,3,0,0,0,0
2019-10-08,COINQVEST LLC,1.0,0.9979,3,0,0,0,0
2019-10-08,Keybase,1.0,0.9938,3,0,0,0,0
2019-10-08,LOBSTR,1.0,0.9692,5,0,0,0,0
2019-10-08,SatoshiPay,0.9979,0.9795,3,0,0,0,0
2019-10-08,Stellar Development Foundation,0.9959,0.9897,3,0,0,0,0
2019-10-09,COINQVEST LLC,1.0,0.9978,3,0,0,0,0
2019-10-09,Keybase,1.0,0.9935,3,0,0,0,0
2019-10-09,LOBSTR,1.0,0.9847,5,0,0,0,0
2019-10-09,SatoshiPay,1.0,0.9869,3,0,0,0,0
2019-10-09,Stellar Development Foundation,1.0,0.9956,3,0,0,0,0
2019-10-10,COINQVEST LLC,1.0,1.0,3,0,0,0,0
2019-10-10,Keybase,1.0,0.998,3,0,0,0,0
2019-10-10,LOBSTR,1.0,1.0,5,0,0,0,0
2019-10-10,SatoshiPay,1.0,0.992,3,0,0,0,0
2019-10-10,Stellar Development Foundation,1.0,1.0,3,0,0,0,0
2019-10-11,COINQVEST LLC,1.0,1.0,3,0,0,0,0
2019-10-11,Keybase,1.0,1.0,3,0,0,0,0
2019-10-11,LOBSTR,1.0,0.998,5,0,0,0,0
2019-10-11,SatoshiPay,1.0,0.998,3,0,0,0,0
2019-10-11,Stellar Development Foundation,1.0,1.0,3,0,0,0,0
2019-10-12,COINQVEST LLC,1.0,1.0,3,0,0,0,0
2019-10-12,Keybase,1.0,0.9979,3,0,0,0,0
2019-10-12,LOBSTR,1.0,0.9959,5,0,0,0,0
2019-10-12,SatoshiPay,0.9979,0.9836,3,0,0,0,0
2019-10-12,Stellar Development Foundation,1.0,1.0,3,0,0,0,0
2019-10-13,COINQVEST LLC,1.0,1.0,3,0,0,0,0
2019-10-13,Keybase,1.0,0.998,3,0,0,0,0
2019-10-13,LOBSTR,1.0,1.0,5,0,0,0,0
2019-10-13,SatoshiPay,1.0,0.9918,3,0,0,0,0
2019-10-13,Stellar Development Foundation,1.0,1.0,3,0,0,0,0
2019-10-14,COINQVEST LLC,1.0,1.0,3,0,0,0,0
2019-10-14,Keybase,1.0,0.998,3,0,0,0,0
2019-10-14,LOBSTR,1.0,0.998,5,0,0,0,0
2019-10-14,SatoshiPay,1.0,0.9919,3,0,0,0,0
2019-10-14,Stellar Development Foundation,1.0,1.0,3,0,0,0,0
2019-10-15,COINQVEST LLC,1.0,1.0,3,0,0,0,0
2019-10-15,Keybase,1.0,0.9957,3,0,0,0,0
2019-10-15,LOBSTR,1.0,0.9252,5,0,0,0,0
2019-10-15,SatoshiPay,1.0,0.9915,3,0,0,0,0
2019-10-15,Stellar Development Foundation,1.0,0.9979,3,0,0,0,0
2019-10-16,COINQVEST LLC,1.0,1.0,3,0,0,0,0
2019-10-16,Keybase,1.0,1.0,3,0,0,0,0
2019-10-16,LOBSTR,1.0,1.0,5,0,0,0,0
2019-10-16,SatoshiPay,1.0,0.9958,3,0,0,0,0
2019-10-16,Stellar Development Foundation,1.0,1.0,3,0,0,0,0
2019-10-17,COINQVEST LLC,1.0,0.9978,3,0,0,0,0
2019-10-17,Keybase,1.0,0.9978,3,0,0,0,0
2019-10-17,LOBSTR,1.0,0.9957,5,0,0,0,0
2019-10-17,SatoshiPay,0.9935,0.9656,3,0,0,0,0
2019-10-17,Stellar Development Foundation,1.0,0.9978,3,0,0,0,0
2019-10-18,COINQVEST LLC,1.0,1.0,3,0,0,0,0
2019-10-18,Keybase,1.0,0.9957,3,0,0,0,0
2019-10-18,LOBSTR,1.0,0.97,5,0,0,0,0
2019-10-18,SatoshiPay,0.9936,0.9679,3,0,0,0,0
2019-10-18,Stellar Development Foundation,1.0,0.9914,3,0,0,0,0
2019-10-19,COINQVEST LLC,1.0,1.0,3,0,0,0,0
2019-10-19,Keybase,1.0,0.9978,3,0,0,0,0
2019-10-19,LOBSTR,1.0,0.9956,5,0,0,0,0
2019-10-19,SatoshiPay,1.0,0.9868,3,0,0,0,0
2019-10-19,Stellar Development Foundation,1.0,0.9956,3,0,0,0,0
2019-10-20,COINQVEST LLC,1.0,0.9957,3,0,0,0,0
2019-10-20,Keybase,0.9978,0.9914,3,0,0,0,0
2019-10-20,LOBSTR,1.0,0.9914,5,0,0,0,0
2019-10-20,SatoshiPay,0.9957,0.9525,3,0,0,0,0
2019-10-20,Stellar Development Foundation,0.9978,0.9892,3,0,0,0,0
2019-10-21,COINQVEST LLC,1.0,1.0,3,0,0,0,0
2019-10-21,Keybase,1.0,0.9912,3,0,0,0,0
2019-10-21,LOBSTR,1.0,0.9934,5,0,0,0,0
2019-10-21,SatoshiPay,1.0,0.989,3,0,0,0,0
2019-10-21,Stellar Development Foundation,1.0,0.9956,3,0,0,0,0
2019-10-22,COINQVEST LLC,1.0,1.0,3,0,0,0,0
2019-10-22,Keybase,1.0,1.0,3,0,0,0,0
2019-10-22,LOBSTR,1.0,0.9908,5,0,0,0,0
2019-10-22,SatoshiPay,1.0,0.9954,3,0,0,0,0
2019-10-22,Stellar Development Foundation,1.0,0.9977,3,0,0,0,0
2019-10-23,COINQVEST LLC,1.0,1.0,3,0,0,0,0
2019-10-23,Keybase,1.0,0.9976,3,0,0,0,0
2019-10-23,LOBSTR,1.0,0.9905,5,0,0,0,0
2019-10-23,SatoshiPay,1.0,0.9953,3,0,0,0,0
2019-10-23,Stellar Development Foundation,1.0,1.0,3,0,0,0,0
2019-10-24,COINQVEST LLC,1.0,1.0,3,0,0,0,0
2019-10-24,Keybase,1.0,1.0,3,0,0,0,0
2019-10-24,LOBSTR,1.0,1.0,5,0,0,0,0
2019-10-24,SatoshiPay,1.0,0.9978,3,0,0,0,0
2019-10-24,Stellar Development Foundation,1.0,1.0,3,0,0,0,0
2019-10-25,COINQVEST LLC,1.0,1.0,3,0,0,0,0
2019-10-25,Keybase,1.0,1.0,3,0,0,0,0
2019-10-25,LOBSTR,1.0,1.0,5,0,0,0,0
2019-10-25,SatoshiPay,1.0,1.0,3,0,0,0,0
2019-10-25,Stellar Development Foundation,1.0,1.0,3,0,0,0,0
2019-10-26,COINQVEST LLC,1.0,1.0,3,0,0,0,0
2019-10-26,Keybase,1.0,0.9978,3,0,0,0,0
2019-10-26,LOBSTR,1.0,0.9957,5,0,0,0,0
2019-10-26,SatoshiPay,1.0,0.987,3,0,0,0,0
2019-10-26,Stellar Development Foundation,1.0,0.9957,3,0,0,0,0
2019-10-27,COINQVEST LLC,1.0,0.9978,3,0,0,0,0
2019-10-27,Keybase,1.0,1.0,3,0,0,0,0
2019-10-27,LOBSTR,1.0,1.0,5,0,0,0,0
2019-10-27,SatoshiPay,0.9978,0.9956,3,0,0,0,0
2019-10-27,Stellar Development Foundation,1.0,1.0,3,0,0,0,0
2019-10-28,COINQVEST LLC,1.0,0.9978,3,0,0,0,0
2019-10-28,Keybase,1.0,0.9978,3,0,0,0,0
2019-10-28,LOBSTR,1.0,0.9978,5,0,0,0,0
2019-10-28,SatoshiPay,1.0,0.9847,3,0,0,0,0
2019-10-28,Stellar Development Foundation,1.0,0.9978,3,0,0,0,0
2019-10-29,COINQVEST LLC,1.0,1.0,3,0,0,0,0
2019-10-29,Keybase,1.0,0.9978,3,0,0,0,0
2019-10-29,LOBSTR,1.0,1.0,5,0,0,0,0
2019-10-29,SatoshiPay,1.0,0.9978,3,0,0,0,0
2019-10-29,Stellar Development Foundation,1.0,1.0,3,0,0,0,0
2019-10-30,Blockdaemon Inc.,1.0,1.0,3,0,0,0,0
2019-10-30,COINQVEST LLC,1.0,0.9886,3,0,0,0,0
2019-10-30,Keybase,1.0,1.0,3,0,0,0,0
2019-10-30,LOBSTR,1.0,0.9954,5,0,0,0,0
2019-10-30,SatoshiPay,1.0,0.9977,3,0,0,0,0
2019-10-30,Stellar Development Foundation,1.0,1.0,3,0,0,0,0
2019-10-31,Blockdaemon Inc.,1.0,1.0,3,0,0,0,0
2019-10-31,COINQVEST LLC,1.0,1.0,3,0,0,0,0
2019-10-31,Keybase,1.0,1.0,3,0,0,0,0
2019-10-31,LOBSTR,1.0,0.9834,5,0,0,0,0
2019-10-31,SatoshiPay,1.0,1.0,3,0,0,0,0
2019-10-31,Stellar Development Foundation,1.0,1.0,3,0,0,0,0
2019-11-01,Blockdaemon Inc.,1.0,1.0,3,0,0,0,0
2019-11-01,COINQVEST LLC,1.0,1.0,3,0,0,0,0
2019-11-01,Keybase,1.0,0.9976,3,0,0,0,0
2019-11-01,LOBSTR,1.0,0.658,5,1,0,0,0
2019-11-01,SatoshiPay,1.0,0.9952,3,0,0,0,0
2019-11-01,Stellar Development Foundation,1.0,1.0,3,0,0,0,0
2019-11-02,Blockdaemon Inc.,1.0,1.0,3,0,0,0,0
2019-11-02,COINQVEST LLC,1.0,1.0,3,0,0,0,0
2019-11-02,Keybase,1.0,1.0,3,0,0,0,0
2019-11-02,LOBSTR,1.0,0.9427,5,0,0,0,0
2019-11-02,SatoshiPay,1.0,0.9928,3,0,0,0,0
2019-11-02,Stellar Development Foundation,1.0,1.0,3,0,0,0,0
2019-11-03,Blockdaemon Inc.,1.0,1.0,3,0,0,0,0
2019-11-03,COINQVEST LLC,1.0,1.0,3,0,0,0,0
2019-11-03,Keybase,1.0,1.0,3,0,0,0,0
2019-11-03,LOBSTR,1.0,0.8926,5,1,0,0,0
2019-11-03,SatoshiPay,1.0,0.9905,3,0,0,0,0
2019-11-03,Stellar Development Foundation,1.0,1.0,3,0,0,0,0
2019-11-04,Blockdaemon Inc.,1.0,1.0,3,0,0,0,0
2019-11-04,COINQVEST LLC,1.0,1.0,3,0,0,0,0
2019-11-04,Keybase,1.0,1.0,3,0,0,0,0
2019-11-04,LOBSTR,1.0,0.9647,5,0,0,0,0
2019-11-04,SatoshiPay,1.0,0.9906,3,0,0,0,0
2019-11-04,Stellar Development Foundation,1.0,1.0,3,0,0,0,0
2019-11-05,Blockdaemon Inc.,1.0,1.0,3,0,0,0,0
2019-11-05,COINQVEST LLC,1.0,1.0,3,0,0,0,0
2019-11-05,Keybase,1.0,1.0,3,0,0,0,0
2019-11-05,LOBSTR,1.0,0.9904,5,0,0,0,0
2019-11-05,SatoshiPay,1.0,0.9928,3,0,0,0,0
2019-11-05,Stellar Development Foundation,1.0,1.0,3,0,0,0,0
2019-11-06,Blockdaemon Inc.,1.0,1.0,3,0,0,0,0
2019-11-06,COINQVEST LLC,1.0,1.0,3,0,0,0,0
2019-11-06,Keybase,1.0,1.0,3,0,0,0,0
2019-11-06,LOBSTR,1.0,0.9739,5,0,0,0,0
2019-11-06,SatoshiPay,1.0,0.9834,3,0,0,0,0
2019-11-06,Stellar Development Foundation,1.0,1.0,3,0,0,0,0
2019-11-07,Blockdaemon Inc.,1.0,1.0,3,0,0,0,0
2019-11-07,COINQVEST LLC,1.0,1.0,3,0,0,0,0
2019-11-07,Keybase,1.0,1.0,3,0,0,0,0
2019-11-07,LOBSTR,1.0,0.9953,5,0,0,0,0
2019-11-07,SatoshiPay,1.0,0.9977,3,0,0,0,0
2019-11-07,Stellar Development Foundation,1.0,1.0,3,0,0,0,0
2019-11-08,Blockdaemon Inc.,1.0,1.0,3,0,0,0,0
2019-11-08,COINQVEST LLC,1.0,1.0,3,0,0,0,0
2019-11-08,Keybase,1.0,1.0,3,0,0,0,0
2019-11-08,LOBSTR,1.0,0.9929,5,0,0,0,0
2019-11-08,SatoshiPay,1.0,0.9953,3,0,0,0,0
2019-11-08,Stellar Development Foundation,1.0,1.0,3,0,0,0,0
2019-11-09,Blockdaemon Inc.,1.0,1.0,3,0,0,0,0
2019-11-09,COINQVEST LLC,1.0,1.0,3,0,0,0,0
2019-11-09,Keybase,1.0,1.0,3,0,0,0,0
2019-11-09,LOBSTR,1.0,0.9883,5,0,0,0,0
2019-11-09,SatoshiPay,1.0,1.0,3,0,0,0,0
2019-11-09,Stellar Development Foundation,1.0,1.0,3,0,0,0,0
2019-11-10,Blockdaemon Inc.,1.0,1.0,3,0,0,0,0
2019-11-10,COINQVEST LLC,1.0,1.0,3,0,0,0,0
2019-11-10,Keybase,1.0,1.0,3,0,0,0,0
2019-11-10,LOBSTR,1.0,0.9908,5,0,0,0,0
2019-11-10,SatoshiPay,1.0,0.9954,3,0,0,0,0
2019-11-10,Stellar Development Foundation,1.0,1.0,3,0,0,0,0
2019-11-11,Blockdaemon Inc.,1.0,1.0,3,0,0,0,0
2019-11-11,COINQVEST LLC,1.0,1.0,3,0,0,0,0
2019-11-11,Keybase,1.0,0.9978,3,0,0,0,0
2019-11-11,LOBSTR,1.0,0.9955,5,0,0,0,0
2019-11-11,SatoshiPay,1.0,1.0,3,0,0,0,0
2019-11-11,Stellar Development Foundation,1.0,1.0,3,0,0,0,0
2019-11-12,Blockdaemon Inc.,1.0,1.0,3,0,0,0,0
2019-11-12,COINQVEST LLC,1.0,1.0,3,0,0,0,0
2019-11-12,Keybase,1.0,0.9756,3,0,0,0,0
2019-11-12,LOBSTR,1.0,0.9889,5,0,0,0,0
2019-11-12,SatoshiPay,1.0,0.9911,3,0,0,0,0
2019-11-12,Stellar Development Foundation,1.0,1.0,3,0,0,0,0
2019-11-13,Blockdaemon Inc.,1.0,1.0,3,0,0,0,0
2019-11-13,COINQVEST LLC,1.0,1.0,3,0,0,0,0
2019-11-13,Keybase,1.0,1.0,3,0,0,0,0
2019-11-13,LOBSTR,1.0,0.9868,5,0,0,0,0
2019-11-13,SatoshiPay,1.0,1.0,3,0,0,0,0
2019-11-13,Stellar Development Foundation,1.0,1.0,3,0,0,0,0
2019-11-14,Blockdaemon Inc.,1.0,1.0,3,0,0,0,0
2019-11-14,COINQVEST LLC,1.0,0.9978,3,0,0,0,0
2019-11-14,Keybase,1.0,0.9978,3,0,0,0,0
2019-11-14,LOBSTR,1.0,0.9778,5,0,0,0,0
2019-11-14,SatoshiPay,1.0,0.9978,3,0,0,0,0
2019-11-14,Stellar Development Foundation,1.0,1.0,3,0,0,0,0
2019-11-15,Blockdaemon Inc.,1.0,1.0,3,0,0,0,0
2019-11-15,COINQVEST LLC,1.0,1.0,3,0,0,0,0
2019-11-15,Keybase,1.0,0.9978,3,0,0,0,0
2019-11-15,LOBSTR,1.0,0.9844,5,0,0,0,0
2019-11-15,SatoshiPay,1.0,0.9933,3,0,0,0,0
2019-11-15,Stellar Development Foundation,1.0,1.0,3,0,0,0,0
2019-11-16,Blockdaemon Inc.,1.0,1.0,3,0,0,0,0
2019-11-16,COINQVEST LLC,1.0,1.0,3,0,0,0,0
2019-11-16,Keybase,1.0,0.9978,3,0,0,0,0
2019-11-16,LOBSTR,1.0,0.9754,5,0,0,0,0
2019-11-16,SatoshiPay,1.0,0.9911,3,0,0,0,0
2019-11-16,Stellar Development Foundation,1.0,1.0,3,0,0,0,0
2019-11-17,Blockdaemon Inc.,1.0,1.0,3,0,0,0,0
2019-11-17,COINQVEST LLC,1.0,1.0,3,0,0,0,0
2019-11-17,Keybase,1.0,1.0,3,0,0,0,0
2019-11-17,LOBSTR,1.0,0.9754,5,0,0,0,0
2019-11-17,SatoshiPay,1.0,0.9978,3,0,0,0,0
2019-11-17,Stellar Development Foundation,1.0,1.0,3,0,0,0,0
2019-11-18,Blockdaemon Inc.,1.0,1.0,3,0,0,0,0
2019-11-18,COINQVEST LLC,1.0,1.0,3,0,0,0,0
2019-11-18,Keybase,1.0,1.0,3,0,0,0,0
2019-11-18,LOBSTR,1.0,0.9756,5,0,0,0,0
2019-11-18,SatoshiPay,1.0,0.9778,3,0,0,0,0
2019-11-18,Stellar Development Foundation,1.0,1.0,3,0,0,0,0
2019-11-19,Blockdaemon Inc.,1.0,1.0,3,0,0,0,0
2019-11-19,COINQVEST LLC,1.0,1.0,3,0,0,0,0
2019-11-19,Keybase,1.0,0.9978,3,0,0,0,0
2019-11-19,LOBSTR,1.0,0.9735,5,0,0,0,0
2019-11-19,SatoshiPay,1.0,0.9912,3,0,0,0,0
2019-11-19,Stellar Development Foundation,1.0,0.9978,3,0,0,0,0
2019-11-20,Blockdaemon Inc.,1.0,1.0,3,0,0,0,0
2019-11-20,COINQVEST LLC,1.0,1.0,3,0,0,0,0
2019-11-20,Keybase,1.0,1.0,3,0,0,0,0
2019-11-20,LOBSTR,1.0,0.9647,5,0,0,0,0
2019-11-20,SatoshiPay,1.0,0.9934,3,0,0,0,0
2019-11-20,Stellar Development Foundation,1.0,1.0,3,0,0,0,0
2019-11-21,Blockdaemon Inc.,1.0,1.0,3,0,0,0,0
2019-11-21,COINQVEST LLC,1.0,1.0,3,0,0,0,0
2019-11-21,Keybase,1.0,1.0,3,0,0,0,0
2019-11-21,LOBSTR,1.0,0.9798,5,0,0,0,0
2019-11-21,SatoshiPay,1.0,0.9978,3,0,0,0,0
2019-11-21,Stellar Development Foundation,1.0,1.0,3,0,0,0,0
2019-11-22,Blockdaemon Inc.,1.0,1.0,3,0,0,0,0
2019-11-22,COINQVEST LLC,1.0,1.0,3,0,0,0,0
2019-11-22,Keybase,1.0,1.0,3,0,0,0,0
2019-11-22,LOBSTR,1.0,0.9729,5,0,0,0,0
2019-11-22,SatoshiPay,1.0,0.9955,3,0,0,0,0
2019-11-22,Stellar Development Foundation,1.0,1.0,3,0,0,0,0
2019-11-23,Blockdaemon Inc.,1.0,1.0,3,0,0,0,0
2019-11-23,COINQVEST LLC,1.0,1.0,3,0,0,0,0
2019-11-23,Keybase,1.0,0.9977,3,0,0,0,0
2019-11-23,LOBSTR,1.0,0.9729,5,0,0,0,0
2019-11-23,SatoshiPay,1.0,1.0,3,0,0,0,0
2019-11-23,Stellar Development Foundation,1.0,1.0,3,0,0,0,0
2019-11-24,Blockdaemon Inc.,1.0,1.0,3,0,0,0,0
2019-11-24,COINQVEST LLC,1.0,1.0,3,0,0,0,0
2019-11-24,Keybase,1.0,0.9977,3,0,0,0,0
2019-11-24,LOBSTR,1.0,0.9769,5,0,0,0,0
2019-11-24,SatoshiPay,1.0,0.9931,3,0,0,0,0
2019-11-24,Stellar Development Foundation,1.0,1.0,3,0,0,0,0
2019-11-25,Blockdaemon Inc.,1.0,1.0,3,0,0,0,0
2019-11-25,COINQVEST LLC,1.0,1.0,3,0,0,0,0
2019-11-25,Keybase,1.0,1.0,3,0,0,0,0
2019-11-25,LOBSTR,1.0,0.9817,5,0,0,0,0
2019-11-25,SatoshiPay,1.0,1.0,3,0,0,0,0
2019-11-25,Stellar Development Foundation,1.0,1.0,3,0,0,0,0
2019-11-26,Blockdaemon Inc.,1.0,1.0,3,0,0,0,0
2019-11-26,COINQVEST LLC,1.0,1.0,3,0,0,0,0
2019-11-26,Keybase,1.0,0.9977,3,0,0,0,0
2019-11-26,LOBSTR,1.0,0.9816,5,0,0,0,0
2019-11-26,SatoshiPay,1.0,0.9862,3,0,0,0,0
2019-11-26,Stellar Development Foundation,1.0,1.0,3,0,0,0,0
2019-11-27,Blockdaemon Inc.,1.0,0.9977,3,0,0,0,0
2019-11-27,COINQVEST LLC,1.0,1.0,3,0,0,0,0
2019-11-27,Keybase,1.0,1.0,3,0,0,0,0
2019-11-27,LOBSTR,1.0,0.968,5,0,0,0,0
2019-11-27,SatoshiPay,1.0,0.9977,3,0,0,0,0
2019-11-27,Stellar Development Foundation,1.0,1.0,3,0,0,0,0
2019-11-28,Blockdaemon Inc.,1.0,1.0,3,0,0,0,0
2019-11-28,COINQVEST LLC,1.0,1.0,3,0,0,0,0
2019-11-28,Keybase,1.0,1.0,3,0,0,0,0
2019-11-28,LOBSTR,1.0,0.9705,5,0,0,0,0
2019-11-28,SatoshiPay,1.0,1.0,3,0,0,0,0
2019-11-28,Stellar Development Foundation,1.0,1.0,3,0,0,0,0
2019-11-29,Blockdaemon Inc.,1.0,0.9977,3,0,0,0,0
2019-11-29,COINQVEST LLC,1.0,1.0,3,0,0,0,0
2019-11-29,Keybase,1.0,1.0,3,0,0,0,0
2019-11-29,LOBSTR,1.0,0.9655,5,0,0,0,0
2019-11-29,SatoshiPay,1.0,1.0,3,0,0,0,0
2019-11-29,Stellar Development Foundation,1.0,1.0,3,0,0,0,0
2019-11-30,Blockdaemon Inc.,1.0,0.9976,3,0,0,0,0
2019-11-30,COINQVEST LLC,1.0,1.0,3,0,0,0,0
2019-11-30,Keybase,1.0,1.0,3,0,0,0,0
2019-11-30,LOBSTR,1.0,0.981,5,0,0,0,0
2019-11-30,SatoshiPay,1.0,1.0,3,0,0,0,0
2019-11-30,Stellar Development Foundation,1.0,1.0,3,0,0,0,0
2019-12-01,Blockdaemon Inc.,1.0,1.0,3,0,0,0,0
2019-12-01,COINQVEST LLC,1.0,1.0,3,0,0,0,0
2019-12-01,Keybase,1.0,1.0,3,0,0,0,0
2019-12-01,LOBSTR,1.0,0.9834,5,0,0,0,0
2019-12-01,SatoshiPay,1.0,0.9976,3,0,0,0,0
2019-12-01,Stellar Development Foundation,1.0,1.0,3,0,0,0,0
2019-12-02,Blockdaemon Inc.,1.0,1.0,3,0,0,0,0
2019-12-02,COINQVEST LLC,1.0,1.0,3,0,0,0,0
2019-12-02,Keybase,1.0,1.0,3,0,0,0,0
2019-12-02,LOBSTR,1.0,0.9858,5,0,0,0,0
2019-12-02,SatoshiPay,1.0,0.9953,3,0,0,0,0
2019-12-02,Stellar Development Foundation,1.0,1.0,3,0,0,0,0
2019-12-03,Blockdaemon Inc.,1.0,1.0,3,0,0,0,0
2019-12-03,COINQVEST LLC,1.0,1.0,3,0,0,0,0
2019-12-03,Keybase,1.0,1.0,3,0,0,0,0
2019-12-03,LOBSTR,1.0,0.9785,5,0,0,0,0
2019-12-03,SatoshiPay,1.0,1.0,3,0,0,0,0
2019-12-03,Stellar Development Foundation,1.0,1.0,3,0,0,0,0
2019-12-04,Blockdaemon Inc.,1.0,1.0,3,0,0,0,0
2019-12-04,COINQVEST LLC,1.0,1.0,3,0,0,0,0
2019-12-04,Keybase,1.0,1.0,3,0,0,0,0
2019-12-04,LOBSTR,1.0,0.9735,5,0,0,0,0
2019-12-04,SatoshiPay,1.0,0.9855,3,0,0,0,0
2019-12-04,Stellar Development Foundation,1.0,1.0,3,0,0,0,0
2019-12-05,Blockdaemon Inc.,1.0,1.0,3,0,0,0,0
2019-12-05,COINQVEST LLC,1.0,1.0,3,0,0,0,0
2019-12-05,Keybase,1.0,1.0,3,0,0,0,0
2019-12-05,LOBSTR,1.0,0.9882,5,0,0,0,0
2019-12-05,SatoshiPay,1.0,1.0,3,0,0,0,0
2019-12-05,Stellar Development Foundation,1.0,1.0,3,0,0,0,0
2019-12-06,Blockdaemon Inc.,1.0,1.0,3,0,0,0,0
2019-12-06,COINQVEST LLC,1.0,1.0,3,0,0,0,0
2019-12-06,Keybase,1.0,1.0,3,0,0,0,0
2019-12-06,LOBSTR,1.0,0.9856,5,0,0,0,0
2019-12-06,SatoshiPay,1.0,0.9928,3,0,0,0,0
2019-12-06,Stellar Development Foundation,1.0,1.0,3,0,0,0,0
2019-12-07,Blockdaemon Inc.,1.0,1.0,3,0,0,0,0
2019-12-07,COINQVEST LLC,1.0,1.0,3,0,0,0,0
2019-12-07,Keybase,1.0,1.0,3,0,0,0,0
2019-12-07,LOBSTR,1.0,1.0,5,0,0,0,0
2019-12-07,SatoshiPay,1.0,0.9952,3,0,0,0,0
2019-12-07,Stellar Development Foundation,1.0,1.0,3,0,0,0,0
2019-12-08,Blockdaemon Inc.,1.0,1.0,3,0,0,0,0
2019-12-08,COINQVEST LLC,1.0,1.0,3,0,0,0,0
2019-12-08,Keybase,1.0,1.0,3,0,0,0,0
2019-12-08,LOBSTR,1.0,1.0,5,0,0,0,0
2019-12-08,SatoshiPay,0.9976,0.9976,3,0,0,0,0
2019-12-08,Stellar Development Foundation,1.0,1.0,3,0,0,0,0
2019-12-09,Blockdaemon Inc.,1.0,1.0,3,0,0,0,0
2019-12-09,COINQVEST LLC,1.0,1.0,3,0,0,0,0
2019-12-09,Keybase,1.0,1.0,3,0,0,0,0
2019-12-09,LOBSTR,1.0,1.0,5,0,0,0,0
2019-12-09,SatoshiPay,1.0,1.0,3,0,0,0,0
2019-12-09,Stellar Development Foundation,1.0,1.0,3,0,0,0,0
2019-12-10,Blockdaemon Inc.,1.0,0.9976,3,0,0,0,0
2019-12-10,COINQVEST LLC,1.0,1.0,3,0,0,0,0
2019-12-10,Keybase,1.0,1.0,3,0,0,0,0
2019-12-10,LOBSTR,1.0,1.0,5,0,0,0,0
2019-12-10,SatoshiPay,1.0,0.9928,3,0,0,0,0
2019-12-10,Stellar Development Foundation,1.0,1.0,3,0,0,0,0
2019-12-11,Blockdaemon Inc.,1.0,1.0,3,0,0,0,0
2019-12-11,COINQVEST LLC,1.0,1.0,3,0,0,0,0
2019-12-11,Keybase,1.0,1.0,3,0,0,0,0
2019-12-11,LOBSTR,1.0,0.9976,5,0,0,0,0
2019-12-11,SatoshiPay,1.0,0.9952,3,0,0,0,0
2019-12-11,Stellar Development Foundation,1.0,1.0,3,0,0,0,0
2019-12-12,Blockdaemon Inc.,1.0,1.0,3,0,0,0,0
2019-12-12,COINQVEST LLC,1.0,1.0,3,0,0,0,0
2019-12-12,Keybase,1.0,1.0,3,0,0,0,0
2019-12-12,LOBSTR,1.0,1.0,5,0,0,0,0
2019-12-12,SatoshiPay,1.0,1.0,3,0,0,0,0
2019-12-12,Stellar Development Foundation,1.0,1.0,3,0,0,0,0
2019-12-13,Blockdaemon Inc.,1.0,0.9976,3,0,0,0,0
2019-12-13,COINQVEST LLC,1.0,1.0,3,0,0,0,0
2019-12-13,Keybase,1.0,0.9952,3,0,0,0,0
2019-12-13,LOBSTR,1.0,1.0,5,0,0,0,0
2019-12-13,SatoshiPay,0.9952,0.9786,3,0,0,0,0
2019-12-13,Stellar Development Foundation,1.0,0.9976,3,0,0,0,0
2019-12-14,Blockdaemon Inc.,1.0,0.9953,3,0,0,0,0
2019-12-14,COINQVEST LLC,1.0,1.0,3,0,0,0,0
2019-12-14,Keybase,1.0,0.9977,3,0,0,0,0
2019-12-14,LOBSTR,1.0,0.9953,5,0,0,0,0
2019-12-14,SatoshiPay,0.9953,0.9441,3,0,0,0,0
2019-12-14,Stellar Development Foundation,1.0,0.9977,3,0,0,0,0
2019-12-15,Blockdaemon Inc.,1.0,1.0,3,0,0,0,0
2019-12-15,COINQVEST LLC,1.0,1.0,3,0,0,0,0
2019-12-15,Keybase,1.0,0.9977,3,0,0,0,0
2019-12-15,LOBSTR,1.0,0.9977,5,0,0,0,0
2019-12-15,SatoshiPay,1.0,1.0,3,0,0,0,0
2019-12-15,Stellar Development Foundation,1.0,1.0,3,0,0,0,0
2019-12-16,Blockdaemon Inc.,1.0,0.986,3,0,0,0,0
2019-12-16,COINQVEST LLC,1.0,0.9977,3,0,0,0,0
2019-12-16,Keybase,1.0,0.9883,3,0,0,0,0
2019-12-16,LOBSTR,1.0,0.9907,5,0,0,0,0
2019-12-16,SatoshiPay,0.9953,0.9696,3,0,0,0,0
2019-12-16,Stellar Development Foundation,1.0,0.993,3,0,0,0,0
2019-12-17,Blockdaemon Inc.,1.0,0.9764,3,0,0,0,0
2019-12-17,COINQVEST LLC,1.0,0.9953,3,0,0,0,0
2019-12-17,Keybase,1.0,0.9835,3,0,0,0,0
2019-12-17,LOBSTR,1.0,0.9929,5,0,0,0,0
2019-12-17,SatoshiPay,0.9929,0.9385,3,0,0,0,0
2019-12-17,Stellar Development Foundation,0.9976,0.9953,3,0,0,0,0
2019-12-18,Blockdaemon Inc.,1.0,0.9953,3,0,0,0,0
2019-12-18,COINQVEST LLC,1.0,1.0,3,0,0,0,0
2019-12-18,Keybase,1.0,1.0,3,0,0,0,0
2019-12-18,LOBSTR,1.0,0.9976,5,0,0,0,0
2019-12-18,SatoshiPay,0.9905,0.9622,3,0,0,0,0
2019-12-18,Stellar Development Foundation,1.0,1.0,3,0,0,0,0
2019-12-19,Blockdaemon Inc.,1.0,1.0,3,0,0,0,0
2019-12-19,COINQVEST LLC,1.0,1.0,3,0,0,0,0
2019-12-19,Keybase,1.0,1.0,3,0,0,0,0
2019-12-19,LOBSTR,1.0,1.0,5,0,0,0,0
2019-12-19,SatoshiPay,1.0,0.9789,3,0,0,0,0
2019-12-19,Stellar Development Foundation,1.0,1.0,3,0,0,0,0
2019-12-20,Blockdaemon Inc.,1.0,1.0,3,0,0,0,0
2019-12-20,COINQVEST LLC,1.0,1.0,3,0,0,0,0
2019-12-20,Keybase,1.0,1.0,3,0,0,0,0
2019-12-20,LOBSTR,1.0,0.9976,5,0,0,0,0
2019-12-20,SatoshiPay,1.0,0.9882,3,0,0,0,0
2019-12-20,Stellar Development Foundation,1.0,1.0,3,0,0,0,0
2019-12-21,Blockdaemon Inc.,1.0,1.0,3,0,0,0,0
2019-12-21,COINQVEST LLC,1.0,1.0,3,0,0,0,0
2019-12-21,Keybase,1.0,1.0,3,0,0,0,0
2019-12-21,LOBSTR,1.0,1.0,5,0,0,0,0
2019-12-21,SatoshiPay,1.0,0.993,3,0,0,0,0
2019-12-21,Stellar Development Foundation,1.0,1.0,3,0,0,0,0
2019-12-22,Blockdaemon Inc.,1.0,1.0,3,0,0,0,0
2019-12-22,COINQVEST LLC,1.0,1.0,3,0,0,0,0
2019-12-22,Keybase,1.0,1.0,3,0,0,0,0
2019-12-22,LOBSTR,1.0,1.0,5,0,0,0,0
2019-12-22,SatoshiPay,1.0,0.9906,3,0,0,0,0
2019-12-22,Stellar Development Foundation,1.0,1.0,3,0,0,0,0
2019-12-23,Blockdaemon Inc.,1.0,1.0,3,0,0,0,0
2019-12-23,COINQVEST LLC,1.0,1.0,3,0,0,0,0
2019-12-23,Keybase,1.0,0.9977,3,0,0,0,0
2019-12-23,LOBSTR,1.0,1.0,5,0,0,0,0
2019-12-23,SatoshiPay,1.0,1.0,3,0,0,0,0
2019-12-23,Stellar Development Foundation,1.0,1.0,3,0,0,0,0
2019-12-24,Blockdaemon Inc.,1.0,1.0,3,0,0,0,0
2019-12-24,COINQVEST LLC,1.0,1.0,3,0,0,0,0
2019-12-24,Keybase,1.0,0.9977,3,0,0,0,0
2019-12-24,LOBSTR,1.0,1.0,5,0,0,0,0
2019-12-24,SatoshiPay,1.0,1.0,3,0,0,0,0
2019-12-24,Stellar Development Foundation,1.0,1.0,3,0,0,0,0
2019-12-25,Blockdaemon Inc.,1.0,1.0,3,0,0,0,0
2019-12-25,COINQVEST LLC,1.0,1.0,3,0,0,0,0
2019-12-25,Keybase,1.0,0.9977,3,0,0,0,0
2019-12-25,LOBSTR,1.0,1.0,5,0,0,0,0
2019-12-25,SatoshiPay,1.0,0.9886,3,0,0,0,0
2019-12-25,Stellar Development Foundation,1.0,0.9977,3,0,0,0,0
2019-12-26,Blockdaemon Inc.,1.0,1.0,3,0,0,0,0
2019-12-26,COINQVEST LLC,1.0,1.0,3,0,0,0,0
2019-12-26,Keybase,1.0,1.0,3,0,0,0,0
2019-12-26,LOBSTR,1.0,0.9977,5,0,0,0,0
2019-12-26,SatoshiPay,1.0,0.9909,3,0,0,0,0
2019-12-26,Stellar Development Foundation,1.0,1.0,3,0,0,0,0
2019-12-27,Blockdaemon Inc.,1.0,1.0,3,0,0,0,0
2019-12-27,COINQVEST LLC,1.0,1.0,3,0,0,0,0
2019-12-27,Keybase,1.0,1.0,3,0,0,0,0
2019-12-27,LOBSTR,1.0,1.0,5,0,0,0,0
2019-12-27,SatoshiPay,1.0,0.9795,3,0,0,0,0
2019-12-27,Stellar Development Foundation,1.0,1.0,3,0,0,0,0
2019-12-28,Blockdaemon Inc.,1.0,1.0,3,0,0,0,0
2019-12-28,COINQVEST LLC,1.0,1.0,3,0,0,0,0
2019-12-28,Keybase,1.0,1.0,3,0,0,0,0
2019-12-28,LOBSTR,1.0,1.0,5,0,0,0,0
2019-12-28,SatoshiPay,1.0,1.0,3,0,0,0,0
2019-12-28,Stellar Development Foundation,1.0,1.0,3,0,0,0,0
2019-12-29,Blockdaemon Inc.,1.0,1.0,3,0,0,0,0
2019-12-29,COINQVEST LLC,1.0,1.0,3,0,0,0,0
2019-12-29,Keybase,1.0,1.0,3,0,0,0,0
2019-12-29,LOBSTR,1.0,1.0,5,0,0,0,0
2019-12-29,SatoshiPay,1.0,0.9977,3,0,0,0,0
2019-12-29,Stellar Development Foundation,1.0,1.0,3,0,0,0,0
2019-12-30,Blockdaemon Inc.,1.0,1.0,3,0,0,0,0
2019-12-30,COINQVEST LLC,1.0,1.0,3,0,0,0,0
2019-12-30,Keybase,1.0,1.0,3,0,0,0,0
2019-12-30,LOBSTR,1.0,1.0,5,0,0,0,0
2019-12-30,SatoshiPay,1.0,1.0,3,0,0,0,0
2019-12-30,Stellar Development Foundation,1.0,1.0,3,0,0,0,0
2019-12-31,Blockdaemon Inc.,1.0,1.0,3,0,0,0,0
2019-12-31,COINQVEST LLC,1.0,1.0,3,0,0,0,0
2019-12-31,Keybase,1.0,0.9977,3,0,0,0,0
2019-12-31,LOBSTR,1.0,1.0,5,0,0,0,0
2019-12-31,SatoshiPay,1.0,0.9977,3,0,0,0,0
2019-12-31,Stellar Development Foundation,1.0,1.0,3,0,0,0,0
2020-01-01,Blockdaemon Inc.,1.0,1.0,3,0,0,0,0
2020-01-01,COINQVEST LLC,1.0,1.0,3,0,0,0,0
2020-01-01,Keybase,1.0,1.0,3,0,0,0,0
2020-01-01,LOBSTR,1.0,1.0,5,0,0,0,0
2020-01-01,SatoshiPay,1.0,0.9977,3,0,0,0,0
2020-01-01,Stellar Development Foundation,1.0,1.0,3,0,0,0,0
2020-01-02,Blockdaemon Inc.,1.0,1.0,3,0,0,0,0
2020-01-02,COINQVEST LLC,1.0,1.0,3,0,0,0,0
2020-01-02,Keybase,1.0,1.0,3,0,0,0,0
2020-01-02,LOBSTR,1.0,0.9932,5,0,0,0,0
2020-01-02,SatoshiPay,1.0,0.8186,3,1,0,0,0
2020-01-02,Stellar Development Foundation,1.0,1.0,3,0,0,0,0
2020-01-03,Blockdaemon Inc.,1.0,1.0,3,0,0,0,0
2020-01-03,COINQVEST LLC,1.0,1.0,3,0,0,0,0
2020-01-03,Keybase,1.0,1.0,3,0,0,0,0
2020-01-03,LOBSTR,1.0,0.9977,5,0,0,0,0
2020-01-03,SatoshiPay,1.0,0.9977,3,0,0,0,0
2020-01-03,Stellar Development Foundation,1.0,1.0,3,0,0,0,0
2020-01-04,Blockdaemon Inc.,1.0,1.0,3,0,0,0,0
2020-01-04,COINQVEST LLC,1.0,1.0,3,0,0,0,0
2020-01-04,Keybase,1.0,0.9978,3,0,0,0,0
2020-01-04,LOBSTR,1.0,0.9978,5,0,0,0,0
2020-01-04,SatoshiPay,1.0,1.0,3,0,0,0,0
2020-01-04,Stellar Development Foundation,1.0,1.0,3,0,0,0,0
2020-01-05,Blockdaemon Inc.,1.0,1.0,3,0,0,0,0
2020-01-05,COINQVEST LLC,1.0,1.0,3,0,0,0,0
2020-01-05,Keybase,1.0,0.9978,3,0,0,0,0
2020-01-05,LOBSTR,1.0,0.9978,5,0,0,0,0
2020-01-05,SatoshiPay,1.0,0.9978,3,0,0,0,0
2020-01-05,Stellar Development Foundation,1.0,1.0,3,0,0,0,0
2020-01-06,Blockdaemon Inc.,1.0,1.0,3,0,0,0,0
2020-01-06,COINQVEST LLC,1.0,0.9977,3,0,0,0,0
2020-01-06,Keybase,1.0,0.9977,3,0,0,0,0
2020-01-06,LOBSTR,1.0,0.9977,5,0,0,0,0
2020-01-06,SatoshiPay,1.0,0.9955,3,0,0,0,0
2020-01-06,Stellar Development Foundation,1.0,1.0,3,0,0,0,0
2020-01-07,Blockdaemon Inc.,1.0,1.0,3,0,0,0,0
2020-01-07,COINQVEST LLC,1.0,1.0,3,0,0,0,0
2020-01-07,Keybase,1.0,1.0,3,0,0,0,0
2020-01-07,LOBSTR,1.0,1.0,5,0,0,0,0
2020-01-07,SatoshiPay,1.0,0.9954,3,0,0,0,0
2020-01-07,Stellar Development Foundation,1.0,1.0,3,0,0,0,0
2020-01-08,Blockdaemon Inc.,1.0,1.0,3,0,0,0,0
2020-01-08,COINQVEST LLC,1.0,0.814,3,1,0,0,0
2020-01-08,Keybase,1.0,1.0,3,0,0,0,0
2020-01-08,LOBSTR,1.0,1.0,5,0,0,0,0
2020-01-08,SatoshiPay,1.0,0.9953,3,0,0,0,0
2020-01-08,Stellar Development Foundation,1.0,1.0,3,0,0,0,0
2020-01-09,Blockdaemon Inc.,1.0,1.0,3,0,0,0,0
2020-01-09,COINQVEST LLC,1.0,1.0,3,0,0,0,0
2020-01-09,Keybase,1.0,1.0,3,0,0,0,0
2020-01-09,LOBSTR,1.0,0.9977,5,0,0,0,0
2020-01-09,SatoshiPay,1.0,1.0,3,0,0,0,0
2020-01-09,Stellar Development Foundation,1.0,1.0,3,0,0,0,0
2020-01-10,Blockdaemon Inc.,1.0,1.0,3,0,0,0,0
2020-01-10,COINQVEST LLC,1.0,1.0,3,0,0,0,0
2020-01-10,Keybase,1.0,0.9977,3,0,0,0,0
2020-01-10,LOBSTR,1.0,1.0,5,0,0,0,0
2020-01-10,SatoshiPay,1.0,0.9977,3,0,0,0,0
2020-01-10,Stellar Development Foundation,1.0,1.0,3,0,0,0,0
2020-01-11,Blockdaemon Inc.,1.0,1.0,3,0,0,0,0
2020-01-11,COINQVEST LLC,1.0,1.0,3,0,0,0,0
2020-01-11,Keybase,1.0,0.9977,3,0,0,0,0
2020-01-11,LOBSTR,1.0,1.0,5,0,0,0,0
2020-01-11,SatoshiPay,1.0,0.9953,3,0,0,0,0
2020-01-11,Stellar Development Foundation,1.0,1.0,3,0,0,0,0
2020-01-12,Blockdaemon Inc.,1.0,1.0,3,0,0,0,0
2020-01-12,COINQVEST LLC,1.0,1.0,3,0,0,0,0
2020-01-12,Keybase,1.0,1.0,3,0,0,0,0
2020-01-12,LOBSTR,1.0,1.0,5,0,0,0,0
2020-01-12,SatoshiPay,1.0,1.0,3,0,0,0,0
2020-01-12,Stellar Development Foundation,1.0,1.0,3,0,0,0,0
2020-01-13,Blockdaemon Inc.,1.0,1.0,3,0,0,0,0
2020-01-13,COINQVEST LLC,1.0,1.0,3,0,0,0,0
2020-01-13,Keybase,1.0,0.9977,3,0,0,0,0
2020-01-13,LOBSTR,1.0,1.0,5,0,0,0,0
2020-01-13,SatoshiPay,1.0,0.9977,3,0,0,0,0
2020-01-13,Stellar Development Foundation,1.0,1.0,3,0,0,0,0
2020-01-14,Blockdaemon Inc.,1.0,1.0,3,0,0,0,0
2020-01-14,COINQVEST LLC,1.0,1.0,3,0,0,0,0
2020-01-14,Keybase,1.0,0.9977,3,0,0,0,0
2020-01-14,LOBSTR,1.0,1.0,5,0,0,0,0
2020-01-14,SatoshiPay,1.0,0.9953,3,0,0,0,0
2020-01-14,Stellar Development Foundation,1.0,1.0,3,0,0,0,0
2020-01-15,Blockdaemon Inc.,1.0,1.0,3,0,0,0,0
2020-01-15,COINQVEST LLC,1.0,1.0,3,0,0,0,0
2020-01-15,Keybase,1.0,1.0,3,0,0,0,0
2020-01-15,LOBSTR,1.0,1.0,5,0,0,0,0
2020-01-15,SatoshiPay,1.0,0.9976,3,0,0,0,0
2020-01-15,Stellar Development Foundation,1.0,1.0,3,0,0,0,0
2020-01-16,Blockdaemon Inc.,1.0,1.0,3,0,0,0,0
2020-01-16,COINQVEST LLC,1.0,1.0,3,0,0,0,0
2020-01-16,Keybase,1.0,1.0,3,0,0,0,0
2020-01-16,LOBSTR,1.0,0.9976,5,0,0,0,0
2020-01-16,SatoshiPay,1.0,0.9953,3,0,0,0,0
2020-01-16,Stellar Development Foundation,1.0,1.0,3,0,0,0,0
2020-01-17,Blockdaemon Inc.,1.0,1.0,3,0,0,0,0
2020-01-17,COINQVEST LLC,1.0,1.0,3,0,0,0,0
2020-01-17,Keybase,1.0,1.0,3,0,0,0,0
2020-01-17,LOBSTR,1.0,0.9977,5,0,0,0,0
2020-01-17,SatoshiPay,1.0,1.0,3,0,0,0,0
2020-01-17,Stellar Development Foundation,1.0,1.0,3,0,0,0,0
2020-01-18,Blockdaemon Inc.,1.0,1.0,3,0,0,0,0
2020-01-18,COINQVEST LLC,1.0,1.0,3,0,0,0,0
2020-01-18,Keybase,1.0,1.0,3,0,0,0,0
2020-01-18,LOBSTR,1.0,1.0,5,0,0,0,0
2020-01-18,SatoshiPay,1.0,1.0,3,0,0,0,0
2020-01-18,Stellar Development Foundation,1.0,1.0,3,0,0,0,0
2020-01-19,Blockdaemon Inc.,1.0,1.0,3,0,0,0,0
2020-01-19,COINQVEST LLC,1.0,1.0,3,0,0,0,0
2020-01-19,Keybase,1.0,0.9977,3,0,0,0,0
2020-01-19,LOBSTR,1.0,0.9977,5,0,0,0,0
2020-01-19,SatoshiPay,1.0,1.0,3,0,0,0,0
2020-01-19,Stellar Development Foundation,1.0,1.0,3,0,0,0,0
2020-01-20,Blockdaemon Inc.,1.0,1.0,3,0,0,0,0
2020-01-20,COINQVEST LLC,1.0,1.0,3,0,0,0,0
2020-01-20,Keybase,1.0,0.9977,3,0,0,0,0
2020-01-20,LOBSTR,1.0,1.0,5,0,0,0,0
2020-01-20,SatoshiPay,1.0,1.0,3,0,0,0,0
2020-01-20,Stellar Development Foundation,1.0,1.0,3,0,0,0,0
2020-01-21,Blockdaemon Inc.,1.0,1.0,3,0,0,0,0
2020-01-21,COINQVEST LLC,1.0,0.9294,3,0,0,0,0
2020-01-21,Keybase,1.0,0.9976,3,0,0,0,0
2020-01-21,LOBSTR,1.0,1.0,5,0,0,0,0
2020-01-21,SatoshiPay,1.0,1.0,3,0,0,0,0
2020-01-21,Stellar Development Foundation,1.0,1.0,3,0,0,0,0
2020-01-22,Blockdaemon Inc.,1.0,1.0,3,0,0,0,0
2020-01-22,COINQVEST LLC,1.0,1.0,3,0,0,0,0
2020-01-22,Keybase,1.0,1.0,3,0,0,0,0
2020-01-22,LOBSTR,1.0,0.9789,5,0,0,0,0
2020-01-22,SatoshiPay,1.0,1.0,3,0,0,0,0
2020-01-22,Stellar Development Foundation,1.0,1.0,3,0,0,0,0
2020-01-23,Blockdaemon Inc.,1.0,1.0,3,0,0,0,0
2020-01-23,COINQVEST LLC,1.0,1.0,3,0,0,0,0
2020-01-23,Keybase,1.0,1.0,3,0,0,0,0
2020-01-23,LOBSTR,1.0,1.0,5,0,0,0,0
2020-01-23,SatoshiPay,1.0,1.0,3,0,0,0,0
2020-01-23,Stellar Development Foundation,1.0,1.0,3,0,0,0,0
2020-01-24,Blockdaemon Inc.,1.0,1.0,3,0,0,0,0
2020-01-24,COINQVEST LLC,1.0,1.0,3,0,0,0,0
2020-01-24,Keybase,1.0,1.0,3,0,0,0,0
2020-01-24,LOBSTR,1.0,0.9977,5,0,0,0,0
2020-01-24,SatoshiPay,1.0,0.9955,3,0,0,0,0
2020-01-24,Stellar Development Foundation,1.0,1.0,3,0,0,0,0
2020-01-25,Blockdaemon Inc.,1.0,1.0,3,0,0,0,0
2020-01-25,COINQVEST LLC,1.0,1.0,3,0,0,0,0
2020-01-25,Keybase,1.0,1.0,3,0,0,0,0
2020-01-25,LOBSTR,1.0,1.0,5,0,0,0,0
2020-01-25,SatoshiPay,1.0,0.9977,3,0,0,0,0
2020-01-25,Stellar Development Foundation,1.0,0.9977,3,0,0,0,0
2020-01-26,Blockdaemon Inc.,1.0,1.0,3,0,0,0,0
2020-01-26,COINQVEST LLC,1.0,1.0,3,0,0,0,0
2020-01-26,Keybase,1.0,1.0,3,0,0,0,0
2020-01-26,LOBSTR,1.0,0.9977,5,0,0,0,0
2020-01-26,SatoshiPay,1.0,1.0,3,0,0,0,0
2020-01-26,Stellar Development Foundation,1.0,1.0,3,0,0,0,0
2020-01-27,Blockdaemon Inc.,1.0,0.9977,3,0,0,0,0
2020-01-27,COINQVEST LLC,1.0,1.0,3,0,0,0,0
2020-01-27,Keybase,1.0,0.9977,3,0,0,0,0
2020-01-27,LOBSTR,1.0,1.0,5,0,0,0,0
2020-01-27,SatoshiPay,1.0,0.9977,3,0,0,0,0
2020-01-27,Stellar Development Foundation,1.0,0.9977,3,0,0,0,0
2020-01-28,Blockdaemon Inc.,1.0,0.9954,3,0,0,0,0
2020-01-28,COINQVEST LLC,1.0,1.0,3,0,0,0,0
2020-01-28,Keybase,1.0,0.9977,3,0,0,0,0
2020-01-28,LOBSTR,1.0,0.9954,5,0,0,0,0
2020-01-28,SatoshiPay,0.9977,0.9931,3,0,0,0,0
2020-01-28,Stellar Development Foundation,1.0,0.9977,3,0,0,0,0
2020-01-29,Blockdaemon Inc.,1.0,1.0,3,0,0,0,0
2020-01-29,COINQVEST LLC,1.0,1.0,3,0,0,0,0
2020-01-29,Keybase,1.0,0.9955,3,0,0,0,0
2020-01-29,LOBSTR,1.0,0.9977,5,0,0,0,0
2020-01-29,SatoshiPay,1.0,0.991,3,0,0,0,0
2020-01-29,Stellar Development Foundation,1.0,1.0,3,0,0,0,0
2020-01-30,Blockdaemon Inc.,1.0,0.9977,3,0,0,0,0
2020-01-30,COINQVEST LLC,1.0,0.8856,3,1,0,0,0
2020-01-30,Keybase,1.0,0.9954,3,0,0,0,0
2020-01-30,LOBSTR,1.0,1.0,5,0,0,0,0
2020-01-30,SatoshiPay,1.0,0.9954,3,0,0,0,0
2020-01-30,Stellar Development Foundation,1.0,1.0,3,0,0,0,0
2020-01-31,Blockdaemon Inc.,1.0,1.0,3,0,0,0,0
2020-01-31,COINQVEST LLC,0.9955,0.9236,3,0,0,0,0
2020-01-31,Keybase,1.0,0.9978,3,0,0,0,0
2020-01-31,LOBSTR,1.0,0.9978,5,0,0,0,0
2020-01-31,SatoshiPay,1.0,1.0,3,0,0,0,0
2020-01-31,Stellar Development Foundation,1.0,1.0,3,0,0,0,0
2020-01-31,Wirex Limited,1.0,0.9978,3,0,0,0,0
2020-02-01,Blockdaemon Inc.,1.0,1.0,3,0,0,0,0
2020-02-01,COINQVEST LLC,1.0,1.0,3,0,0,0,0
2020-02-01,Keybase,1.0,1.0,3,0,0,0,0
2020-02-01,LOBSTR,1.0,1.0,5,0,0,0,0
2020-02-01,SatoshiPay,1.0,1.0,3,0,0,0,0
2020-02-01,Stellar Development Foundation,1.0,1.0,3,0,0,0,0
2020-02-01,Wirex Limited,1.0,1.0,3,0,0,0,0
2020-02-02,Blockdaemon Inc.,1.0,0.9978,3,0,0,0,0
2020-02-02,COINQVEST LLC,1.0,1.0,3,0,0,0,0
2020-02-02,Keybase,1.0,1.0,3,0,0,0,0
2020-02-02,LOBSTR,1.0,0.9978,5,0,0,0,0
2020-02-02,SatoshiPay,0.9978,0.9911,3,0,0,0,0
2020-02-02,Stellar Development Foundation,1.0,1.0,3,0,0,0,0
2020-02-02,Wirex Limited,1.0,1.0,3,0,0,0,0
2020-02-03,Blockdaemon Inc.,1.0,1.0,3,0,0,0,0
2020-02-03,COINQVEST LLC,1.0,1.0,3,0,0,0,0
2020-02-03,Keybase,1.0,1.0,3,0,0,0,0
2020-02-03,LOBSTR,1.0,1.0,5,0,0,0,0
2020-02-03,SatoshiPay,1.0,0.9978,3,0,0,0,0
2020-02-03,Stellar Development Foundation,1.0,1.0,3,0,0,0,0
2020-02-03,Wirex Limited,1.0,1.0,3,0,0,0,0
2020-02-04,Blockdaemon Inc.,1.0,1.0,3,0,0,0,0
2020-02-04,COINQVEST LLC,1.0,1.0,3,0,0,0,0
2020-02-04,Keybase,1.0,0.9978,3,0,0,0,0
2020-02-04,LOBSTR,1.0,1.0,5,0,0,0,0
2020-02-04,SatoshiPay,1.0,0.9955,3,0,0,0,0
2020-02-04,Stellar Development Foundation,1.0,0.9978,3,0,0,0,0
2020-02-04,Wirex Limited,1.0,1.0,3,0,0,0,0
2020-02-05,Blockdaemon Inc.,1.0,0.9978,3,0,0,0,0
2020-02-05,COINQVEST LLC,1.0,1.0,3,0,0,0,0
2020-02-05,Keybase,1.0,0.9978,3,0,0,0,0
2020-02-05,LOBSTR,1.0,0.9955,5,0,0,0,0
2020-02-05,SatoshiPay,1.0,0.9732,3,0,0,0,0
2020-02-05,Stellar Development Foundation,1.0,1.0,3,0,0,0,0
2020-02-05,Wirex Limited,1.0,1.0,3,0,0,0,0
2020-02-06,Blockdaemon Inc.,1.0,1.0,3,0,0,0,0
2020-02-06,COINQVEST LLC,1.0,1.0,3,0,0,0,0
2020-02-06,Keybase,1.0,1.0,3,0,0,0,0
2020-02-06,LOBSTR,1.0,0.9977,5,0,0,0,0
2020-02-06,SatoshiPay,1.0,0.9796,3,0,0,0,0
2020-02-06,Stellar Development Foundation,1.0,1.0,3,0,0,0,0
2020-02-06,Wirex Limited,1.0,1.0,3,0,0,0,0
2020-02-07,Blockdaemon Inc.,1.0,0.9977,3,0,0,0,0
2020-02-07,COINQVEST LLC,1.0,1.0,3,0,0,0,0
2020-02-07,Keybase,0.9977,0.9932,3,0,0,0,0
2020-02-07,LOBSTR,1.0,1.0,5,0,0,0,0
2020-02-07,SatoshiPay,0.9977,0.9932,3,0,0,0,0
2020-02-07,Stellar Development Foundation,1.0,1.0,3,0,0,0,0
2020-02-07,Wirex Limited,1.0,1.0,3,0,0,0,0
2020-02-08,Blockdaemon Inc.,1.0,1.0,3,0,0,0,0
2020-02-08,COINQVEST LLC,1.0,1.0,3,0,0,0,0
2020-02-08,Keybase,1.0,0.9978,3,0,0,0,0
2020-02-08,LOBSTR,1.0,1.0,5,0,0,0,0
2020-02-08,SatoshiPay,1.0,0.9781,3,0,0,0,0
2020-02-08,Stellar Development Foundation,1.0,1.0,3,0,0,0,0
2020-02-08,Wirex Limited,1.0,1.0,3,0,0,0,0
2020-02-09,Blockdaemon Inc.,1.0,1.0,3,0,0,0,0
2020-02-09,COINQVEST LLC,1.0,0.2895,3,1,0,0,0
2020-02-09,Keybase,1.0,0.9978,3,0,0,0,0
2020-02-09,LOBSTR,1.0,0.9934,5,0,0,0,0
2020-02-09,SatoshiPay,1.0,1.0,3,0,0,0,0
2020-02-09,Stellar Development Foundation,1.0,0.9978,3,0,0,0,0
2020-02-09,Wirex Limited,1.0,1.0,3,0,0,0,0
2020-02-10,Blockdaemon Inc.,1.0,1.0,3,0,0,0,0
2020-02-10,COINQVEST LLC,1.0,1.0,3,0,0,0,0
2020-02-10,Keybase,1.0,1.0,3,0,0,0,0
2020-02-10,LOBSTR,1.0,0.9978,5,0,0,0,0
2020-02-10,SatoshiPay,1.0,0.9933,3,0,0,0,0
2020-02-10,Stellar Development Foundation,1.0,1.0,3,0,0,0,0
2020-02-10,Wirex Limited,1.0,1.0,3,0,0,0,0
2020-02-11,Blockdaemon Inc.,1.0,1.0,3,0,0,0,0
2020-02-11,COINQVEST LLC,1.0,1.0,3,0,0,0,0
2020-02-11,Keybase,1.0,0.9978,3,0,0,0,0
2020-02-11,LOBSTR,1.0,0.9978,5,0,0,0,0
2020-02-11,SatoshiPay,1.0,0.9956,3,0,0,0,0
2020-02-11,Stellar Development Foundation,1.0,1.0,3,0,0,0,0
2020-02-11,Wirex Limited,1.0,1.0,3,0,0,0,0
2020-02-12,Blockdaemon Inc.,1.0,0.9978,3,0,0,0,0
2020-02-12,COINQVEST LLC,1.0,1.0,3,0,0,0,0
2020-02-12,Keybase,1.0,0.9978,3,0,0,0,0
2020-02-12,LOBSTR,1.0,0.9978,5,0,0,0,0
2020-02-12,SatoshiPay,1.0,0.9866,3,0,0,0,0
2020-02-12,Stellar Development Foundation,1.0,0.9978,3,0,0,0,0
2020-02-12,Wirex Limited,1.0,0.9955,3,0,0,0,0
2020-02-13,Blockdaemon Inc.,1.0,0.9978,3,0,0,0,0
2020-02-13,COINQVEST LLC,1.0,1.0,3,0,0,0,0
2020-02-13,Keybase,1.0,0.9978,3,0,0,0,0
2020-02-13,LOBSTR,1.0,0.9934,5,0,0,0,0
2020-02-13,SatoshiPay,1.0,0.9934,3,0,0,0,0
2020-02-13,Stellar Development Foundation,1.0,1.0,3,0,0,0,0
2020-02-13,Wirex Limited,1.0,1.0,3,0,0,0,0
2020-02-14,Blockdaemon Inc.,1.0,1.0,3,0,0,0,0
2020-02-14,COINQVEST LLC,1.0,1.0,3,0,0,0,0
2020-02-14,Keybase,1.0,1.0,3,0,0,0,0
2020-02-14,LOBSTR,1.0,1.0,5,0,0,0,0
2020-02-14,SatoshiPay,1.0,0.9955,3,0,0,0,0
2020-02-14,Stellar Development Foundation,1.0,1.0,3,0,0,0,0
2020-02-14,Wirex Limited,1.0,1.0,3,0,0,0,0
2020-02-15,Blockdaemon Inc.,0.9978,0.9978,3,0,0,0,0
2020-02-15,COINQVEST LLC,1.0,1.0,3,0,0,0,0
2020-02-15,Keybase,1.0,0.9978,3,0,0,0,0
2020-02-15,LOBSTR,1.0,1.0,5,0,0,0,0
2020-02-15,SatoshiPay,1.0,0.9957,3,0,0,0,0
2020-02-15,Stellar Development Foundation,1.0,1.0,3,0,0,0,0
2020-02-15,Wirex Limited,1.0,1.0,3,0,0,0,0
2020-02-16,Blockdaemon Inc.,1.0,0.9979,3,0,0,0,0
2020-02-16,COINQVEST LLC,1.0,1.0,3,0,0,0,0
2020-02-16,Keybase,1.0,0.9979,3,0,0,0,0
2020-02-16,LOBSTR,1.0,1.0,5,0,0,0,0
2020-02-16,SatoshiPay,1.0,0.9959,3,0,0,0,0
2020-02-16,Stellar Development Foundation,1.0,1.0,3,0,0,0,0
2020-02-16,Wirex Limited,1.0,0.9979,3,0,0,0,0
2020-02-17,Blockdaemon Inc.,1.0,1.0,3,0,0,0,0
2020-02-17,COINQVEST LLC,1.0,1.0,3,0,0,0,0
2020-02-17,Keybase,1.0,0.998,3,0,0,0,0
2020-02-17,LOBSTR,1.0,1.0,5,0,0,0,0
2020-02-17,SatoshiPay,1.0,0.996,3,0,0,0,0
2020-02-17,Stellar Development Foundation,1.0,1.0,3,0,0,0,0
2020-02-17,Wirex Limited,0.998,0.998,3,0,0,0,0
2020-02-18,Blockdaemon Inc.,1.0,1.0,3,0,0,0,0
2020-02-18,COINQVEST LLC,1.0,1.0,3,0,0,0,0
2020-02-18,Keybase,1.0,0.998,3,0,0,0,0
2020-02-18,LOBSTR,1.0,0.998,5,0,0,0,0
2020-02-18,SatoshiPay,1.0,0.9899,3,0,0,0,0
2020-02-18,Stellar Development Foundation,1.0,0.998,3,0,0,0,0
2020-02-18,Wirex Limited,1.0,1.0,3,0,0,0,0
2020-02-19,Blockdaemon Inc.,1.0,0.998,3,0,0,0,0
2020-02-19,COINQVEST LLC,0.998,0.9959,3,0,0,0,0
2020-02-19,Keybase,1.0,0.9959,3,0,0,0,0
2020-02-19,LOBSTR,1.0,0.9939,5,0,0,0,0
2020-02-19,SatoshiPay,0.998,0.9878,3,0,0,0,0
2020-02-19,Stellar Development Foundation,0.9939,0.9918,3,0,0,0,0
2020-02-19,Wirex Limited,1.0,1.0,3,0,0,0,0
2020-02-20,Blockdaemon Inc.,1.0,1.0,3,0,0,0,0
2020-02-20,COINQVEST LLC,1.0,1.0,3,0,0,0,0
2020-02-20,Keybase,1.0,0.9959,3,0,0,0,0
2020-02-20,LOBSTR,1.0,0.9938,5,0,0,0,0
2020-02-20,SatoshiPay,0.9979,0.9959,3,0,0,0,0
2020-02-20,Stellar Development Foundation,0.9979,0.9938,3,0,0,0,0
2020-02-20,Wirex Limited,1.0,1.0,3,0,0,0,0
2020-02-21,Blockdaemon Inc.,1.0,1.0,3,0,0,0,0
2020-02-21,COINQVEST LLC,1.0,1.0,3,0,0,0,0
2020-02-21,Keybase,1.0,0.9979,3,0,0,0,0
2020-02-21,LOBSTR,1.0,0.9979,5,0,0,0,0
2020-02-21,SatoshiPay,1.0,1.0,3,0,0,0,0
2020-02-21,Stellar Development Foundation,0.9938,0.9876,3,0,0,0,0
2020-02-21,Wirex Limited,1.0,1.0,3,0,0,0,0
2020-02-22,Blockdaemon Inc.,1.0,1.0,3,0,0,0,0
2020-02-22,COINQVEST LLC,1.0,1.0,3,0,0,0,0
2020-02-22,Keybase,1.0,0.9979,3,0,0,0,0
2020-02-22,LOBSTR,1.0,0.9979,5,0,0,0,0
2020-02-22,SatoshiPay,1.0,1.0,3,0,0,0,0
2020-02-22,Stellar Development Foundation,0.9896,0.9876,3,1,0,0,0
2020-02-22,Wirex Limited,1.0,0.9979,3,0,0,0,0
2020-02-23,Blockdaemon Inc.,1.0,1.0,3,0,0,0,0
2020-02-23,COINQVEST LLC,1.0,1.0,3,0,0,0,0
2020-02-23,Keybase,1.0,1.0,3,0,0,0,0
2020-02-23,LOBSTR,1.0,0.9979,5,0,0,0,0
2020-02-23,SatoshiPay,1.0,1.0,3,0,0,0,0
2020-02-23,Stellar Development Foundation,0.9854,0.9813,3,1,0,0,0
2020-02-23,Wirex Limited,1.0,1.0,3,0,0,0,0
2020-02-24,Blockdaemon Inc.,1.0,1.0,3,0,0,0,0
2020-02-24,COINQVEST LLC,1.0,1.0,3,0,0,0,0
2020-02-24,Keybase,1.0,1.0,3,0,0,0,0
2020-02-24,LOBSTR,1.0,1.0,5,0,0,0,0
2020-02-24,SatoshiPay,1.0,1.0,3,0,0,0,0
2020-02-24,Stellar Development Foundation,0.9958,0.9938,3,0,0,0,0
2020-02-24,Wirex Limited,1.0,1.0,3,0,0,0,0
2020-02-25,Blockdaemon Inc.,0.9979,0.9979,3,0,0,0,0
2020-02-25,COINQVEST LLC,1.0,1.0,3,0,0,0,0
2020-02-25,Keybase,1.0,0.9979,3,0,0,0,0
2020-02-25,LOBSTR,1.0,0.9979,5,0,0,0,0
2020-02-25,SatoshiPay,0.9979,0.9958,3,0,0,0,0
2020-02-25,Stellar Development Foundation,1.0,1.0,3,0,0,0,0
2020-02-25,Wirex Limited,1.0,1.0,3,0,0,0,0
2020-02-26,Blockdaemon Inc.,1.0,1.0,3,0,0,0,0
2020-02-26,COINQVEST LLC,0.9979,0.9979,3,0,0,0,0
2020-02-26,Keybase,1.0,0.9958,3,0,0,0,0
2020-02-26,LOBSTR,1.0,0.9896,5,0,0,0,0
2020-02-26,SatoshiPay,1.0,0.9917,3,0,0,0,0
2020-02-26,Stellar Development Foundation,0.9979,0.9958,3,0,0,0,0
2020-02-26,Wirex Limited,0.9979,0.9958,3,0,0,0,0
2020-02-27,Blockdaemon Inc.,0.9937,0.9937,3,0,0,0,0
2020-02-27,COINQVEST LLC,1.0,1.0,3,0,0,0,0
2020-02-27,Keybase,1.0,1.0,3,0,0,0,0
2020-02-27,LOBSTR,1.0,0.9958,5,0,0,0,0
2020-02-27,SatoshiPay,0.9958,0.9895,3,0,0,0,0
2020-02-27,Stellar Development Foundation,1.0,0.9979,3,0,0,0,0
2020-02-27,Wirex Limited,0.9979,0.9958,3,0,0,0,0
2020-02-28,Blockdaemon Inc.,1.0,0.9979,3,0,0,0,0
2020-02-28,COINQVEST LLC,1.0,1.0,3,0,0,0,0
2020-02-28,Keybase,1.0,0.9979,3,0,0,0,0
2020-02-28,LOBSTR,1.0,0.9958,5,0,0,0,0
2020-02-28,SatoshiPay,1.0,0.9896,3,0,0,0,0
2020-02-28,Stellar Development Foundation,1.0,1.0,3,0,0,0,0
2020-02-28,Wirex Limited,0.9979,0.9792,3,0,0,0,0
2020-02-29,Blockdaemon Inc.,1.0,0.998,3,0,0,0,0
2020-02-29,COINQVEST LLC,1.0,1.0,3,0,0,0,0
2020-02-29,Keybase,1.0,1.0,3,0,0,0,0
2020-02-29,LOBSTR,1.0,1.0,5,0,0,0,0
2020-02-29,SatoshiPay,0.998,0.9959,3,0,0,0,0
2020-02-29,Stellar Development Foundation,1.0,0.998,3,0,0,0,0
2020-02-29,Wirex Limited,1.0,1.0,3,0,0,0,0
2020-03-01,Blockdaemon Inc.,1.0,1.0,3,0,0,0,0
2020-03-01,COINQVEST LLC,1.0,1.0,3,0,0,0,0
2020-03-01,Keybase,1.0,1.0,3,0,0,0,0
2020-03-01,LOBSTR,1.0,0.998,5,0,0,0,0
2020-03-01,SatoshiPay,1.0,0.998,3,0,0,0,0
2020-03-01,Stellar Development Foundation,1.0,1.0,3,0,0,0,0
2020-03-01,Wirex Limited,1.0,1.0,3,0,0,0,0
2020-03-02,Blockdaemon Inc.,1.0,1.0,3,0,0,0,0
2020-03-02,COINQVEST LLC,1.0,1.0,3,0,0,0,0
2020-03-02,Keybase,1.0,1.0,3,0,0,0,0
2020-03-02,LOBSTR,1.0,0.9898,5,0,0,0,0
2020-03-02,SatoshiPay,1.0,0.9939,3,0,0,0,0
2020-03-02,Stellar Development Foundation,1.0,1.0,3,0,0,0,0
2020-03-02,Wirex Limited,1.0,1.0,3,0,0,0,0
2020-03-03,Blockdaemon Inc.,1.0,1.0,3,0,0,0,0
2020-03-03,COINQVEST LLC,1.0,1.0,3,0,0,0,0
2020-03-03,Keybase,1.0,1.0,3,0,0,0,0
2020-03-03,LOBSTR,1.0,1.0,5,0,0,0,0
2020-03-03,SatoshiPay,1.0,1.0,3,0,0,0,0
2020-03-03,Stellar Development Foundation,1.0,0.9979,3,0,0,0,0
2020-03-03,Wirex Limited,1.0,1.0,3,0,0,0,0
2020-03-04,Blockdaemon Inc.,1.0,1.0,3,0,0,0,0
2020-03-04,COINQVEST LLC,1.0,1.0,3,0,0,0,0
2020-03-04,Keybase,1.0,0.9979,3,0,0,0,0
2020-03-04,LOBSTR,1.0,0.9979,5,0,0,0,0
2020-03-04,SatoshiPay,1.0,0.9979,3,0,0,0,0
2020-03-04,Stellar Development Foundation,1.0,0.9979,3,0,0,0,0
2020-03-04,Wirex Limited,1.0,1.0,3,0,0,0,0
2020-03-05,Blockdaemon Inc.,1.0,1.0,3,0,0,0,0
2020-03-05,COINQVEST LLC,1.0,1.0,3,0,0,0,0
2020-03-05,Keybase,1.0,0.9979,3,0,0,0,0
2020-03-05,LOBSTR,1.0,0.9979,5,0,0,0,0
2020-03-05,SatoshiPay,1.0,0.9959,3,0,0,0,0
2020-03-05,Stellar Development Foundation,1.0,1.0,3,0,0,0,0
2020-03-05,Wirex Limited,1.0,1.0,3,0,0,0,0
2020-03-06,Blockdaemon Inc.,1.0,1.0,3,0,0,0,0
2020-03-06,COINQVEST LLC,1.0,1.0,3,0,0,0,0
2020-03-06,Keybase,1.0,1.0,3,0,0,0,0
2020-03-06,LOBSTR,1.0,0.9979,5,0,0,0,0
2020-03-06,SatoshiPay,1.0,0.9958,3,0,0,0,0
2020-03-06,Stellar Development Foundation,1.0,1.0,3,0,0,0,0
2020-03-06,Wirex Limited,1.0,1.0,3,0,0,0,0
2020-03-07,Blockdaemon Inc.,1.0,0.9979,3,0,0,0,0
2020-03-07,COINQVEST LLC,1.0,1.0,3,0,0,0,0
2020-03-07,Keybase,1.0,0.9979,3,0,0,0,0
2020-03-07,LOBSTR,1.0,0.9959,5,0,0,0,0
2020-03-07,SatoshiPay,0.9979,0.9979,3,0,0,0,0
2020-03-07,Stellar Development Foundation,0.9979,0.9979,3,0,0,0,0
2020-03-07,Wirex Limited,1.0,1.0,3,0,0,0,0
2020-03-08,Blockdaemon Inc.,1.0,1.0,3,0,0,0,0
2020-03-08,COINQVEST LLC,1.0,1.0,3,0,0,0,0
2020-03-08,Keybase,1.0,0.9979,3,0,0,0,0
2020-03-08,LOBSTR,1.0,1.0,5,0,0,0,0
2020-03-08,SatoshiPay,1.0,1.0,3,0,0,0,0
2020-03-08,Stellar Development Foundation,1.0,1.0,3,0,0,0,0
2020-03-08,Wirex Limited,1.0,1.0,3,0,0,0,0
2020-03-09,Blockdaemon Inc.,1.0,1.0,3,0,0,0,0
2020-03-09,COINQVEST LLC,1.0,1.0,3,0,0,0,0
2020-03-09,Keybase,1.0,0.996,3,0,0,0,0
2020-03-09,LOBSTR,1.0,0.998,5,0,0,0,0
2020-03-09,SatoshiPay,1.0,0.998,3,0,0,0,0
2020-03-09,Stellar Development Foundation,0.998,0.996,3,0,0,0,0
2020-03-09,Wirex Limited,1.0,1.0,3,0,0,0,0
2020-03-10,Blockdaemon Inc.,1.0,1.0,3,0,0,0,0
2020-03-10,COINQVEST LLC,1.0,1.0,3,0,0,0,0
2020-03-10,Keybase,1.0,0.998,3,0,0,0,0
2020-03-10,LOBSTR,1.0,1.0,5,0,0,0,0
2020-03-10,SatoshiPay,1.0,0.996,3,0,0,0,0
2020-03-10,Stellar Development Foundation,0.998,0.998,3,0,0,0,0
2020-03-10,Wirex Limited,1.0,0.998,3,0,0,0,0
2020-03-11,Blockdaemon Inc.,1.0,1.0,3,0,0,0,0
2020-03-11,COINQVEST LLC,1.0,1.0,3,0,0,0,0
2020-03-11,Keybase,1.0,0.9979,3,0,0,0,0
2020-03-11,LOBSTR,1.0,0.9979,5,0,0,0,0
2020-03-11,SatoshiPay,1.0,0.9938,3,0,0,0,0
2020-03-11,Stellar Development Foundation,1.0,0.9938,3,0,0,0,0
2020-03-11,Wirex Limited,1.0,1.0,3,0,0,0,0
2020-03-12,Blockdaemon Inc.,1.0,1.0,3,0,0,0,0
2020-03-12,COINQVEST LLC,1.0,1.0,3,0,0,0,0
2020-03-12,Keybase,1.0,0.9979,3,0,0,0,0
2020-03-12,LOBSTR,1.0,0.9979,5,0,0,0,0
2020-03-12,SatoshiPay,1.0,0.985,3,0,0,0,0
2020-03-12,Stellar Development Foundation,0.9957,0.9936,3,0,0,0,0
2020-03-12,Wirex Limited,1.0,1.0,3,0,0,0,0
2020-03-13,Blockdaemon Inc.,1.0,0.9957,3,0,0,0,0
2020-03-13,COINQVEST LLC,1.0,1.0,3,0,0,0,0
2020-03-13,Keybase,1.0,0.9979,3,0,0,0,0
2020-03-13,LOBSTR,1.0,0.9957,5,0,0,0,0
2020-03-13,SatoshiPay,1.0,0.9636,3,0,0,0,0
2020-03-13,Stellar Development Foundation,1.0,0.9979,3,0,0,0,0
2020-03-13,Wirex Limited,1.0,1.0,3,0,0,0,0
2020-03-14,Blockdaemon Inc.,1.0,1.0,3,0,0,0,0
2020-03-14,COINQVEST LLC,1.0,1.0,3,0,0,0,0
2020-03-14,Keybase,1.0,0.9979,3,0,0,0,0
2020-03-14,LOBSTR,1.0,0.9979,5,0,0,0,0
2020-03-14,SatoshiPay,1.0,0.9937,3,0,0,0,0
2020-03-14,Stellar Development Foundation,0.9979,0.9979,3,0,0,0,0
2020-03-14,Wirex Limited,1.0,1.0,3,0,0,0,0
2020-03-15,Blockdaemon Inc.,1.0,1.0,3,0,0,0,0
2020-03-15,COINQVEST LLC,1.0,0.9979,3,0,0,0,0
2020-03-15,Keybase,1.0,0.9979,3,0,0,0,0
2020-03-15,LOBSTR,1.0,0.9979,5,0,0,0,0
2020-03-15,SatoshiPay,1.0,0.9787,3,0,0,0,0
2020-03-15,Stellar Development Foundation,0.9957,0.9957,3,0,0,0,0
2020-03-15,Wirex Limited,1.0,0.9979,3,0,0,0,0
2020-03-16,Blockdaemon Inc.,1.0,1.0,3,0,0,0,0
2020-03-16,COINQVEST LLC,1.0,1.0,3,0,0,0,0
2020-03-16,Keybase,1.0,0.9979,3,0,0,0,0
2020-03-16,LOBSTR,1.0,0.9979,5,0,0,0,0
2020-03-16,SatoshiPay,1.0,0.9793,3,0,0,0,0
2020-03-16,Stellar Development Foundation,0.9938,0.9938,3,0,0,0,0
2020-03-16,Wirex Limited,1.0,1.0,3,0,0,0,0
2020-03-17,Blockdaemon Inc.,1.0,1.0,3,0,0,0,0
2020-03-17,COINQVEST LLC,1.0,1.0,3,0,0,0,0
2020-03-17,Keybase,1.0,1.0,3,0,0,0,0
2020-03-17,LOBSTR,1.0,1.0,5,0,0,0,0
2020-03-17,SatoshiPay,1.0,0.9835,3,0,0,0,0
2020-03-17,Stellar Development Foundation,1.0,0.9917,3,0,0,0,0
2020-03-17,Wirex Limited,1.0,1.0,3,0,0,0,0
2020-03-18,Blockdaemon Inc.,1.0,1.0,3,0,0,0,0
2020-03-18,COINQVEST LLC,1.0,1.0,3,0,0,0,0
2020-03-18,Keybase,1.0,0.9961,3,0,0,0,0
2020-03-18,LOBSTR,1.0,0.998,5,0,0,0,0
2020-03-18,SatoshiPay,1.0,0.9941,3,0,0,0,0
2020-03-18,Stellar Development Foundation,0.9961,0.9882,3,0,0,0,0
2020-03-18,Wirex Limited,1.0,1.0,3,0,0,0,0
2020-03-19,Blockdaemon Inc.,1.0,0.998,3,0,0,0,0
2020-03-19,COINQVEST LLC,1.0,1.0,3,0,0,0,0
2020-03-19,Keybase,1.0,0.998,3,0,0,0,0
2020-03-19,LOBSTR,1.0,0.998,5,0,0,0,0
2020-03-19,SatoshiPay,1.0,0.9798,3,0,0,0,0
2020-03-19,Stellar Development Foundation,1.0,0.996,3,0,0,0,0
2020-03-19,Wirex Limited,1.0,0.998,3,0,0,0,0
2020-03-20,Blockdaemon Inc.,1.0,0.998,3,0,0,0,0
2020-03-20,COINQVEST LLC,1.0,1.0,3,0,0,0,0
2020-03-20,Keybase,1.0,1.0,3,0,0,0,0
2020-03-20,LOBSTR,1.0,0.998,5,0,0,0,0
2020-03-20,SatoshiPay,0.9961,0.9961,3,0,0,0,0
2020-03-20,Stellar Development Foundation,1.0,0.998,3,0,0,0,0
2020-03-20,Wirex Limited,1.0,0.998,3,0,0,0,0
2020-03-21,Blockdaemon Inc.,1.0,1.0,3,0,0,0,0
2020-03-21,COINQVEST LLC,1.0,1.0,3,0,0,0,0
2020-03-21,Keybase,1.0,0.998,3,0,0,0,0
2020-03-21,LOBSTR,1.0,0.996,5,0,0,0,0
2020-03-21,SatoshiPay,1.0,0.998,3,0,0,0,0
2020-03-21,Stellar Development Foundation,1.0,1.0,3,0,0,0,0
2020-03-21,Wirex Limited,1.0,0.998,3,0,0,0,0
2020-03-22,Blockdaemon Inc.,1.0,1.0,3,0,0,0,0
2020-03-22,COINQVEST LLC,1.0,1.0,3,0,0,0,0
2020-03-22,Keybase,1.0,0.9958,3,0,0,0,0
2020-03-22,LOBSTR,1.0,1.0,5,0,0,0,0
2020-03-22,SatoshiPay,1.0,0.9811,3,0,0,0,0
2020-03-22,Stellar Development Foundation,1.0,1.0,3,0,0,0,0
2020-03-22,Wirex Limited,0.9979,0.9958,3,0,0,0,0
2020-03-23,Blockdaemon Inc.,1.0,1.0,3,0,0,0,0
2020-03-23,COINQVEST LLC,1.0,1.0,3,0,0,0,0
2020-03-23,Keybase,1.0,0.998,3,0,0,0,0
2020-03-23,LOBSTR,1.0,1.0,5,0,0,0,0
2020-03-23,SatoshiPay,0.998,0.994,3,0,0,0,0
2020-03-23,Stellar Development Foundation,1.0,1.0,3,0,0,0,0
2020-03-23,Wirex Limited,1.0,0.996,3,0,0,0,0
2020-03-24,Blockdaemon Inc.,1.0,0.998,3,0,0,0,0
2020-03-24,COINQVEST LLC,1.0,1.0,3,0,0,0,0
2020-03-24,Keybase,1.0,0.998,3,0,0,0,0
2020-03-24,LOBSTR,1.0,1.0,5,0,0,0,0
2020-03-24,SatoshiPay,1.0,0.998,3,0,0,0,0
2020-03-24,Stellar Development Foundation,1.0,1.0,3,0,0,0,0
2020-03-24,Wirex Limited,1.0,0.998,3,0,0,0,0
2020-03-25,Blockdaemon Inc.,0.9981,0.9981,3,0,0,0,0
2020-03-25,COINQVEST LLC,1.0,1.0,3,0,0,0,0
2020-03-25,Keybase,1.0,0.9981,3,0,0,0,0
2020-03-25,LOBSTR,1.0,1.0,5,0,0,0,0
2020-03-25,SatoshiPay,1.0,0.9981,3,0,0,0,0
2020-03-25,Stellar Development Foundation,1.0,1.0,3,0,0,0,0
2020-03-25,Wirex Limited,1.0,1.0,3,0,0,0,0
2020-03-26,Blockdaemon Inc.,1.0,0.9961,3,0,0,0,0
2020-03-26,COINQVEST LLC,1.0,0.9981,3,0,0,0,0
2020-03-26,Keybase,1.0,0.9981,3,0,0,0,0
2020-03-26,LOBSTR,1.0,1.0,5,0,0,0,0
2020-03-26,SatoshiPay,1.0,1.0,3,0,0,0,0
2020-03-26,Stellar Development Foundation,1.0,1.0,3,0,0,0,0
2020-03-26,Wirex Limited,1.0,1.0,3,0,0,0,0
2020-03-27,Blockdaemon Inc.,1.0,1.0,3,0,0,0,0
2020-03-27,COINQVEST LLC,1.0,1.0,3,0,0,0,0
2020-03-27,Keybase,1.0,0.9961,3,0,0,0,0
2020-03-27,LOBSTR,1.0,1.0,5,0,0,0,0
2020-03-27,SatoshiPay,1.0,0.9981,3,0,0,0,0
2020-03-27,Stellar Development Foundation,1.0,0.9981,3,0,0,0,0
2020-03-27,Wirex Limited,1.0,0.9961,3,0,0,0,0
2020-03-28,Blockdaemon Inc.,1.0,1.0,3,0,0,0,0
2020-03-28,COINQVEST LLC,1.0,1.0,3,0,0,0,0
2020-03-28,Keybase,1.0,0.9981,3,0,0,0,0
2020-03-28,LOBSTR,1.0,1.0,5,0,0,0,0
2020-03-28,SatoshiPay,1.0,0.9981,3,0,0,0,0
2020-03-28,Stellar Development Foundation,1.0,1.0,3,0,0,0,0
2020-03-28,Wirex Limited,1.0,0.9981,3,0,0,0,0
2020-03-29,Blockdaemon Inc.,1.0,1.0,3,0,0,0,0
2020-03-29,COINQVEST LLC,1.0,1.0,3,0,0,0,0
2020-03-29,Keybase,1.0,0.9962,3,0,0,0,0
2020-03-29,LOBSTR,1.0,0.9981,5,0,0,0,0
2020-03-29,SatoshiPay,1.0,0.9981,3,0,0,0,0
2020-03-29,Stellar Development Foundation,1.0,1.0,3,0,0,0,0
2020-03-29,Wirex Limited,1.0,1.0,3,0,0,0,0
2020-03-30,Blockdaemon Inc.,1.0,1.0,3,0,0,0,0
2020-03-30,COINQVEST LLC,1.0,1.0,3,0,0,0,0
2020-03-30,Keybase,1.0,0.9961,3,0,0,0,0
2020-03-30,LOBSTR,1.0,0.998,5,0,0,0,0
2020-03-30,SatoshiPay,0.9961,0.9941,3,0,0,0,0
2020-03-30,Stellar Development Foundation,1.0,1.0,3,0,0,0,0
2020-03-30,Wirex Limited,1.0,1.0,3,0,0,0,0
2020-03-31,Blockdaemon Inc.,0.998,0.996,3,0,0,0,0
2020-03-31,COINQVEST LLC,1.0,1.0,3,0,0,0,0
2020-03-31,Keybase,1.0,0.998,3,0,0,0,0
2020-03-31,LOBSTR,1.0,0.996,5,0,0,0,0
2020-03-31,SatoshiPay,1.0,0.996,3,0,0,0,0
2020-03-31,Stellar Development Foundation,1.0,1.0,3,0,0,0,0
2020-03-31,Wirex Limited,1.0,1.0,3,0,0,0,0
2020-04-01,Blockdaemon Inc.,1.0,0.996,3,0,0,0,0
2020-04-01,COINQVEST LLC,1.0,1.0,3,0,0,0,0
2020-04-01,Keybase,1.0,0.998,3,0,0,0,0
2020-04-01,LOBSTR,1.0,0.998,5,0,0,0,0
2020-04-01,SatoshiPay,1.0,1.0,3,0,0,0,0
2020-04-01,Stellar Development Foundation,1.0,1.0,3,0,0,0,0
2020-04-01,Wirex Limited,0.998,0.996,3,0,0,0,0
2020-04-02,Blockdaemon Inc.,1.0,0.998,3,0,0,0,0
2020-04-02,COINQVEST LLC,1.0,0.998,3,0,0,0,0
2020-04-02,Keybase,1.0,0.9939,3,0,0,0,0
2020-04-02,LOBSTR,1.0,0.998,5,0,0,0,0
2020-04-02,SatoshiPay,0.998,0.9857,3,0,0,0,0
2020-04-02,Stellar Development Foundation,1.0,0.998,3,0,0,0,0
2020-04-02,Wirex Limited,1.0,0.998,3,0,0,0,0
2020-04-03,Blockdaemon Inc.,1.0,1.0,3,0,0,0,0
2020-04-03,COINQVEST LLC,1.0,1.0,3,0,0,0,0
2020-04-03,Keybase,1.0,0.9981,3,0,0,0,0
2020-04-03,LOBSTR,1.0,0.9981,5,0,0,0,0
2020-04-03,SatoshiPay,0.9981,0.9864,3,0,0,0,0
2020-04-03,Stellar Development Foundation,1.0,0.9981,3,0,0,0,0
2020-04-03,Wirex Limited,0.9981,0.9981,3,0,0,0,0
2020-04-04,Blockdaemon Inc.,1.0,1.0,3,0,0,0,0
2020-04-04,COINQVEST LLC,1.0,1.0,3,0,0,0,0
2020-04-04,Keybase,1.0,0.9962,3,0,0,0,0
2020-04-04,LOBSTR,1.0,0.9962,5,0,0,0,0
2020-04-04,SatoshiPay,1.0,0.9962,3,0,0,0,0
2020-04-04,Stellar Development Foundation,1.0,0.9981,3,0,0,0,0
2020-04-04,Wirex Limited,1.0,1.0,3,0,0,0,0
2020-04-05,Blockdaemon Inc.,1.0,0.9981,3,0,0,0,0
2020-04-05,COINQVEST LLC,1.0,1.0,3,0,0,0,0
2020-04-05,Keybase,1.0,0.9962,3,0,0,0,0
2020-04-05,LOBSTR,1.0,0.9981,5,0,0,0,0
2020-04-05,SatoshiPay,1.0,0.9943,3,0,0,0,0
2020-04-05,Stellar Development Foundation,1.0,0.9981,3,0,0,0,0
2020-04-05,Wirex Limited,1.0,0.9981,3,0,0,0,0
2020-04-06,Blockdaemon Inc.,0.998,0.9921,3,0,0,0,0
2020-04-06,COINQVEST LLC,1.0,0.998,3,0,0,0,0
2020-04-06,Keybase,1.0,0.998,3,0,0,0,0
2020-04-06,LOBSTR,1.0,0.9961,5,0,0,0,0
2020-04-06,SatoshiPay,0.9921,0.9567,3,0,0,0,0
2020-04-06,Stellar Development Foundation,1.0,0.9961,3,0,0,0,0
2020-04-06,Wirex Limited,1.0,0.9941,3,0,0,0,0
2020-04-07,Blockdaemon Inc.,0.998,0.9842,3,0,0,0,0
2020-04-07,COINQVEST LLC,1.0,0.998,3,0,0,0,0
2020-04-07,Keybase,1.0,0.998,3,0,0,0,0
2020-04-07,LOBSTR,1.0,0.996,5,0,0,0,0
2020-04-07,SatoshiPay,0.998,0.9802,3,0,0,0,0
2020-04-07,Stellar Development Foundation,1.0,0.996,3,0,0,0,0
2020-04-07,Wirex Limited,1.0,0.998,3,0,0,0,0
2020-04-08,Blockdaemon Inc.,1.0,0.998,3,0,0,0,0
2020-04-08,COINQVEST LLC,1.0,0.998,3,0,0,0,0
2020-04-08,Keybase,0.998,0.9921,3,0,0,0,0
2020-04-08,LOBSTR,1.0,0.996,5,0,0,0,0
2020-04-08,SatoshiPay,0.994,0.9881,3,0,0,0,0
2020-04-08,Stellar Development Foundation,1.0,0.996,3,0,0,0,0
2020-04-08,Wirex Limited,0.998,0.996,3,0,0,0,0
2020-04-09,Blockdaemon Inc.,1.0,0.9979,3,0,0,0,0
2020-04-09,COINQVEST LLC,1.0,1.0,3,0,0,0,0
2020-04-09,Keybase,1.0,0.9979,3,0,0,0,0
2020-04-09,LOBSTR,1.0,0.9979,5,0,0,0,0
2020-04-09,SatoshiPay,0.9979,0.9893,3,0,0,0,0
2020-04-09,Stellar Development Foundation,1.0,0.9979,3,0,0,0,0
2020-04-09,Wirex Limited,1.0,1.0,3,0,0,0,0
2020-04-10,Blockdaemon Inc.,1.0,0.9966,3,0,0,0,0
2020-04-10,COINQVEST LLC,0.9966,0.9966,3,0,0,0,0
2020-04-10,Keybase,1.0,0.9966,3,0,0,0,0
2020-04-10,LOBSTR,1.0,0.9931,5,0,0,0,0
2020-04-10,SatoshiPay,1.0,0.9794,3,0,0,0,0
2020-04-10,Stellar Development Foundation,1.0,0.9931,3,0,0,0,0
2020-04-10,Wirex Limited,1.0,1.0,3,0,0,0,0
2020-04-11,Blockdaemon Inc.,1.0,0.9966,3,0,0,0,0
2020-04-11,COINQVEST LLC,1.0,1.0,3,0,0,0,0
2020-04-11,Keybase,1.0,0.9966,3,0,0,0,0
2020-04-11,LOBSTR,1.0,0.9966,5,0,0,0,0
2020-04-11,SatoshiPay,1.0,0.9932,3,0,0,0,0
2020-04-11,Stellar Development Foundation,1.0,0.9966,3,0,0,0,0
2020-04-11,Wirex Limited,1.0,0.9966,3,0,0,0,0
2020-04-12,Blockdaemon Inc.,0.9966,0.9966,3,0,0,0,0
2020-04-12,COINQVEST LLC,1.0,1.0,3,0,0,0,0
2020-04-12,Keybase,1.0,0.9932,3,0,0,0,0
2020-04-12,LOBSTR,1.0,0.9966,5,0,0,0,0
2020-04-12,SatoshiPay,1.0,1.0,3,0,0,0,0
2020-04-12,Stellar Development Foundation,1.0,1.0,3,0,0,0,0
2020-04-12,Wirex Limited,0.9966,0.9932,3,0,0,0,0
2020-04-13,Blockdaemon Inc.,1.0,0.9966,3,0,0,0,0
2020-04-13,COINQVEST LLC,1.0,1.0,3,0,0,0,0
2020-04-13,Keybase,1.0,1.0,3,0,0,0,0
2020-04-13,LOBSTR,1.0,0.9966,5,0,0,0,0
2020-04-13,SatoshiPay,1.0,0.9862,3,0,0,0,0
2020-04-13,Stellar Development Foundation,1.0,0.9966,3,0,0,0,0
2020-04-13,Wirex Limited,1.0,1.0,3,0,0,0,0
2020-04-14,Blockdaemon Inc.,1.0,1.0,3,0,0,0,0
2020-04-14,COINQVEST LLC,1.0,1.0,3,0,0,0,0
2020-04-14,Keybase,1.0,1.0,3,0,0,0,0
2020-04-14,LOBSTR,1.0,1.0,5,0,0,0,0
2020-04-14,SatoshiPay,1.0,0.9931,3,0,0,0,0
2020-04-14,Stellar Development Foundation,1.0,1.0,3,0,0,0,0
2020-04-14,Wirex Limited,1.0,1.0,3,0,0,0,0
2020-04-15,Blockdaemon Inc.,0.9965,0.9931,3,0,0,0,0
2020-04-15,COINQVEST LLC,1.0,1.0,3,0,0,0,0
2020-04-15,Keybase,1.0,0.9965,3,0,0,0,0
2020-04-15,LOBSTR,0.9965,0.9931,5,0,0,0,0
2020-04-15,SatoshiPay,0.9931,0.9896,3,0,0,0,0
2020-04-15,Stellar Development Foundation,1.0,0.9965,3,0,0,0,0
2020-04-15,Wirex Limited,1.0,0.9965,3,0,0,0,0
2020-04-16,Blockdaemon Inc.,1.0,0.9965,3,0,0,0,0
2020-04-16,COINQVEST LLC,1.0,1.0,3,0,0,0,0
2020-04-16,Keybase,1.0,0.993,3,0,0,0,0
2020-04-16,LOBSTR,1.0,0.9965,5,0,0,0,0
2020-04-16,SatoshiPay,0.9965,0.9225,3,0,0,0,0
2020-04-16,Stellar Development Foundation,1.0,0.9965,3,0,0,0,0
2020-04-16,Wirex Limited,1.0,0.9965,3,0,0,0,0
2020-04-17,Blockdaemon Inc.,1.0,1.0,3,0,0,0,0
2020-04-17,COINQVEST LLC,1.0,1.0,3,0,0,0,0
2020-04-17,Keybase,1.0,1.0,3,0,0,0,0
2020-04-17,LOBSTR,1.0,0.9964,5,0,0,0,0
2020-04-17,SatoshiPay,1.0,0.9892,3,0,0,0,0
2020-04-17,Stellar Development Foundation,1.0,1.0,3,0,0,0,0
2020-04-17,Wirex Limited,0.9964,0.9964,3,0,0,0,0
2020-04-18,Blockdaemon Inc.,0.9965,0.9965,3,0,0,0,0
2020-04-18,COINQVEST LLC,1.0,1.0,3,0,0,0,0
2020-04-18,Keybase,1.0,0.9965,3,0,0,0,0
2020-04-18,LOBSTR,1.0,1.0,5,0,0,0,0
2020-04-18,SatoshiPay,1.0,0.9895,3,0,0,0,0
2020-04-18,Stellar Development Foundation,1.0,1.0,3,0,0,0,0
2020-04-18,Wirex Limited,1.0,0.9965,3,0,0,0,0
2020-04-19,Blockdaemon Inc.,1.0,1.0,3,0,0,0,0
2020-04-19,COINQVEST LLC,1.0,1.0,3,0,0,0,0
2020-04-19,Keybase,1.0,1.0,3,0,0,0,0
2020-04-19,LOBSTR,1.0,0.9965,5,0,0,0,0
2020-04-19,SatoshiPay,0.9965,0.9723,3,0,0,0,0
2020-04-19,Stellar Development Foundation,1.0,1.0,3,0,0,0,0
2020-04-19,Wirex Limited,1.0,1.0,3,0,0,0,0
2020-04-20,Blockdaemon Inc.,1.0,0.9965,3,0,0,0,0
2020-04-20,COINQVEST LLC,1.0,1.0,3,0,0,0,0
2020-04-20,Keybase,1.0,0.9931,3,0,0,0,0
2020-04-20,LOBSTR,1.0,0.9965,5,0,0,0,0
2020-04-20,SatoshiPay,0.9931,0.8754,3,1,0,0,0
2020-04-20,Stellar Development Foundation,1.0,1.0,3,0,0,0,0
2020-04-20,Wirex Limited,1.0,1.0,3,0,0,0,0
2020-04-21,Blockdaemon Inc.,1.0,1.0,3,0,0,0,0
2020-04-21,COINQVEST LLC,1.0,1.0,3,0,0,0,0
2020-04-21,Keybase,1.0,1.0,3,0,0,0,0
2020-04-21,LOBSTR,1.0,0.9966,5,0,0,0,0
2020-04-21,SatoshiPay,1.0,0.9244,3,0,0,0,0
2020-04-21,Stellar Development Foundation,1.0,0.9966,3,0,0,0,0
2020-04-21,Wirex Limited,1.0,1.0,3,0,0,0,0
2020-04-22,Blockdaemon Inc.,1.0,0.9965,3,0,0,0,0
2020-04-22,COINQVEST LLC,1.0,1.0,3,0,0,0,0
2020-04-22,Keybase,1.0,1.0,3,0,0,0,0
2020-04-22,LOBSTR,1.0,0.9965,5,0,0,0,0
2020-04-22,SatoshiPay,1.0,0.9585,3,0,0,0,0
2020-04-22,Stellar Development Foundation,1.0,0.9965,3,0,0,0,0
2020-04-22,Wirex Limited,1.0,1.0,3,0,0,0,0
2020-04-23,Blockdaemon Inc.,1.0,1.0,3,0,0,0,0
2020-04-23,COINQVEST LLC,1.0,1.0,3,0,0,0,0
2020-04-23,Keybase,1.0,0.9931,3,0,0,0,0
2020-04-23,LOBSTR,1.0,1.0,5,0,0,0,0
2020-04-23,SatoshiPay,0.9722,0.7917,3,1,0,0,0
2020-04-23,Stellar Development Foundation,0.9792,0.9514,3,1,0,0,0
2020-04-23,Wirex Limited,1.0,0.9965,3,0,0,0,0
2020-04-24,Blockdaemon Inc.,1.0,0.9965,3,0,0,0,0
2020-04-24,COINQVEST LLC,1.0,1.0,3,0,0,0,0
2020-04-24,Keybase,0.9965,0.9929,3,0,0,0,0
2020-04-24,LOBSTR,1.0,0.9965,5,0,0,0,0
2020-04-24,SatoshiPay,0.9965,0.9152,3,0,0,0,0
2020-04-24,Stellar Development Foundation,0.6961,0.6961,3,1,0,1,0
2020-04-24,Wirex Limited,1.0,0.9929,3,0,0,0,0
2020-04-25,Blockdaemon Inc.,1.0,1.0,3,0,0,0,0
2020-04-25,COINQVEST LLC,1.0,1.0,3,0,0,0,0
2020-04-25,Keybase,1.0,1.0,3,0,0,0,0
2020-04-25,LOBSTR,1.0,1.0,5,0,0,0,0
2020-04-25,SatoshiPay,1.0,0.9682,3,0,0,0,0
2020-04-25,Stellar Development Foundation,1.0,0.9929,3,0,0,0,0
2020-04-25,Wirex Limited,1.0,1.0,3,0,0,0,0
2020-04-26,Blockdaemon Inc.,1.0,1.0,3,0,0,0,0
2020-04-26,COINQVEST LLC,0.9965,0.9965,3,0,0,0,0
2020-04-26,Keybase,1.0,1.0,3,0,0,0,0
2020-04-26,LOBSTR,1.0,0.9929,5,0,0,0,0
2020-04-26,SatoshiPay,0.9965,0.9645,3,0,0,0,0
2020-04-26,Stellar Development Foundation,0.9965,0.9929,3,0,0,0,0
2020-04-26,Wirex Limited,1.0,1.0,3,0,0,0,0
2020-04-27,Blockdaemon Inc.,1.0,1.0,3,0,0,0,0
2020-04-27,COINQVEST LLC,1.0,1.0,3,0,0,0,0
2020-04-27,Keybase,1.0,0.9929,3,0,0,0,0
2020-04-27,LOBSTR,1.0,0.9965,5,0,0,0,0
2020-04-27,SatoshiPay,1.0,0.9187,3,0,0,0,0
2020-04-27,Stellar Development Foundation,0.9965,0.9929,3,0,0,0,0
2020-04-27,Wirex Limited,1.0,1.0,3,0,0,0,0
2020-04-28,Blockdaemon Inc.,1.0,1.0,3,0,0,0,0
2020-04-28,COINQVEST LLC,1.0,1.0,3,0,0,0,0
2020-04-28,Keybase,1.0,0.9965,3,0,0,0,0
2020-04-28,LOBSTR,1.0,0.9965,5,0,0,0,0
2020-04-28,SatoshiPay,1.0,0.894,3,1,0,0,0
2020-04-28,Stellar Development Foundation,0.9965,0.9929,3,0,0,0,0
2020-04-28,Wirex Limited,1.0,1.0,3,0,0,0,0
2020-04-29,Blockdaemon Inc.,1.0,0.9891,3,0,0,0,0
2020-04-29,COINQVEST LLC,1.0,0.9964,3,0,0,0,0
2020-04-29,Keybase,1.0,1.0,3,0,0,0,0
2020-04-29,LOBSTR,1.0,1.0,5,0,0,0,0
2020-04-29,SatoshiPay,0.9964,0.8029,3,1,0,0,0
2020-04-29,Stellar Development Foundation,1.0,0.9891,3,0,0,0,0
2020-04-29,Wirex Limited,1.0,1.0,3,0,0,0,0
2020-04-30,Blockdaemon Inc.,1.0,0.972,3,0,0,0,0
2020-04-30,COINQVEST LLC,1.0,1.0,3,0,0,0,0
2020-04-30,Keybase,1.0,0.993,3,0,0,0,0
2020-04-30,LOBSTR,1.0,1.0,5,0,0,0,0
2020-04-30,SatoshiPay,0.993,0.8566,3,1,0,0,0
2020-04-30,Stellar Development Foundation,0.9965,0.9965,3,0,0,0,0
2020-04-30,Wirex Limited,1.0,0.9965,3,0,0,0,0
2020-05-01,Blockdaemon Inc.,0.9965,0.9896,3,0,0,0,0
2020-05-01,COINQVEST LLC,1.0,0.9965,3,0,0,0,0
2020-05-01,Keybase,1.0,0.9896,3,0,0,0,0
2020-05-01,LOBSTR,1.0,0.9965,5,0,0,0,0
2020-05-01,SatoshiPay,0.9931,0.8056,3,1,0,0,0
2020-05-01,Stellar Development Foundation,0.9931,0.9861,3,0,0,0,0
2020-05-01,Wirex Limited,0.9965,0.9861,3,0,0,0,0
2020-05-02,Blockdaemon Inc.,1.0,0.993,3,0,0,0,0
2020-05-02,COINQVEST LLC,1.0,1.0,3,0,0,0,0
2020-05-02,Keybase,1.0,1.0,3,0,0,0,0
2020-05-02,LOBSTR,1.0,1.0,5,0,0,0,0
2020-05-02,SatoshiPay,1.0,0.9059,3,0,0,0,0
2020-05-02,Stellar Development Foundation,1.0,0.993,3,0,0,0,0
2020-05-02,Wirex Limited,1.0,0.9965,3,0,0,0,0
2020-05-03,Blockdaemon Inc.,0.9896,0.9722,3,1,0,0,0
2020-05-03,COINQVEST LLC,1.0,1.0,3,0,0,0,0
2020-05-03,Keybase,1.0,0.9896,3,0,0,0,0
2020-05-03,LOBSTR,1.0,0.9965,5,0,0,0,0
2020-05-03,SatoshiPay,0.9757,0.8299,3,1,0,0,0
2020-05-03,Stellar Development Foundation,0.9896,0.9826,3,1,0,0,0
2020-05-03,Wirex Limited,1.0,0.9931,3,0,0,0,0
2020-05-04,Blockdaemon Inc.,1.0,0.9966,3,0,0,0,0
2020-05-04,COINQVEST LLC,1.0,1.0,3,0,0,0,0
2020-05-04,Keybase,1.0,0.9931,3,0,0,0,0
2020-05-04,LOBSTR,1.0,1.0,5,0,0,0,0
2020-05-04,SatoshiPay,0.9759,0.7698,3,1,0,0,0
2020-05-04,Stellar Development Foundation,0.9863,0.9863,3,1,0,0,0
2020-05-04,Wirex Limited,1.0,0.9966,3,0,0,0,0
2020-05-05,Blockdaemon Inc.,0.9861,0.9791,3,1,0,0,0
2020-05-05,COINQVEST LLC,1.0,1.0,3,0,0,0,0
2020-05-05,Keybase,1.0,0.9895,3,0,0,0,0
2020-05-05,LOBSTR,1.0,0.9965,5,0,0,0,0
2020-05-05,SatoshiPay,0.9965,0.9024,3,0,0,0,0
2020-05-05,Stellar Development Foundation,0.9965,0.9965,3,0,0,0,0
2020-05-05,Wirex Limited,1.0,0.993,3,0,0,0,0
2020-05-06,Blockdaemon Inc.,0.9972,0.9915,3,0,0,0,0
2020-05-06,COINQVEST LLC,1.0,0.9972,3,0,0,0,0
2020-05-06,Keybase,1.0,0.9972,3,0,0,0,0
2020-05-06,LOBSTR,1.0,0.9972,5,0,0,0,0
2020-05-06,SatoshiPay,1.0,0.8761,3,1,0,0,0
2020-05-06,Stellar Development Foundation,0.9972,0.9887,3,0,0,0,0
2020-05-06,Wirex Limited,1.0,0.9972,3,0,0,0,0
2020-05-07,Blockdaemon Inc.,1.0,0.9821,3,0,0,0,0
2020-05-07,COINQVEST LLC,1.0,1.0,3,0,0,0,0
2020-05-07,Keybase,1.0,0.998,3,0,0,0,0
2020-05-07,LOBSTR,1.0,0.996,5,0,0,0,0
2020-05-07,SatoshiPay,0.9901,0.8968,3,1,0,0,0
2020-05-07,Stellar Development Foundation,0.9841,0.9762,3,1,1,0,0
2020-05-07,Wirex Limited,1.0,0.994,3,0,0,0,0
2020-05-08,Blockdaemon Inc.,0.9882,0.9804,3,1,1,0,0
2020-05-08,COINQVEST LLC,0.998,0.998,3,0,0,0,0
2020-05-08,Keybase,1.0,0.9921,3,0,0,0,0
2020-05-08,LOBSTR,1.0,0.9961,5,0,0,0,0
2020-05-08,SatoshiPay,0.9941,0.8919,3,1,0,0,0
2020-05-08,Stellar Development Foundation,0.9862,0.9784,3,1,1,0,0
2020-05-08,Wirex Limited,1.0,0.9961,3,0,0,0,0
2020-05-09,Blockdaemon Inc.,0.9904,0.9731,3,0,1,0,0
2020-05-09,COINQVEST LLC,0.9981,0.9981,3,0,0,0,0
2020-05-09,Keybase,1.0,0.9981,3,0,0,0,0
2020-05-09,LOBSTR,1.0,0.9942,5,0,0,0,0
2020-05-09,SatoshiPay,0.9865,0.8981,3,1,1,0,0
2020-05-09,Stellar Development Foundation,0.9788,0.9769,3,1,1,0,0
2020-05-09,Wirex Limited,0.9981,0.9962,3,0,0,0,0
2020-05-10,Blockdaemon Inc.,0.9865,0.9362,3,1,1,0,0
2020-05-10,COINQVEST LLC,1.0,1.0,3,0,0,0,0
2020-05-10,Keybase,1.0,0.9961,3,0,0,0,0
2020-05-10,LOBSTR,1.0,0.9981,5,0,0,0,0
2020-05-10,SatoshiPay,0.9691,0.7427,3,1,1,0,0
2020-05-10,Stellar Development Foundation,0.9768,0.971,3,1,1,0,0
2020-05-10,Wirex Limited,1.0,1.0,3,0,0,0,0
2020-05-11,Blockdaemon Inc.,0.9862,0.9352,3,1,1,0,0
2020-05-11,COINQVEST LLC,0.998,0.998,3,0,0,0,0
2020-05-11,Keybase,0.998,0.9941,3,0,0,0,0
2020-05-11,LOBSTR,1.0,0.9961,5,0,0,0,0
2020-05-11,SatoshiPay,0.9764,0.7564,3,1,1,0,0
2020-05-11,Stellar Development Foundation,0.9804,0.9745,3,1,1,0,0
2020-05-11,Wirex Limited,1.0,0.9961,3,0,0,0,0
2020-05-12,Blockdaemon Inc.,0.9941,0.9842,3,0,1,0,0
2020-05-12,COINQVEST LLC,1.0,1.0,3,0,0,0,0
2020-05-12,Keybase,1.0,0.998,3,0,0,0,0
2020-05-12,LOBSTR,1.0,0.998,5,0,0,0,0
2020-05-12,SatoshiPay,0.9941,0.4515,3,1,1,0,0
2020-05-12,Stellar Development Foundation,0.9881,0.9842,3,1,1,0,0
2020-05-12,Wirex Limited,1.0,0.996,3,0,0,0,0
2020-05-13,Blockdaemon Inc.,0.9939,0.9857,3,0,1,0,0
2020-05-13,COINQVEST LLC,1.0,1.0,3,0,0,0,0
2020-05-13,Keybase,1.0,0.998,3,0,0,0,0
2020-05-13,LOBSTR,1.0,0.998,5,0,0,0,0
2020-05-13,SatoshiPay,1.0,0.9613,3,0,1,0,0
2020-05-13,Stellar Development Foundation,0.9756,0.9756,3,1,1,0,0
2020-05-13,Wirex Limited,1.0,1.0,3,0,0,0,0
2020-05-14,Blockdaemon Inc.,0.992,0.9861,3,0,1,0,0
2020-05-14,COINQVEST LLC,1.0,1.0,3,0,0,0,0
2020-05-14,Keybase,1.0,0.998,3,0,0,0,0
2020-05-14,LOBSTR,1.0,0.992,5,0,0,0,0
2020-05-14,SatoshiPay,0.998,0.8068,3,1,1,0,0
2020-05-14,Stellar Development Foundation,0.994,0.994,3,0,1,0,0
2020-05-14,Wirex Limited,1.0,1.0,3,0,0,0,0
2020-05-15,Blockdaemon Inc.,0.9941,0.9822,3,0,0,0,0
2020-05-15,COINQVEST LLC,1.0,1.0,3,0,0,0,0
2020-05-15,Keybase,1.0,0.9921,3,0,0,0,0
2020-05-15,LOBSTR,1.0,1.0,5,0,0,0,0
2020-05-15,SatoshiPay,0.9802,0.796,3,1,1,0,0
2020-05-15,Stellar Development Foundation,0.9921,0.9881,3,0,1,0,0
2020-05-15,Wirex Limited,1.0,0.998,3,0,0,0,0
2020-05-16,Blockdaemon Inc.,0.9961,0.9902,3,0,0,0,0
2020-05-16,COINQVEST LLC,1.0,1.0,3,0,0,0,0
2020-05-16,Keybase,1.0,0.998,3,0,0,0,0
2020-05-16,LOBSTR,1.0,0.998,5,0,0,0,0
2020-05-16,SatoshiPay,0.9804,0.9178,3,1,1,0,0
2020-05-16,Stellar Development Foundation,0.9804,0.9804,3,1,1,0,0
2020-05-16,Wirex Limited,1.0,1.0,3,0,0,0,0
2020-05-17,Blockdaemon Inc.,1.0,0.9864,3,0,0,0,0
2020-05-17,COINQVEST LLC,1.0,1.0,3,0,0,0,0
2020-05-17,Keybase,1.0,0.9961,3,0,0,0,0
2020-05-17,LOBSTR,1.0,0.9981,5,0,0,0,0
2020-05-17,SatoshiPay,0.9826,0.9167,3,1,1,0,0
2020-05-17,Stellar Development Foundation,0.9884,0.9826,3,1,1,0,0
2020-05-17,Wirex Limited,1.0,1.0,3,0,0,0,0
2020-05-18,Blockdaemon Inc.,0.998,0.9921,3,0,0,0,0
2020-05-18,COINQVEST LLC,1.0,1.0,3,0,0,0,0
2020-05-18,Keybase,1.0,0.9961,3,0,0,0,0
2020-05-18,LOBSTR,1.0,0.998,5,0,0,0,0
2020-05-18,SatoshiPay,0.9763,0.8797,3,1,1,0,0
2020-05-18,Stellar Development Foundation,0.9862,0.9842,3,1,1,0,0
2020-05-18,Wirex Limited,1.0,0.998,3,0,0,0,0
2020-05-19,Blockdaemon Inc.,0.998,0.9901,3,0,0,0,0
2020-05-19,COINQVEST LLC,1.0,1.0,3,0,0,0,0
2020-05-19,Keybase,1.0,0.996,3,0,0,0,0
2020-05-19,LOBSTR,1.0,0.998,5,0,0,0,0
2020-05-19,SatoshiPay,0.9901,0.9523,3,0,1,0,0
2020-05-19,Stellar Development Foundation,0.992,0.9901,3,0,1,0,0
2020-05-19,Wirex Limited,1.0,1.0,3,0,0,0,0
2020-05-20,Blockdaemon Inc.,0.998,0.9785,3,0,0,0,0
2020-05-20,COINQVEST LLC,1.0,1.0,3,0,0,0,0
2020-05-20,Keybase,1.0,0.998,3,0,0,0,0
2020-05-20,LOBSTR,1.0,0.9961,5,0,0,0,0
2020-05-20,SatoshiPay,0.9687,0.9119,3,1,1,0,0
2020-05-20,Stellar Development Foundation,0.9922,0.9902,3,0,1,0,0
2020-05-20,Wirex Limited,1.0,0.998,3,0,0,0,0
2020-05-21,Blockdaemon Inc.,0.9861,0.9644,3,1,0,0,0
2020-05-21,COINQVEST LLC,1.0,1.0,3,0,0,0,0
2020-05-21,Keybase,1.0,1.0,3,0,0,0,0
2020-05-21,LOBSTR,1.0,1.0,5,0,0,0,0
2020-05-21,SatoshiPay,0.9604,0.8911,3,1,1,0,0
2020-05-21,Stellar Development Foundation,0.9901,0.9842,3,0,1,0,0
2020-05-21,Wirex Limited,1.0,1.0,3,0,0,0,0
2020-05-22,Blockdaemon Inc.,1.0,0.9961,3,0,0,0,0
2020-05-22,COINQVEST LLC,1.0,1.0,3,0,0,0,0
2020-05-22,Keybase,1.0,0.9942,3,0,0,0,0
2020-05-22,LOBSTR,1.0,0.9961,5,0,0,0,0
2020-05-22,SatoshiPay,0.9496,0.8081,3,1,1,0,0
2020-05-22,Stellar Development Foundation,0.9864,0.9826,3,1,1,0,0
2020-05-22,Wirex Limited,1.0,0.9981,3,0,0,0,0
2020-05-23,Blockdaemon Inc.,1.0,0.9921,3,0,0,0,0
2020-05-23,COINQVEST LLC,1.0,1.0,3,0,0,0,0
2020-05-23,Keybase,1.0,0.998,3,0,0,0,0
2020-05-23,LOBSTR,1.0,1.0,5,0,0,0,0
2020-05-23,SatoshiPay,1.0,0.9862,3,0,1,0,0
2020-05-23,Stellar Development Foundation,0.9882,0.9862,3,1,1,0,0
2020-05-23,Wirex Limited,1.0,1.0,3,0,0,0,0
2020-05-24,Blockdaemon Inc.,1.0,1.0,3,0,0,0,0
2020-05-24,COINQVEST LLC,1.0,1.0,3,0,0,0,0
2020-05-24,Keybase,1.0,0.998,3,0,0,0,0
2020-05-24,LOBSTR,1.0,0.9961,5,0,0,0,0
2020-05-24,SatoshiPay,1.0,0.9941,3,0,1,0,0
2020-05-24,Stellar Development Foundation,0.9882,0.9882,3,1,1,0,0
2020-05-24,Wirex Limited,1.0,1.0,3,0,0,0,0
2020-05-25,Blockdaemon Inc.,1.0,0.992,3,0,0,0,0
2020-05-25,COINQVEST LLC,1.0,1.0,3,0,0,0,0
2020-05-25,Keybase,1.0,0.996,3,0,0,0,0
2020-05-25,LOBSTR,1.0,0.998,5,0,0,0,0
2020-05-25,SatoshiPay,1.0,0.998,3,0,1,0,0
2020-05-25,Stellar Development Foundation,0.994,0.988,3,0,1,0,0
2020-05-25,Wirex Limited,1.0,1.0,3,0,0,0,0
2020-05-26,Blockdaemon Inc.,0.998,0.99,3,0,0,0,0
2020-05-26,COINQVEST LLC,1.0,1.0,3,0,0,0,0
2020-05-26,Keybase,1.0,0.998,3,0,0,0,0
2020-05-26,LOBSTR,1.0,0.998,5,0,0,0,0
2020-05-26,SatoshiPay,1.0,0.9839,3,0,1,0,0
2020-05-26,Stellar Development Foundation,0.9819,0.9739,3,1,1,0,0
2020-05-26,Wirex Limited,1.0,1.0,3,0,0,0,0
2020-05-27,Blockdaemon Inc.,1.0,0.9735,3,0,0,0,0
2020-05-27,COINQVEST LLC,1.0,1.0,3,0,0,0,0
2020-05-27,Keybase,1.0,0.998,3,0,0,0,0
2020-05-27,LOBSTR,1.0,0.998,5,0,0,0,0
2020-05-27,SatoshiPay,1.0,0.9837,3,0,0,0,0
2020-05-27,Stellar Development Foundation,1.0,1.0,3,0,1,0,0
2020-05-27,Wirex Limited,1.0,1.0,3,0,0,0,0
2020-05-28,Blockdaemon Inc.,1.0,0.9918,3,0,0,0,0
2020-05-28,COINQVEST LLC,1.0,1.0,3,0,0,0,0
2020-05-28,Keybase,1.0,0.9938,3,0,0,0,0
2020-05-28,LOBSTR,1.0,0.9979,5,0,0,0,0
2020-05-28,SatoshiPay,0.9959,0.9733,3,0,0,0,0
2020-05-28,Stellar Development Foundation,0.9979,0.9979,3,0,1,0,0
2020-05-28,Wirex Limited,1.0,0.9979,3,0,0,0,0
2020-05-29,Blockdaemon Inc.,1.0,0.9815,3,0,0,0,0
2020-05-29,COINQVEST LLC,1.0,1.0,3,0,0,0,0
2020-05-29,Keybase,1.0,0.9979,3,0,0,0,0
2020-05-29,LOBSTR,1.0,0.9979,5,0,0,0,0
2020-05-29,SatoshiPay,0.9897,0.9774,3,1,0,0,0
2020-05-29,Stellar Development Foundation,0.9959,0.9918,3,0,1,0,0
2020-05-29,Wirex Limited,1.0,1.0,3,0,0,0,0
2020-05-30,Blockdaemon Inc.,1.0,0.992,3,0,0,0,0
2020-05-30,COINQVEST LLC,1.0,1.0,3,0,0,0,0
2020-05-30,Keybase,1.0,0.996,3,0,0,0,0
2020-05-30,LOBSTR,1.0,0.992,5,0,0,0,0
2020-05-30,SatoshiPay,0.9899,0.9577,3,1,0,0,0
2020-05-30,Stellar Development Foundation,0.992,0.9839,3,0,0,0,0
2020-05-30,Wirex Limited,1.0,0.998,3,0,0,0,0
2020-05-31,Blockdaemon Inc.,1.0,0.9841,3,0,0,0,0
2020-05-31,COINQVEST LLC,1.0,1.0,3,0,0,0,0
2020-05-31,Keybase,1.0,0.994,3,0,0,0,0
2020-05-31,LOBSTR,1.0,0.998,5,0,0,0,0
2020-05-31,SatoshiPay,0.9702,0.9246,3,1,1,0,0
2020-05-31,Stellar Development Foundation,0.9861,0.9742,3,1,0,0,0
2020-05-31,Wirex Limited,1.0,0.9921,3,0,0,0,0
2020-06-01,Blockdaemon Inc.,1.0,0.9955,3,0,0,0,0
2020-06-01,COINQVEST LLC,1.0,1.0,3,0,0,0,0
2020-06-01,Keybase,1.0,0.9977,3,0,0,0,0
2020-06-01,LOBSTR,1.0,0.9977,5,0,0,0,0
2020-06-01,SatoshiPay,0.9751,0.9299,3,1,1,0,0
2020-06-01,Stellar Development Foundation,0.9977,0.9887,3,0,0,0,0
2020-06-01,Wirex Limited,1.0,1.0,3,0,0,0,0
2020-06-02,Blockdaemon Inc.,0.9977,0.9817,3,0,0,0,0
2020-06-02,COINQVEST LLC,0.9909,0.3927,3,1,0,0,0
2020-06-02,Keybase,1.0,0.9977,3,0,0,0,0
2020-06-02,LOBSTR,1.0,0.9977,5,0,0,0,0
2020-06-02,SatoshiPay,0.9543,0.8813,3,1,1,0,0
2020-06-02,Stellar Development Foundation,0.9909,0.9863,3,0,0,0,0
2020-06-02,Wirex Limited,1.0,1.0,3,0,0,0,0
2020-06-03,Blockdaemon Inc.,1.0,1.0,3,0,0,0,0
2020-06-03,COINQVEST LLC,1.0,1.0,3,0,0,0,0
2020-06-03,Keybase,1.0,1.0,3,0,0,0,0
2020-06-03,LOBSTR,1.0,1.0,5,0,0,0,0
2020-06-03,SatoshiPay,1.0,0.998,3,0,1,0,0
2020-06-03,Stellar Development Foundation,1.0,1.0,3,0,0,0,0
2020-06-03,Wirex Limited,1.0,1.0,3,0,0,0,0
2020-06-04,Blockdaemon Inc.,1.0,1.0,3,0,0,0,0
2020-06-04,COINQVEST LLC,1.0,1.0,3,0,0,0,0
2020-06-04,Keybase,1.0,1.0,3,0,0,0,0
2020-06-04,LOBSTR,1.0,1.0,5,0,0,0,0
2020-06-04,SatoshiPay,1.0,0.998,3,0,1,0,0
2020-06-04,Stellar Development Foundation,1.0,0.996,3,0,0,0,0
2020-06-04,Wirex Limited,1.0,1.0,3,0,0,0,0
2020-06-05,Blockdaemon Inc.,1.0,0.998,3,0,0,0,0
2020-06-05,COINQVEST LLC,1.0,1.0,3,0,0,0,0
2020-06-05,Keybase,1.0,1.0,3,0,0,0,0
2020-06-05,LOBSTR,1.0,1.0,5,0,0,0,0
2020-06-05,SatoshiPay,1.0,1.0,3,0,1,0,0
2020-06-05,Stellar Development Foundation,1.0,1.0,3,0,0,0,0
2020-06-05,Wirex Limited,1.0,1.0,3,0,0,0,0
2020-06-06,Blockdaemon Inc.,1.0,0.996,3,0,0,0,0
2020-06-06,COINQVEST LLC,1.0,1.0,3,0,0,0,0
2020-06-06,Keybase,1.0,1.0,3,0,0,0,0
2020-06-06,LOBSTR,1.0,1.0,5,0,0,0,0
2020-06-06,SatoshiPay,1.0,0.998,3,0,1,0,0
2020-06-06,Stellar Development Foundation,1.0,1.0,3,0,0,0,0
2020-06-06,Wirex Limited,1.0,0.998,3,0,0,0,0
2020-06-07,Blockdaemon Inc.,1.0,0.998,3,0,0,0,0
2020-06-07,COINQVEST LLC,1.0,1.0,3,0,0,0,0
2020-06-07,Keybase,1.0,1.0,3,0,0,0,0
2020-06-07,LOBSTR,1.0,1.0,5,0,0,0,0
2020-06-07,SatoshiPay,1.0,1.0,3,0,0,0,0
2020-06-07,Stellar Development Foundation,1.0,0.998,3,0,0,0,0
2020-06-07,Wirex Limited,1.0,1.0,3,0,0,0,0
2020-06-08,Blockdaemon Inc.,1.0,0.994,3,0,0,0,0
2020-06-08,COINQVEST LLC,1.0,1.0,3,0,0,0,0
2020-06-08,Keybase,1.0,1.0,3,0,0,0,0
2020-06-08,LOBSTR,1.0,1.0,5,0,0,0,0
2020-06-08,SatoshiPay,1.0,1.0,3,0,0,0,0
2020-06-08,Stellar Development Foundation,1.0,1.0,3,0,0,0,0
2020-06-08,Wirex Limited,1.0,1.0,3,0,0,0,0
2020-06-09,Blockdaemon Inc.,1.0,0.9958,3,0,0,0,0
2020-06-09,COINQVEST LLC,1.0,1.0,3,0,0,0,0
2020-06-09,Keybase,1.0,1.0,3,0,0,0,0
2020-06-09,LOBSTR,1.0,1.0,5,0,0,0,0
2020-06-09,SatoshiPay,1.0,1.0,3,0,0,0,0
2020-06-09,Stellar Development Foundation,1.0,0.9958,3,0,0,0,0
2020-06-09,Wirex Limited,1.0,1.0,3,0,0,0,0
2020-06-10,Blockdaemon Inc.,1.0,0.9938,3,0,0,0,0
2020-06-10,COINQVEST LLC,1.0,1.0,3,0,0,0,0
2020-06-10,Keybase,1.0,1.0,3,0,0,0,0
2020-06-10,LOBSTR,1.0,1.0,5,0,0,0,0
2020-06-10,SatoshiPay,1.0,1.0,3,0,0,0,0
2020-06-10,Stellar Development Foundation,1.0,0.9979,3,0,0,0,0
2020-06-10,Wirex Limited,1.0,1.0,3,0,0,0,0
2020-06-11,Blockdaemon Inc.,1.0,0.994,3,0,0,0,0
2020-06-11,COINQVEST LLC,1.0,1.0,3,0,0,0,0
2020-06-11,Keybase,1.0,1.0,3,0,0,0,0
2020-06-11,LOBSTR,1.0,1.0,5,0,0,0,0
2020-06-11,SatoshiPay,1.0,1.0,3,0,0,0,0
2020-06-11,Stellar Development Foundation,1.0,1.0,3,0,0,0,0
2020-06-11,Wirex Limited,1.0,1.0,3,0,0,0,0
2020-06-12,Blockdaemon Inc.,1.0,0.9939,3,0,0,0,0
2020-06-12,COINQVEST LLC,1.0,1.0,3,0,0,0,0
2020-06-12,Keybase,1.0,1.0,3,0,0,0,0
2020-06-12,LOBSTR,1.0,1.0,5,0,0,0,0
2020-06-12,SatoshiPay,1.0,1.0,3,0,0,0,0
2020-06-12,Stellar Development Foundation,1.0,1.0,3,0,0,0,0
2020-06-12,Wirex Limited,1.0,1.0,3,0,0,0,0
2020-06-13,Blockdaemon Inc.,1.0,0.9818,3,0,0,0,0
2020-06-13,COINQVEST LLC,1.0,1.0,3,0,0,0,0
2020-06-13,Keybase,1.0,1.0,3,0,0,0,0
2020-06-13,LOBSTR,1.0,1.0,5,0,0,0,0
2020-06-13,SatoshiPay,1.0,1.0,3,0,0,0,0
2020-06-13,Stellar Development Foundation,1.0,1.0,3,0,0,0,0
2020-06-13,Wirex Limited,1.0,1.0,3,0,0,0,0
2020-06-14,Blockdaemon Inc.,1.0,0.9898,3,0,0,0,0
2020-06-14,COINQVEST LLC,1.0,1.0,3,0,0,0,0
2020-06-14,Keybase,1.0,1.0,3,0,0,0,0
2020-06-14,LOBSTR,1.0,1.0,5,0,0,0,0
2020-06-14,SatoshiPay,1.0,1.0,3,0,0,0,0
2020-06-14,Stellar Development Foundation,1.0,1.0,3,0,0,0,0
2020-06-14,Wirex Limited,1.0,1.0,3,0,0,0,0
2020-06-15,Blockdaemon Inc.,1.0,0.9918,3,0,0,0,0
2020-06-15,COINQVEST LLC,1.0,1.0,3,0,0,0,0
2020-06-15,Keybase,1.0,1.0,3,0,0,0,0
2020-06-15,LOBSTR,1.0,1.0,5,0,0,0,0
2020-06-15,SatoshiPay,1.0,1.0,3,0,0,0,0
2020-06-15,Stellar Development Foundation,1.0,1.0,3,0,0,0,0
2020-06-15,Wirex Limited,1.0,1.0,3,0,0,0,0
2020-06-16,Blockdaemon Inc.,1.0,0.9917,3,0,0,0,0
2020-06-16,COINQVEST LLC,1.0,1.0,3,0,0,0,0
2020-06-16,Keybase,1.0,1.0,3,0,0,0,0
2020-06-16,LOBSTR,1.0,1.0,5,0,0,0,0
2020-06-16,SatoshiPay,1.0,1.0,3,0,0,0,0
2020-06-16,Stellar Development Foundation,1.0,1.0,3,0,0,0,0
2020-06-16,Wirex Limited,1.0,1.0,3,0,0,0,0
2020-06-17,Blockdaemon Inc.,1.0,0.9979,3,0,0,0,0
2020-06-17,COINQVEST LLC,1.0,1.0,3,0,0,0,0
2020-06-17,Keybase,1.0,1.0,3,0,0,0,0
2020-06-17,LOBSTR,1.0,1.0,5,0,0,0,0
2020-06-17,SatoshiPay,1.0,1.0,3,0,0,0,0
2020-06-17,Stellar Development Foundation,1.0,1.0,3,0,0,0,0
2020-06-17,Wirex Limited,1.0,1.0,3,0,0,0,0
2020-06-18,Blockdaemon Inc.,1.0,0.9935,3,0,0,0,0
2020-06-18,COINQVEST LLC,1.0,1.0,3,0,0,0,0
2020-06-18,Keybase,1.0,1.0,3,0,0,0,0
2020-06-18,LOBSTR,1.0,1.0,5,0,0,0,0
2020-06-18,SatoshiPay,1.0,1.0,3,0,0,0,0
2020-06-18,Stellar Development Foundation,1.0,1.0,3,0,0,0,0
2020-06-18,Wirex Limited,1.0,1.0,3,0,0,0,0
2020-06-19,Blockdaemon Inc.,1.0,0.9959,3,0,0,0,0
2020-06-19,COINQVEST LLC,1.0,1.0,3,0,0,0,0
2020-06-19,Keybase,1.0,1.0,3,0,0,0,0
2020-06-19,LOBSTR,1.0,1.0,5,0,0,0,0
2020-06-19,SatoshiPay,1.0,1.0,3,0,0,0,0
2020-06-19,Stellar Development Foundation,1.0,1.0,3,0,0,0,0
2020-06-19,Wirex Limited,1.0,1.0,3,0,0,0,0
2020-06-20,Blockdaemon Inc.,1.0,0.9941,3,0,0,0,0
2020-06-20,COINQVEST LLC,1.0,1.0,3,0,0,0,0
2020-06-20,Keybase,1.0,1.0,3,0,0,0,0
2020-06-20,LOBSTR,1.0,1.0,5,0,0,0,0
2020-06-20,SatoshiPay,1.0,1.0,3,0,0,0,0
2020-06-20,Stellar Development Foundation,1.0,1.0,3,0,0,0,0
2020-06-20,Wirex Limited,1.0,1.0,3,0,0,0,0
2020-06-21,Blockdaemon Inc.,1.0,0.994,3,0,0,0,0
2020-06-21,COINQVEST LLC,1.0,1.0,3,0,0,0,0
2020-06-21,Keybase,1.0,1.0,3,0,0,0,0
2020-06-21,LOBSTR,1.0,1.0,5,0,0,0,0
2020-06-21,SatoshiPay,1.0,1.0,3,0,0,0,0
2020-06-21,Stellar Development Foundation,1.0,1.0,3,0,0,0,0
2020-06-21,Wirex Limited,1.0,1.0,3,0,0,0,0
2020-06-22,Blockdaemon Inc.,1.0,0.994,3,0,0,0,0
2020-06-22,COINQVEST LLC,1.0,1.0,3,0,0,0,0
2020-06-22,Keybase,1.0,1.0,3,0,0,0,0
2020-06-22,LOBSTR,1.0,1.0,5,0,0,0,0
2020-06-22,SatoshiPay,1.0,1.0,3,0,0,0,0
2020-06-22,Stellar Development Foundation,1.0,1.0,3,0,0,0,0
2020-06-22,Wirex Limited,1.0,1.0,3,0,0,0,0
2020-06-23,Blockdaemon Inc.,1.0,0.9941,3,0,0,0,0
2020-06-23,COINQVEST LLC,1.0,1.0,3,0,0,0,0
2020-06-23,Keybase,1.0,1.0,3,0,0,0,0
2020-06-23,LOBSTR,1.0,1.0,5,0,0,0,0
2020-06-23,SatoshiPay,1.0,1.0,3,0,0,0,0
2020-06-23,Stellar Development Foundation,1.0,1.0,3,0,0,0,0
2020-06-23,Wirex Limited,1.0,1.0,3,0,0,0,0
2020-06-24,Blockdaemon Inc.,1.0,0.9921,3,0,0,0,0
2020-06-24,COINQVEST LLC,1.0,1.0,3,0,0,0,0
2020-06-24,Keybase,1.0,1.0,3,0,0,0,0
2020-06-24,LOBSTR,1.0,1.0,5,0,0,0,0
2020-06-24,SatoshiPay,1.0,1.0,3,0,0,0,0
2020-06-24,Stellar Development Foundation,1.0,1.0,3,0,0,0,0
2020-06-24,Wirex Limited,1.0,0.9961,3,0,0,0,0
2020-06-25,Blockdaemon Inc.,1.0,0.9941,3,0,0,0,0
2020-06-25,COINQVEST LLC,1.0,1.0,3,0,0,0,0
2020-06-25,Keybase,1.0,1.0,3,0,0,0,0
2020-06-25,LOBSTR,1.0,1.0,5,0,0,0,0
2020-06-25,SatoshiPay,1.0,1.0,3,0,0,0,0
2020-06-25,Stellar Development Foundation,1.0,1.0,3,0,0,0,0
2020-06-25,Wirex Limited,1.0,0.9941,3,0,0,0,0
2020-06-26,Blockdaemon Inc.,1.0,0.9884,3,0,0,0,0
2020-06-26,COINQVEST LLC,1.0,1.0,3,0,0,0,0
2020-06-26,Keybase,1.0,1.0,3,0,0,0,0
2020-06-26,LOBSTR,1.0,1.0,5,0,0,0,0
2020-06-26,SatoshiPay,1.0,1.0,3,0,0,0,0
2020-06-26,Stellar Development Foundation,1.0,1.0,3,0,0,0,0
2020-06-26,Wirex Limited,1.0,1.0,3,0,0,0,0
2020-06-27,Blockdaemon Inc.,1.0,0.9826,3,0,0,0,0
2020-06-27,COINQVEST LLC,1.0,1.0,3,0,0,0,0
2020-06-27,Keybase,1.0,0.9942,3,0,0,0,0
2020-06-27,LOBSTR,1.0,1.0,5,0,0,0,0
2020-06-27,SatoshiPay,0.9961,0.9942,3,0,0,0,0
2020-06-27,Stellar Development Foundation,1.0,1.0,3,0,0,0,0
2020-06-27,Wirex Limited,1.0,1.0,3,0,0,0,0
2020-06-28,Blockdaemon Inc.,1.0,0.9826,3,0,0,0,0
2020-06-28,COINQVEST LLC,1.0,1.0,3,0,0,0,0
2020-06-28,Keybase,1.0,1.0,3,0,0,0,0
2020-06-28,LOBSTR,1.0,1.0,5,0,0,0,0
2020-06-28,SatoshiPay,1.0,1.0,3,0,0,0,0
2020-06-28,Stellar Development Foundation,1.0,1.0,3,0,0,0,0
2020-06-28,Wirex Limited,1.0,1.0,3,0,0,0,0
2020-06-29,Blockdaemon Inc.,1.0,0.9843,3,0,0,0,0
2020-06-29,COINQVEST LLC,1.0,1.0,3,0,0,0,0
2020-06-29,Keybase,1.0,1.0,3,0,0,0,0
2020-06-29,LOBSTR,1.0,1.0,5,0,0,0,0
2020-06-29,SatoshiPay,1.0,0.998,3,0,0,0,0
2020-06-29,Stellar Development Foundation,1.0,1.0,3,0,0,0,0
2020-06-29,Wirex Limited,1.0,1.0,3,0,0,0,0
2020-06-30,Blockdaemon Inc.,1.0,0.9823,3,0,0,0,0
2020-06-30,COINQVEST LLC,1.0,1.0,3,0,0,0,0
2020-06-30,Keybase,1.0,1.0,3,0,0,0,0
2020-06-30,LOBSTR,1.0,1.0,5,0,0,0,0
2020-06-30,SatoshiPay,1.0,1.0,3,0,0,0,0
2020-06-30,Stellar Development Foundation,1.0,1.0,3,0,0,0,0
2020-06-30,Wirex Limited,1.0,1.0,3,0,0,0,0
2020-07-01,Blockdaemon Inc.,1.0,0.9744,3,0,0,0,0
2020-07-01,COINQVEST LLC,1.0,1.0,3,0,0,0,0
2020-07-01,Keybase,1.0,1.0,3,0,0,0,0
2020-07-01,LOBSTR,1.0,1.0,5,0,0,0,0
2020-07-01,SatoshiPay,1.0,0.998,3,0,0,0,0
2020-07-01,Stellar Development Foundation,1.0,1.0,3,0,0,0,0
2020-07-01,Wirex Limited,1.0,1.0,3,0,0,0,0
2020-07-02,Blockdaemon Inc.,0.9861,0.9423,3,1,0,0,0
2020-07-02,COINQVEST LLC,1.0,1.0,3,0,0,0,0
2020-07-02,Keybase,1.0,1.0,3,0,0,0,0
2020-07-02,LOBSTR,1.0,1.0,5,0,0,0,0
2020-07-02,SatoshiPay,1.0,1.0,3,0,0,0,0
2020-07-02,Stellar Development Foundation,1.0,1.0,3,0,0,0,0
2020-07-02,Wirex Limited,1.0,1.0,3,0,0,0,0
2020-07-03,Blockdaemon Inc.,1.0,0.9259,3,0,0,0,0
2020-07-03,COINQVEST LLC,1.0,1.0,3,0,0,0,0
2020-07-03,Keybase,1.0,1.0,3,0,0,0,0
2020-07-03,LOBSTR,1.0,1.0,5,0,0,0,0
2020-07-03,SatoshiPay,1.0,1.0,3,0,0,0,0
2020-07-03,Stellar Development Foundation,1.0,1.0,3,0,0,0,0
2020-07-03,Wirex Limited,1.0,1.0,3,0,0,0,0
2020-07-04,Blockdaemon Inc.,1.0,0.9317,3,0,0,0,0
2020-07-04,COINQVEST LLC,1.0,1.0,3,0,0,0,0
2020-07-04,Keybase,1.0,1.0,3,0,0,0,0
2020-07-04,LOBSTR,1.0,1.0,5,0,0,0,0
2020-07-04,SatoshiPay,1.0,1.0,3,0,0,0,0
2020-07-04,Stellar Development Foundation,1.0,1.0,3,0,0,0,0
2020-07-04,Wirex Limited,1.0,1.0,3,0,0,0,0
2020-07-05,Blockdaemon Inc.,1.0,0.8982,3,1,0,0,0
2020-07-05,COINQVEST LLC,1.0,1.0,3,0,0,0,0
2020-07-05,Keybase,1.0,1.0,3,0,0,0,0
2020-07-05,LOBSTR,1.0,1.0,5,0,0,0,0
2020-07-05,SatoshiPay,1.0,1.0,3,0,0,0,0
2020-07-05,Stellar Development Foundation,1.0,1.0,3,0,0,0,0
2020-07-05,Wirex Limited,1.0,1.0,3,0,0,0,0
2020-07-06,Blockdaemon Inc.,0.983,0.896,3,1,0,0,0
2020-07-06,COINQVEST LLC,1.0,1.0,3,0,0,0,0
2020-07-06,Keybase,1.0,1.0,3,0,0,0,0
2020-07-06,LOBSTR,1.0,1.0,5,0,0,0,0
2020-07-06,SatoshiPay,1.0,1.0,3,0,0,0,0
2020-07-06,Stellar Development Foundation,1.0,1.0,3,0,0,0,0
2020-07-06,Wirex Limited,1.0,1.0,3,0,0,0,0
2020-07-07,Blockdaemon Inc.,0.9942,0.9826,3,0,0,0,0
2020-07-07,COINQVEST LLC,1.0,1.0,3,0,0,0,0
2020-07-07,Keybase,1.0,1.0,3,0,0,0,0
2020-07-07,LOBSTR,1.0,1.0,5,0,0,0,0
2020-07-07,SatoshiPay,1.0,1.0,3,0,0,0,0
2020-07-07,Stellar Development Foundation,1.0,1.0,3,0,0,0,0
2020-07-07,Wirex Limited,1.0,1.0,3,0,0,0,0
2020-07-08,Blockdaemon Inc.,1.0,0.9806,3,0,0,0,0
2020-07-08,COINQVEST LLC,1.0,1.0,3,0,0,0,0
2020-07-08,Keybase,1.0,0.9981,3,0,0,0,0
2020-07-08,LOBSTR,1.0,0.9631,5,0,0,0,0
2020-07-08,SatoshiPay,1.0,1.0,3,0,0,0,0
2020-07-08,Stellar Development Foundation,1.0,1.0,3,0,0,0,0
2020-07-08,Wirex Limited,1.0,1.0,3,0,0,0,0
2020-07-09,Blockdaemon Inc.,1.0,1.0,3,0,0,0,0
2020-07-09,COINQVEST LLC,1.0,1.0,3,0,0,0,0
2020-07-09,Keybase,1.0,0.9981,3,0,0,0,0
2020-07-09,LOBSTR,1.0,0.8911,5,1,0,0,0
2020-07-09,SatoshiPay,1.0,1.0,3,0,0,0,0
2020-07-09,Stellar Development Foundation,1.0,1.0,3,0,0,0,0
2020-07-09,Wirex Limited,1.0,1.0,3,0,0,0,0
2020-07-10,Blockdaemon Inc.,1.0,1.0,3,0,0,0,0
2020-07-10,COINQVEST LLC,1.0,1.0,3,0,0,0,0
2020-07-10,Keybase,1.0,1.0,3,0,0,0,0
2020-07-10,LOBSTR,1.0,0.9922,5,0,0,0,0
2020-07-10,SatoshiPay,1.0,1.0,3,0,0,0,0
2020-07-10,Stellar Development Foundation,1.0,1.0,3,0,0,0,0
2020-07-10,Wirex Limited,1.0,1.0,3,0,0,0,0
2020-07-11,Blockdaemon Inc.,1.0,1.0,3,0,0,0,0
2020-07-11,COINQVEST LLC,1.0,1.0,3,0,0,0,0
2020-07-11,Keybase,1.0,1.0,3,0,0,0,0
2020-07-11,LOBSTR,1.0,1.0,5,0,0,0,0
2020-07-11,SatoshiPay,1.0,1.0,3,0,0,0,0
2020-07-11,Stellar Development Foundation,1.0,1.0,3,0,0,0,0
2020-07-11,Wirex Limited,1.0,1.0,3,0,0,0,0
2020-07-12,Blockdaemon Inc.,1.0,1.0,3,0,0,0,0
2020-07-12,COINQVEST LLC,1.0,1.0,3,0,0,0,0
2020-07-12,Keybase,1.0,1.0,3,0,0,0,0
2020-07-12,LOBSTR,1.0,1.0,5,0,0,0,0
2020-07-12,SatoshiPay,1.0,1.0,3,0,0,0,0
2020-07-12,Stellar Development Foundation,1.0,1.0,3,0,0,0,0
2020-07-12,Wirex Limited,1.0,1.0,3,0,0,0,0
2020-07-13,Blockdaemon Inc.,1.0,1.0,3,0,0,0,0
2020-07-13,COINQVEST LLC,1.0,1.0,3,0,0,0,0
2020-07-13,Keybase,1.0,1.0,3,0,0,0,0
2020-07-13,LOBSTR,1.0,1.0,5,0,0,0,0
2020-07-13,SatoshiPay,1.0,0.9942,3,0,0,0,0
2020-07-13,Stellar Development Foundation,1.0,1.0,3,0,0,0,0
2020-07-13,Wirex Limited,1.0,0.9961,3,0,0,0,0
2020-07-14,Blockdaemon Inc.,1.0,1.0,3,0,0,0,0
2020-07-14,COINQVEST LLC,1.0,1.0,3,0,0,0,0
2020-07-14,Keybase,1.0,1.0,3,0,0,0,0
2020-07-14,LOBSTR,1.0,1.0,5,0,0,0,0
2020-07-14,SatoshiPay,1.0,1.0,3,0,0,0,0
2020-07-14,Stellar Development Foundation,1.0,1.0,3,0,0,0,0
2020-07-14,Wirex Limited,1.0,1.0,3,0,0,0,0
2020-07-15,Blockdaemon Inc.,1.0,1.0,3,0,0,0,0
2020-07-15,COINQVEST LLC,1.0,1.0,3,0,0,0,0
2020-07-15,Keybase,1.0,1.0,3,0,0,0,0
2020-07-15,LOBSTR,1.0,1.0,5,0,0,0,0
2020-07-15,SatoshiPay,1.0,1.0,3,0,0,0,0
2020-07-15,Stellar Development Foundation,1.0,1.0,3,0,0,0,0
2020-07-15,Wirex Limited,1.0,0.9981,3,0,0,0,0
2020-07-16,Blockdaemon Inc.,1.0,1.0,3,0,0,0,0
2020-07-16,COINQVEST LLC,1.0,1.0,3,0,0,0,0
2020-07-16,Keybase,1.0,1.0,3,0,0,0,0
2020-07-16,LOBSTR,1.0,1.0,5,0,0,0,0
2020-07-16,SatoshiPay,1.0,1.0,3,0,0,0,0
2020-07-16,Stellar Development Foundation,1.0,1.0,3,0,0,0,0
2020-07-16,Wirex Limited,1.0,1.0,3,0,0,0,0
2020-07-17,Blockdaemon Inc.,1.0,1.0,3,0,0,0,0
2020-07-17,COINQVEST LLC,1.0,1.0,3,0,0,0,0
2020-07-17,Keybase,1.0,1.0,3,0,0,0,0
2020-07-17,LOBSTR,1.0,1.0,5,0,0,0,0
2020-07-17,SatoshiPay,1.0,1.0,3,0,0,0,0
2020-07-17,Stellar Development Foundation,1.0,1.0,3,0,0,0,0
2020-07-17,Wirex Limited,1.0,1.0,3,0,0,0,0
2020-07-18,Blockdaemon Inc.,1.0,1.0,3,0,0,0,0
2020-07-18,COINQVEST LLC,1.0,1.0,3,0,0,0,0
2020-07-18,Keybase,1.0,1.0,3,0,0,0,0
2020-07-18,LOBSTR,1.0,1.0,5,0,0,0,0
2020-07-18,SatoshiPay,1.0,1.0,3,0,0,0,0
2020-07-18,Stellar Development Foundation,1.0,1.0,3,0,0,0,0
2020-07-18,Wirex Limited,1.0,1.0,3,0,0,0,0
2020-07-19,Blockdaemon Inc.,1.0,1.0,3,0,0,0,0
2020-07-19,COINQVEST LLC,1.0,1.0,3,0,0,0,0
2020-07-19,Keybase,1.0,1.0,3,0,0,0,0
2020-07-19,LOBSTR,1.0,1.0,5,0,0,0,0
2020-07-19,SatoshiPay,1.0,1.0,3,0,0,0,0
2020-07-19,Stellar Development Foundation,1.0,1.0,3,0,0,0,0
2020-07-19,Wirex Limited,1.0,1.0,3,0,0,0,0
2020-07-20,Blockdaemon Inc.,1.0,1.0,3,0,0,0,0
2020-07-20,COINQVEST LLC,1.0,1.0,3,0,0,0,0
2020-07-20,Keybase,1.0,1.0,3,0,0,0,0
2020-07-20,LOBSTR,1.0,1.0,5,0,0,0,0
2020-07-20,SatoshiPay,1.0,1.0,3,0,0,0,0
2020-07-20,Stellar Development Foundation,1.0,1.0,3,0,0,0,0
2020-07-20,Wirex Limited,1.0,1.0,3,0,0,0,0
2020-07-21,Blockdaemon Inc.,1.0,1.0,3,0,0,0,0
2020-07-21,COINQVEST LLC,1.0,1.0,3,0,0,0,0
2020-07-21,Keybase,1.0,1.0,3,0,0,0,0
2020-07-21,LOBSTR,1.0,1.0,5,0,0,0,0
2020-07-21,SatoshiPay,1.0,1.0,3,0,0,0,0
2020-07-21,Stellar Development Foundation,1.0,1.0,3,0,0,0,0
2020-07-21,Wirex Limited,1.0,1.0,3,0,0,0,0
2020-07-22,Blockdaemon Inc.,1.0,1.0,3,0,0,0,0
2020-07-22,COINQVEST LLC,1.0,1.0,3,0,0,0,0
2020-07-22,Keybase,1.0,1.0,3,0,0,0,0
2020-07-22,LOBSTR,1.0,1.0,5,0,0,0,0
2020-07-22,SatoshiPay,1.0,1.0,3,0,0,0,0
2020-07-22,Stellar Development Foundation,1.0,1.0,3,0,0,0,0
2020-07-22,Wirex Limited,1.0,1.0,3,0,0,0,0
2020-07-23,Blockdaemon Inc.,1.0,1.0,3,0,0,0,0
2020-07-23,COINQVEST LLC,1.0,1.0,3,0,0,0,0
2020-07-23,Keybase,1.0,1.0,3,0,0,0,0
2020-07-23,LOBSTR,1.0,1.0,5,0,0,0,0
2020-07-23,SatoshiPay,1.0,1.0,3,0,0,0,0
2020-07-23,Stellar Development Foundation,1.0,1.0,3,0,0,0,0
2020-07-23,Wirex Limited,1.0,1.0,3,0,0,0,0
2020-07-24,Blockdaemon Inc.,1.0,1.0,3,0,0,0,0
2020-07-24,COINQVEST LLC,1.0,1.0,3,0,0,0,0
2020-07-24,Keybase,1.0,1.0,3,0,0,0,0
2020-07-24,LOBSTR,1.0,1.0,5,0,0,0,0
2020-07-24,SatoshiPay,1.0,1.0,3,0,0,0,0
2020-07-24,Stellar Development Foundation,1.0,1.0,3,0,0,0,0
2020-07-24,Wirex Limited,1.0,1.0,3,0,0,0,0
2020-07-25,Blockdaemon Inc.,1.0,1.0,3,0,0,0,0
2020-07-25,COINQVEST LLC,1.0,1.0,3,0,0,0,0
2020-07-25,Keybase,1.0,1.0,3,0,0,0,0
2020-07-25,LOBSTR,1.0,1.0,5,0,0,0,0
2020-07-25,SatoshiPay,1.0,1.0,3,0,0,0,0
2020-07-25,Stellar Development Foundation,1.0,1.0,3,0,0,0,0
2020-07-25,Wirex Limited,1.0,1.0,3,0,0,0,0
2020-07-26,Blockdaemon Inc.,1.0,1.0,3,0,0,0,0
2020-07-26,COINQVEST LLC,1.0,1.0,3,0,0,0,0
2020-07-26,Keybase,1.0,1.0,3,0,0,0,0
2020-07-26,LOBSTR,1.0,1.0,5,0,0,0,0
2020-07-26,SatoshiPay,1.0,1.0,3,0,0,0,0
2020-07-26,Stellar Development Foundation,1.0,1.0,3,0,0,0,0
2020-07-26,Wirex Limited,1.0,1.0,3,0,0,0,0
2020-07-27,Blockdaemon Inc.,1.0,1.0,3,0,0,0,0
2020-07-27,COINQVEST LLC,1.0,1.0,3,0,0,0,0
2020-07-27,Keybase,1.0,1.0,3,0,0,0,0
2020-07-27,LOBSTR,1.0,1.0,5,0,0,0,0
2020-07-27,SatoshiPay,1.0,1.0,3,0,0,0,0
2020-07-27,Stellar Development Foundation,1.0,1.0,3,0,0,0,0
2020-07-27,Wirex Limited,1.0,0.9982,3,0,0,0,0
2020-07-28,Blockdaemon Inc.,1.0,1.0,3,0,0,0,0
2020-07-28,COINQVEST LLC,1.0,1.0,3,0,0,0,0
2020-07-28,Keybase,1.0,1.0,3,0,0,0,0
2020-07-28,LOBSTR,1.0,1.0,5,0,0,0,0
2020-07-28,SatoshiPay,1.0,1.0,3,0,0,0,0
2020-07-28,Stellar Development Foundation,1.0,1.0,3,0,0,0,0
2020-07-28,Wirex Limited,1.0,0.9982,3,0,0,0,0
2020-07-29,Blockdaemon Inc.,1.0,1.0,3,0,0,0,0
2020-07-29,COINQVEST LLC,1.0,1.0,3,0,0,0,0
2020-07-29,Keybase,1.0,1.0,3,0,0,0,0
2020-07-29,LOBSTR,1.0,1.0,5,0,0,0,0
2020-07-29,SatoshiPay,1.0,1.0,3,0,0,0,0
2020-07-29,Stellar Development Foundation,1.0,1.0,3,0,0,0,0
2020-07-29,Wirex Limited,1.0,1.0,3,0,0,0,0
2020-07-30,Blockdaemon Inc.,1.0,1.0,3,0,0,0,0
2020-07-30,COINQVEST LLC,1.0,1.0,3,0,0,0,0
2020-07-30,Keybase,1.0,1.0,3,0,0,0,0
2020-07-30,LOBSTR,1.0,1.0,5,0,0,0,0
2020-07-30,SatoshiPay,1.0,1.0,3,0,0,0,0
2020-07-30,Stellar Development Foundation,1.0,1.0,3,0,0,0,0
2020-07-30,Wirex Limited,1.0,1.0,3,0,0,0,0
2020-07-31,Blockdaemon Inc.,1.0,1.0,3,0,0,0,0
2020-07-31,COINQVEST LLC,1.0,1.0,3,0,0,0,0
2020-07-31,Keybase,1.0,1.0,3,0,0,0,0
2020-07-31,LOBSTR,1.0,1.0,5,0,0,0,0
2020-07-31,SatoshiPay,1.0,1.0,3,0,0,0,0
2020-07-31,Stellar Development Foundation,1.0,1.0,3,0,0,0,0
2020-07-31,Wirex Limited,1.0,1.0,3,0,0,0,0
2020-08-01,Blockdaemon Inc.,1.0,1.0,3,0,0,0,0
2020-08-01,COINQVEST LLC,1.0,1.0,3,0,0,0,0
2020-08-01,Keybase,1.0,1.0,3,0,0,0,0
2020-08-01,LOBSTR,1.0,1.0,5,0,0,0,0
2020-08-01,SatoshiPay,1.0,1.0,3,0,0,0,0
2020-08-01,Stellar Development Foundation,1.0,1.0,3,0,0,0,0
2020-08-01,Wirex Limited,1.0,1.0,3,0,0,0,0
2020-08-02,Blockdaemon Inc.,1.0,1.0,3,0,0,0,0
2020-08-02,COINQVEST LLC,1.0,1.0,3,0,0,0,0
2020-08-02,Keybase,1.0,0.9982,3,0,0,0,0
2020-08-02,LOBSTR,1.0,1.0,5,0,0,0,0
2020-08-02,SatoshiPay,1.0,1.0,3,0,0,0,0
2020-08-02,Stellar Development Foundation,1.0,0.9982,3,0,0,0,0
2020-08-02,Wirex Limited,1.0,1.0,3,0,0,0,0
2020-08-03,Blockdaemon Inc.,1.0,1.0,3,0,0,0,0
2020-08-03,COINQVEST LLC,1.0,1.0,3,0,0,0,0
2020-08-03,Keybase,1.0,1.0,3,0,0,0,0
2020-08-03,LOBSTR,1.0,1.0,5,0,0,0,0
2020-08-03,SatoshiPay,1.0,1.0,3,0,0,0,0
2020-08-03,Stellar Development Foundation,1.0,1.0,3,0,0,0,0
2020-08-03,Wirex Limited,1.0,1.0,3,0,0,0,0
2020-08-04,Blockdaemon Inc.,1.0,1.0,3,0,0,0,0
2020-08-04,COINQVEST LLC,1.0,1.0,3,0,0,0,0
2020-08-04,Keybase,1.0,1.0,3,0,0,0,0
2020-08-04,LOBSTR,1.0,1.0,5,0,0,0,0
2020-08-04,SatoshiPay,1.0,1.0,3,0,0,0,0
2020-08-04,Stellar Development Foundation,1.0,1.0,3,0,0,0,0
2020-08-04,Wirex Limited,1.0,1.0,3,0,0,0,0
2020-08-05,Blockdaemon Inc.,1.0,1.0,3,0,0,0,0
2020-08-05,COINQVEST LLC,1.0,1.0,3,0,0,0,0
2020-08-05,Keybase,1.0,1.0,3,0,0,0,0
2020-08-05,LOBSTR,1.0,1.0,5,0,0,0,0
2020-08-05,SatoshiPay,1.0,1.0,3,0,0,0,0
2020-08-05,Stellar Development Foundation,1.0,1.0,3,0,0,0,0
2020-08-05,Wirex Limited,1.0,1.0,3,0,0,0,0
2020-08-06,Blockdaemon Inc.,1.0,1.0,3,0,0,0,0
2020-08-06,COINQVEST LLC,1.0,1.0,3,0,0,0,0
2020-08-06,Keybase,1.0,0.9982,3,0,0,0,0
2020-08-06,LOBSTR,1.0,1.0,5,0,0,0,0
2020-08-06,SatoshiPay,1.0,1.0,3,0,0,0,0
2020-08-06,Stellar Development Foundation,1.0,1.0,3,0,0,0,0
2020-08-06,Wirex Limited,1.0,0.9964,3,0,0,0,0
2020-08-07,Blockdaemon Inc.,1.0,1.0,3,0,0,0,0
2020-08-07,COINQVEST LLC,1.0,1.0,3,0,0,0,0
2020-08-07,Keybase,1.0,0.9965,3,0,0,0,0
2020-08-07,LOBSTR,1.0,1.0,5,0,0,0,0
2020-08-07,SatoshiPay,1.0,1.0,3,0,0,0,0
2020-08-07,Stellar Development Foundation,1.0,1.0,3,0,0,0,0
2020-08-07,Wirex Limited,1.0,1.0,3,0,0,0,0
2020-08-08,Blockdaemon Inc.,1.0,1.0,3,0,0,0,0
2020-08-08,COINQVEST LLC,1.0,1.0,3,0,0,0,0
2020-08-08,Keybase,1.0,1.0,3,0,0,0,0
2020-08-08,LOBSTR,1.0,1.0,5,0,0,0,0
2020-08-08,SatoshiPay,1.0,1.0,3,0,0,0,0
2020-08-08,Stellar Development Foundation,1.0,1.0,3,0,0,0,0
2020-08-08,Wirex Limited,1.0,1.0,3,0,0,0,0
2020-08-09,Blockdaemon Inc.,1.0,1.0,3,0,0,0,0
2020-08-09,COINQVEST LLC,1.0,1.0,3,0,0,0,0
2020-08-09,Keybase,1.0,1.0,3,0,0,0,0
2020-08-09,LOBSTR,1.0,1.0,5,0,0,0,0
2020-08-09,SatoshiPay,1.0,0.9912,3,0,0,0,0
2020-08-09,Stellar Development Foundation,1.0,1.0,3,0,0,0,0
2020-08-09,Wirex Limited,0.9982,0.9684,3,0,0,0,0
2020-08-10,Blockdaemon Inc.,1.0,0.9947,3,0,0,0,0
2020-08-10,COINQVEST LLC,1.0,1.0,3,0,0,0,0
2020-08-10,Keybase,1.0,1.0,3,0,0,0,0
2020-08-10,LOBSTR,1.0,1.0,5,0,0,0,0
2020-08-10,SatoshiPay,1.0,1.0,3,0,0,0,0
2020-08-10,Stellar Development Foundation,1.0,1.0,3,0,0,0,0
2020-08-10,Wirex Limited,1.0,1.0,3,0,0,0,0
2020-08-11,Blockdaemon Inc.,1.0,1.0,3,0,0,0,0
2020-08-11,COINQVEST LLC,1.0,1.0,3,0,0,0,0
2020-08-11,Keybase,1.0,1.0,3,0,0,0,0
2020-08-11,LOBSTR,1.0,1.0,5,0,0,0,0
2020-08-11,SatoshiPay,1.0,1.0,3,0,0,0,0
2020-08-11,Stellar Development Foundation,1.0,1.0,3,0,0,0,0
2020-08-11,Wirex Limited,1.0,1.0,3,0,0,0,0
2020-08-12,Blockdaemon Inc.,1.0,1.0,3,0,0,0,0
2020-08-12,COINQVEST LLC,1.0,1.0,3,0,0,0,0
2020-08-12,Keybase,1.0,1.0,3,0,0,0,0
2020-08-12,LOBSTR,1.0,1.0,5,0,0,0,0
2020-08-12,SatoshiPay,1.0,1.0,3,0,0,0,0
2020-08-12,Stellar Development Foundation,1.0,1.0,3,0,0,0,0
2020-08-12,Wirex Limited,1.0,1.0,3,0,0,0,0
2020-08-13,Blockdaemon Inc.,1.0,1.0,3,0,0,0,0
2020-08-13,COINQVEST LLC,1.0,1.0,3,0,0,0,0
2020-08-13,Keybase,1.0,1.0,3,0,0,0,0
2020-08-13,LOBSTR,1.0,1.0,5,0,0,0,0
2020-08-13,SatoshiPay,1.0,1.0,3,0,0,0,0
2020-08-13,Stellar Development Foundation,1.0,1.0,3,0,0,0,0
2020-08-13,Wirex Limited,1.0,1.0,3,0,0,0,0
2020-08-14,Blockdaemon Inc.,1.0,1.0,3,0,0,0,0
2020-08-14,COINQVEST LLC,1.0,1.0,3,0,0,0,0
2020-08-14,Keybase,1.0,1.0,3,0,0,0,0
2020-08-14,LOBSTR,1.0,1.0,5,0,0,0,0
2020-08-14,SatoshiPay,1.0,1.0,3,0,0,0,0
2020-08-14,Stellar Development Foundation,1.0,1.0,3,0,0,0,0
2020-08-14,Wirex Limited,1.0,1.0,3,0,0,0,0
2020-08-15,Blockdaemon Inc.,1.0,1.0,3,0,0,0,0
2020-08-15,COINQVEST LLC,1.0,1.0,3,0,0,0,0
2020-08-15,Keybase,1.0,1.0,3,0,0,0,0
2020-08-15,LOBSTR,1.0,1.0,5,0,0,0,0
2020-08-15,SatoshiPay,1.0,1.0,3,0,0,0,0
2020-08-15,Stellar Development Foundation,1.0,1.0,3,0,0,0,0
2020-08-15,Wirex Limited,1.0,1.0,3,0,0,0,0
2020-08-16,Blockdaemon Inc.,1.0,1.0,3,0,0,0,0
2020-08-16,COINQVEST LLC,1.0,1.0,3,0,0,0,0
2020-08-16,Keybase,1.0,1.0,3,0,0,0,0
2020-08-16,LOBSTR,1.0,1.0,5,0,0,0,0
2020-08-16,SatoshiPay,1.0,1.0,3,0,0,0,0
2020-08-16,Stellar Development Foundation,1.0,1.0,3,0,0,0,0
2020-08-16,Wirex Limited,1.0,1.0,3,0,0,0,0
2020-08-17,Blockdaemon Inc.,1.0,1.0,3,0,0,0,0
2020-08-17,COINQVEST LLC,1.0,1.0,3,0,0,0,0
2020-08-17,Keybase,1.0,1.0,3,0,0,0,0
2020-08-17,LOBSTR,1.0,1.0,5,0,0,0,0
2020-08-17,SatoshiPay,1.0,1.0,3,0,0,0,0
2020-08-17,Stellar Development Foundation,1.0,1.0,3,0,0,0,0
2020-08-17,Wirex Limited,1.0,1.0,3,0,0,0,0
2020-08-18,Blockdaemon Inc.,1.0,1.0,3,0,0,0,0
2020-08-18,COINQVEST LLC,1.0,1.0,3,0,0,0,0
2020-08-18,Keybase,1.0,1.0,3,0,0,0,0
2020-08-18,LOBSTR,1.0,1.0,5,0,0,0,0
2020-08-18,SatoshiPay,1.0,1.0,3,0,0,0,0
2020-08-18,Stellar Development Foundation,1.0,1.0,3,0,0,0,0
2020-08-18,Wirex Limited,1.0,1.0,3,0,0,0,0
2020-08-19,Blockdaemon Inc.,1.0,1.0,3,0,0,0,0
2020-08-19,COINQVEST LLC,1.0,1.0,3,0,0,0,0
2020-08-19,Keybase,1.0,1.0,3,0,0,0,0
2020-08-19,LOBSTR,1.0,1.0,5,0,0,0,0
2020-08-19,SatoshiPay,1.0,1.0,3,0,0,0,0
2020-08-19,Stellar Development Foundation,1.0,1.0,3,0,0,0,0
2020-08-19,Wirex Limited,1.0,1.0,3,0,0,0,0
2020-08-20,Blockdaemon Inc.,1.0,1.0,3,0,0,0,0
2020-08-20,COINQVEST LLC,1.0,1.0,3,0,0,0,0
2020-08-20,Keybase,1.0,1.0,3,0,0,0,0
2020-08-20,LOBSTR,1.0,1.0,5,0,0,0,0
2020-08-20,SatoshiPay,1.0,0.9963,3,0,0,0,0
2020-08-20,Stellar Development Foundation,1.0,1.0,3,0,0,0,0
2020-08-20,Wirex Limited,1.0,1.0,3,0,0,0,0
2020-08-21,Blockdaemon Inc.,1.0,1.0,3,0,0,0,0
2020-08-21,COINQVEST LLC,1.0,1.0,3,0,0,0,0
2020-08-21,Keybase,1.0,0.9964,3,0,0,0,0
2020-08-21,LOBSTR,1.0,1.0,5,0,0,0,0
2020-08-21,SatoshiPay,1.0,1.0,3,0,0,0,0
2020-08-21,Stellar Development Foundation,1.0,1.0,3,0,0,0,0
2020-08-21,Wirex Limited,1.0,1.0,3,0,0,0,0
2020-08-22,Blockdaemon Inc.,1.0,1.0,3,0,0,0,0
2020-08-22,COINQVEST LLC,1.0,1.0,3,0,0,0,0
2020-08-22,Keybase,1.0,1.0,3,0,0,0,0
2020-08-22,LOBSTR,1.0,1.0,5,0,0,0,0
2020-08-22,SatoshiPay,1.0,1.0,3,0,0,0,0
2020-08-22,Stellar Development Foundation,1.0,1.0,3,0,0,0,0
2020-08-22,Wirex Limited,1.0,1.0,3,0,0,0,0
2020-08-23,Blockdaemon Inc.,1.0,1.0,3,0,0,0,0
2020-08-23,COINQVEST LLC,1.0,1.0,3,0,0,0,0
2020-08-23,Keybase,1.0,1.0,3,0,0,0,0
2020-08-23,LOBSTR,1.0,1.0,5,0,0,0,0
2020-08-23,SatoshiPay,1.0,1.0,3,0,0,0,0
2020-08-23,Stellar Development Foundation,1.0,1.0,3,0,0,0,0
2020-08-23,Wirex Limited,1.0,1.0,3,0,0,0,0
2020-08-24,Blockdaemon Inc.,1.0,1.0,3,0,0,0,0
2020-08-24,COINQVEST LLC,1.0,1.0,3,0,0,0,0
2020-08-24,Keybase,1.0,1.0,3,0,0,0,0
2020-08-24,LOBSTR,1.0,1.0,5,0,0,0,0
2020-08-24,SatoshiPay,1.0,1.0,3,0,0,0,0
2020-08-24,Stellar Development Foundation,1.0,1.0,3,0,0,0,0
2020-08-24,Wirex Limited,1.0,1.0,3,0,0,0,0
2020-08-25,Blockdaemon Inc.,1.0,1.0,3,0,0,0,0
2020-08-25,COINQVEST LLC,1.0,1.0,3,0,0,0,0
2020-08-25,Keybase,1.0,1.0,3,0,0,0,0
2020-08-25,LOBSTR,1.0,0.9963,5,0,0,0,0
2020-08-25,SatoshiPay,1.0,1.0,3,0,0,0,0
2020-08-25,Stellar Development Foundation,1.0,1.0,3,0,0,0,0
2020-08-25,Wirex Limited,1.0,1.0,3,0,0,0,0
2020-08-26,Blockdaemon Inc.,1.0,1.0,3,0,0,0,0
2020-08-26,COINQVEST LLC,1.0,1.0,3,0,0,0,0
2020-08-26,Keybase,0.9964,0.9964,3,0,0,0,0
2020-08-26,LOBSTR,1.0,0.9982,5,0,0,0,0
2020-08-26,SatoshiPay,1.0,1.0,3,0,0,0,0
2020-08-26,Stellar Development Foundation,1.0,1.0,3,0,0,0,0
2020-08-26,Wirex Limited,1.0,1.0,3,0,0,0,0
2020-08-27,Blockdaemon Inc.,1.0,1.0,3,0,0,0,0
2020-08-27,COINQVEST LLC,1.0,1.0,3,0,0,0,0
2020-08-27,Keybase,1.0,0.9982,3,0,0,0,0
2020-08-27,LOBSTR,1.0,1.0,5,0,0,0,0
2020-08-27,SatoshiPay,1.0,1.0,3,0,0,0,0
2020-08-27,Stellar Development Foundation,1.0,1.0,3,0,0,0,0
2020-08-27,Wirex Limited,1.0,1.0,3,0,0,0,0
2020-08-28,Blockdaemon Inc.,1.0,1.0,3,0,0,0,0
2020-08-28,COINQVEST LLC,1.0,1.0,3,0,0,0,0
2020-08-28,Keybase,1.0,1.0,3,0,0,0,0
2020-08-28,LOBSTR,1.0,1.0,5,0,0,0,0
2020-08-28,SatoshiPay,1.0,1.0,3,0,0,0,0
2020-08-28,Stellar Development Foundation,1.0,1.0,3,0,0,0,0
2020-08-28,Wirex Limited,1.0,1.0,3,0,0,0,0
2020-08-29,Blockdaemon Inc.,1.0,1.0,3,0,0,0,0
2020-08-29,COINQVEST LLC,1.0,1.0,3,0,0,0,0
2020-08-29,Keybase,1.0,1.0,3,0,0,0,0
2020-08-29,LOBSTR,1.0,1.0,5,0,0,0,0
2020-08-29,SatoshiPay,1.0,1.0,3,0,0,0,0
2020-08-29,Stellar Development Foundation,1.0,1.0,3,0,0,0,0
2020-08-29,Wirex Limited,1.0,1.0,3,0,0,0,0
2020-08-30,Blockdaemon Inc.,1.0,1.0,3,0,0,0,0
2020-08-30,COINQVEST LLC,1.0,1.0,3,0,0,0,0
2020-08-30,Keybase,1.0,1.0,3,0,0,0,0
2020-08-30,LOBSTR,1.0,1.0,5,0,0,0,0
2020-08-30,SatoshiPay,1.0,1.0,3,0,0,0,0
2020-08-30,Stellar Development Foundation,1.0,1.0,3,0,0,0,0
2020-08-30,Wirex Limited,1.0,1.0,3,0,0,0,0
2020-08-31,Blockdaemon Inc.,1.0,1.0,3,0,0,0,0
2020-08-31,COINQVEST LLC,1.0,1.0,3,0,0,0,0
2020-08-31,Keybase,1.0,1.0,3,0,0,0,0
2020-08-31,LOBSTR,1.0,1.0,5,0,0,0,0
2020-08-31,SatoshiPay,1.0,0.9949,3,0,0,0,0
2020-08-31,Stellar Development Foundation,1.0,1.0,3,0,0,0,0
2020-08-31,Wirex Limited,1.0,1.0,3,0,0,0,0
2020-09-01,Blockdaemon Inc.,1.0,1.0,3,0,0,0,0
2020-09-01,COINQVEST LLC,1.0,1.0,3,0,0,0,0
2020-09-01,Keybase,1.0,1.0,3,0,0,0,0
2020-09-01,LOBSTR,1.0,1.0,5,0,0,0,0
2020-09-01,SatoshiPay,1.0,1.0,3,0,0,0,0
2020-09-01,Stellar Development Foundation,1.0,1.0,3,0,0,0,0
2020-09-01,Wirex Limited,1.0,1.0,3,0,0,0,0
2020-09-02,Blockdaemon Inc.,1.0,0.9965,3,0,0,0,0
2020-09-02,COINQVEST LLC,1.0,1.0,3,0,0,0,0
2020-09-02,Keybase,1.0,1.0,3,0,0,0,0
2020-09-02,LOBSTR,1.0,0.9983,5,0,0,0,0
2020-09-02,SatoshiPay,1.0,1.0,3,0,0,0,0
2020-09-02,Stellar Development Foundation,1.0,0.9965,3,0,0,0,0
2020-09-02,Wirex Limited,1.0,1.0,3,0,0,0,0
2020-09-03,Blockdaemon Inc.,1.0,0.9916,3,0,0,0,0
2020-09-03,COINQVEST LLC,1.0,1.0,3,0,0,0,0
2020-09-03,Keybase,1.0,1.0,3,0,0,0,0
2020-09-03,LOBSTR,1.0,1.0,5,0,0,0,0
2020-09-03,SatoshiPay,1.0,1.0,3,0,0,0,0
2020-09-03,Stellar Development Foundation,1.0,0.9949,3,0,0,0,0
2020-09-03,Wirex Limited,1.0,1.0,3,0,0,0,0
2020-09-04,Blockdaemon Inc.,1.0,1.0,3,0,0,0,0
2020-09-04,COINQVEST LLC,1.0,1.0,3,0,0,0,0
2020-09-04,Keybase,1.0,1.0,3,0,0,0,0
2020-09-04,LOBSTR,1.0,1.0,5,0,0,0,0
2020-09-04,SatoshiPay,1.0,1.0,3,0,0,0,0
2020-09-04,Stellar Development Foundation,1.0,1.0,3,0,0,0,0
2020-09-04,Wirex Limited,1.0,1.0,3,0,0,0,0
2020-09-05,Blockdaemon Inc.,1.0,1.0,3,0,0,0,0
2020-09-05,COINQVEST LLC,1.0,1.0,3,0,0,0,0
2020-09-05,Keybase,1.0,1.0,3,0,0,0,0
2020-09-05,LOBSTR,1.0,1.0,5,0,0,0,0
2020-09-05,SatoshiPay,1.0,1.0,3,0,0,0,0
2020-09-05,Stellar Development Foundation,1.0,1.0,3,0,0,0,0
2020-09-05,Wirex Limited,1.0,1.0,3,0,0,0,0
2020-09-06,Blockdaemon Inc.,1.0,1.0,3,0,0,0,0
2020-09-06,COINQVEST LLC,1.0,1.0,3,0,0,0,0
2020-09-06,Keybase,1.0,1.0,3,0,0,0,0
2020-09-06,LOBSTR,1.0,1.0,5,0,0,0,0
2020-09-06,SatoshiPay,1.0,1.0,3,0,0,0,0
2020-09-06,Stellar Development Foundation,1.0,1.0,3,0,0,0,0
2020-09-06,Wirex Limited,1.0,1.0,3,0,0,0,0
2020-09-07,Blockdaemon Inc.,1.0,1.0,3,0,0,0,0
2020-09-07,COINQVEST LLC,1.0,1.0,3,0,0,0,0
2020-09-07,Keybase,1.0,1.0,3,0,0,0,0
2020-09-07,LOBSTR,1.0,1.0,5,0,0,0,0
2020-09-07,SatoshiPay,1.0,1.0,3,0,0,0,0
2020-09-07,Stellar Development Foundation,1.0,1.0,3,0,0,0,0
2020-09-07,Wirex Limited,1.0,1.0,3,0,0,0,0
2020-09-08,Blockdaemon Inc.,1.0,1.0,3,0,0,0,0
2020-09-08,COINQVEST LLC,1.0,1.0,3,0,0,0,0
2020-09-08,Keybase,1.0,1.0,3,0,0,0,0
2020-09-08,LOBSTR,1.0,1.0,5,0,0,0,0
2020-09-08,SatoshiPay,1.0,0.9983,3,0,0,0,0
2020-09-08,Stellar Development Foundation,1.0,1.0,3,0,0,0,0
2020-09-08,Wirex Limited,1.0,0.9983,3,0,0,0,0
2020-09-09,Blockdaemon Inc.,1.0,1.0,3,0,0,0,0
2020-09-09,COINQVEST LLC,1.0,1.0,3,0,0,0,0
2020-09-09,Keybase,1.0,1.0,3,0,0,0,0
2020-09-09,LOBSTR,1.0,1.0,5,0,0,0,0
2020-09-09,SatoshiPay,1.0,1.0,3,0,0,0,0
2020-09-09,Stellar Development Foundation,1.0,1.0,3,0,0,0,0
2020-09-09,Wirex Limited,1.0,1.0,3,0,0,0,0
2020-09-10,Blockdaemon Inc.,1.0,0.9964,3,0,0,0,0
2020-09-10,COINQVEST LLC,1.0,1.0,3,0,0,0,0
2020-09-10,Keybase,1.0,1.0,3,0,0,0,0
2020-09-10,LOBSTR,1.0,1.0,5,0,0,0,0
2020-09-10,SatoshiPay,1.0,1.0,3,0,0,0,0
2020-09-10,Stellar Development Foundation,1.0,1.0,3,0,0,0,0
2020-09-10,Wirex Limited,1.0,1.0,3,0,0,0,0
2020-09-11,Blockdaemon Inc.,1.0,1.0,3,0,0,0,0
2020-09-11,COINQVEST LLC,1.0,1.0,3,0,0,0,0
2020-09-11,Keybase,1.0,1.0,3,0,0,0,0
2020-09-11,LOBSTR,1.0,1.0,5,0,0,0,0
2020-09-11,SatoshiPay,1.0,1.0,3,0,0,0,0
2020-09-11,Stellar Development Foundation,1.0,1.0,3,0,0,0,0
2020-09-11,Wirex Limited,1.0,1.0,3,0,0,0,0
2020-09-12,Blockdaemon Inc.,1.0,1.0,3,0,0,0,0
2020-09-12,COINQVEST LLC,1.0,1.0,3,0,0,0,0
2020-09-12,Keybase,1.0,1.0,3,0,0,0,0
2020-09-12,LOBSTR,1.0,1.0,5,0,0,0,0
2020-09-12,SatoshiPay,1.0,1.0,3,0,0,0,0
2020-09-12,Stellar Development Foundation,1.0,1.0,3,0,0,0,0
2020-09-12,Wirex Limited,1.0,1.0,3,0,0,0,0
2020-09-13,Blockdaemon Inc.,1.0,1.0,3,0,0,0,0
2020-09-13,COINQVEST LLC,1.0,1.0,3,0,0,0,0
2020-09-13,Keybase,1.0,1.0,3,0,0,0,0
2020-09-13,LOBSTR,1.0,1.0,5,0,0,0,0
2020-09-13,SatoshiPay,1.0,1.0,3,0,0,0,0
2020-09-13,Stellar Development Foundation,1.0,1.0,3,0,0,0,0
2020-09-13,Wirex Limited,1.0,1.0,3,0,0,0,0
2020-09-14,Blockdaemon Inc.,1.0,1.0,3,0,0,0,0
2020-09-14,COINQVEST LLC,1.0,1.0,3,0,0,0,0
2020-09-14,Keybase,1.0,1.0,3,0,0,0,0
2020-09-14,LOBSTR,1.0,1.0,5,0,0,0,0
2020-09-14,SatoshiPay,1.0,1.0,3,0,0,0,0
2020-09-14,Stellar Development Foundation,1.0,1.0,3,0,0,0,0
2020-09-14,Wirex Limited,1.0,1.0,3,0,0,0,0
2020-09-15,Blockdaemon Inc.,1.0,1.0,3,0,0,0,0
2020-09-15,COINQVEST LLC,1.0,1.0,3,0,0,0,0
2020-09-15,Keybase,1.0,1.0,3,0,0,0,0
2020-09-15,LOBSTR,1.0,1.0,5,0,0,0,0
2020-09-15,SatoshiPay,1.0,0.9898,3,0,0,0,0
2020-09-15,Stellar Development Foundation,1.0,1.0,3,0,0,0,0
2020-09-15,Wirex Limited,1.0,1.0,3,0,0,0,0
2020-09-16,Blockdaemon Inc.,1.0,1.0,3,0,0,0,0
2020-09-16,COINQVEST LLC,1.0,1.0,3,0,0,0,0
2020-09-16,Keybase,1.0,1.0,3,0,0,0,0
2020-09-16,LOBSTR,1.0,1.0,5,0,0,0,0
2020-09-16,SatoshiPay,1.0,1.0,3,0,0,0,0
2020-09-16,Stellar Development Foundation,1.0,1.0,3,0,0,0,0
2020-09-16,Wirex Limited,1.0,0.9982,3,0,0,0,0
2020-09-17,Blockdaemon Inc.,1.0,1.0,3,0,0,0,0
2020-09-17,COINQVEST LLC,1.0,1.0,3,0,0,0,0
2020-09-17,Keybase,1.0,1.0,3,0,0,0,0
2020-09-17,LOBSTR,1.0,1.0,5,0,0,0,0
2020-09-17,SatoshiPay,1.0,1.0,3,0,0,0,0
2020-09-17,Stellar Development Foundation,1.0,1.0,3,0,0,0,0
2020-09-17,Wirex Limited,1.0,1.0,3,0,0,0,0
2020-09-18,Blockdaemon Inc.,1.0,1.0,3,0,0,0,0
2020-09-18,COINQVEST LLC,1.0,1.0,3,0,0,0,0
2020-09-18,Keybase,1.0,1.0,3,0,0,0,0
2020-09-18,LOBSTR,1.0,1.0,5,0,0,0,0
2020-09-18,SatoshiPay,1.0,1.0,3,0,0,0,0
2020-09-18,Stellar Development Foundation,1.0,1.0,3,0,0,0,0
2020-09-18,Wirex Limited,1.0,1.0,3,0,0,0,0
2020-09-19,Blockdaemon Inc.,1.0,1.0,3,0,0,0,0
2020-09-19,COINQVEST LLC,1.0,1.0,3,0,0,0,0
2020-09-19,Keybase,1.0,1.0,3,0,0,0,0
2020-09-19,LOBSTR,1.0,1.0,5,0,0,0,0
2020-09-19,SatoshiPay,1.0,1.0,3,0,0,0,0
2020-09-19,Stellar Development Foundation,1.0,1.0,3,0,0,0,0
2020-09-19,Wirex Limited,1.0,1.0,3,0,0,0,0
2020-09-20,Blockdaemon Inc.,1.0,1.0,3,0,0,0,0
2020-09-20,COINQVEST LLC,1.0,1.0,3,0,0,0,0
2020-09-20,Keybase,1.0,1.0,3,0,0,0,0
2020-09-20,LOBSTR,1.0,1.0,5,0,0,0,0
2020-09-20,SatoshiPay,1.0,1.0,3,0,0,0,0
2020-09-20,Stellar Development Foundation,1.0,1.0,3,0,0,0,0
2020-09-20,Wirex Limited,1.0,1.0,3,0,0,0,0
2020-09-21,Blockdaemon Inc.,1.0,1.0,3,0,0,0,0
2020-09-21,COINQVEST LLC,1.0,1.0,3,0,0,0,0
2020-09-21,Keybase,1.0,1.0,3,0,0,0,0
2020-09-21,LOBSTR,1.0,1.0,5,0,0,0,0
2020-09-21,SatoshiPay,1.0,1.0,3,0,0,0,0
2020-09-21,Stellar Development Foundation,1.0,1.0,3,0,0,0,0
2020-09-21,Wirex Limited,1.0,1.0,3,0,0,0,0
2020-09-22,Blockdaemon Inc.,1.0,1.0,3,0,0,0,0
2020-09-22,COINQVEST LLC,1.0,1.0,3,0,0,0,0
2020-09-22,Keybase,1.0,1.0,3,0,0,0,0
2020-09-22,LOBSTR,1.0,1.0,5,0,0,0,0
2020-09-22,SatoshiPay,1.0,1.0,3,0,0,0,0
2020-09-22,Stellar Development Foundation,1.0,1.0,3,0,0,0,0
2020-09-22,Wirex Limited,1.0,0.9983,3,0,0,0,0
2020-09-23,Blockdaemon Inc.,1.0,1.0,3,0,0,0,0
2020-09-23,COINQVEST LLC,1.0,1.0,3,0,0,0,0
2020-09-23,Keybase,1.0,1.0,3,0,0,0,0
2020-09-23,LOBSTR,1.0,0.9929,5,0,0,0,0
2020-09-23,SatoshiPay,1.0,1.0,3,0,0,0,0
2020-09-23,Stellar Development Foundation,1.0,1.0,3,0,0,0,0
2020-09-23,Wirex Limited,1.0,0.9982,3,0,0,0,0
2020-09-24,Blockdaemon Inc.,1.0,1.0,3,0,0,0,0
2020-09-24,COINQVEST LLC,1.0,1.0,3,0,0,0,0
2020-09-24,Keybase,1.0,1.0,3,0,0,0,0
2020-09-24,LOBSTR,1.0,1.0,5,0,0,0,0
2020-09-24,SatoshiPay,1.0,1.0,3,0,0,0,0
2020-09-24,Stellar Development Foundation,1.0,1.0,3,0,0,0,0
2020-09-24,Wirex Limited,1.0,1.0,3,0,0,0,0
2020-09-25,Blockdaemon Inc.,1.0,1.0,3,0,0,0,0
2020-09-25,COINQVEST LLC,1.0,1.0,3,0,0,0,0
2020-09-25,Keybase,1.0,1.0,3,0,0,0,0
2020-09-25,LOBSTR,1.0,1.0,5,0,0,0,0
2020-09-25,SatoshiPay,1.0,1.0,3,0,0,0,0
2020-09-25,Stellar Development Foundation,1.0,1.0,3,0,0,0,0
2020-09-25,Wirex Limited,1.0,1.0,3,0,0,0,0
2020-09-26,Blockdaemon Inc.,1.0,1.0,3,0,0,0,0
2020-09-26,COINQVEST LLC,1.0,1.0,3,0,0,0,0
2020-09-26,Keybase,1.0,1.0,3,0,0,0,0
2020-09-26,LOBSTR,1.0,1.0,5,0,0,0,0
2020-09-26,SatoshiPay,1.0,1.0,3,0,0,0,0
2020-09-26,Stellar Development Foundation,1.0,1.0,3,0,0,0,0
2020-09-26,Wirex Limited,1.0,1.0,3,0,0,0,0
2020-09-27,Blockdaemon Inc.,1.0,1.0,3,0,0,0,0
2020-09-27,COINQVEST LLC,1.0,1.0,3,0,0,0,0
2020-09-27,Keybase,1.0,1.0,3,0,0,0,0
2020-09-27,LOBSTR,1.0,1.0,5,0,0,0,0
2020-09-27,SatoshiPay,1.0,1.0,3,0,0,0,0
2020-09-27,Stellar Development Foundation,1.0,1.0,3,0,0,0,0
2020-09-27,Wirex Limited,1.0,1.0,3,0,0,0,0
2020-09-28,Blockdaemon Inc.,1.0,1.0,3,0,0,0,0
2020-09-28,COINQVEST LLC,1.0,1.0,3,0,0,0,0
2020-09-28,Keybase,1.0,1.0,3,0,0,0,0
2020-09-28,LOBSTR,1.0,1.0,5,0,0,0,0
2020-09-28,SatoshiPay,1.0,1.0,3,0,0,0,0
2020-09-28,Stellar Development Foundation,1.0,1.0,3,0,0,0,0
2020-09-28,Wirex Limited,1.0,1.0,3,0,0,0,0
2020-09-29,Blockdaemon Inc.,1.0,1.0,3,0,0,0,0
2020-09-29,COINQVEST LLC,1.0,1.0,3,0,0,0,0
2020-09-29,Keybase,1.0,1.0,3,0,0,0,0
2020-09-29,LOBSTR,1.0,1.0,5,0,0,0,0
2020-09-29,SatoshiPay,1.0,0.9947,3,0,0,0,0
2020-09-29,Stellar Development Foundation,1.0,1.0,3,0,0,0,0
2020-09-29,Wirex Limited,1.0,0.9982,3,0,0,0,0
2020-09-30,Blockdaemon Inc.,1.0,1.0,3,0,0,0,0
2020-09-30,COINQVEST LLC,1.0,1.0,3,0,0,0,0
2020-09-30,Keybase,1.0,1.0,3,0,0,0,0
2020-09-30,LOBSTR,1.0,1.0,5,0,0,0,0
2020-09-30,SatoshiPay,1.0,0.9764,3,0,0,0,0
2020-09-30,Stellar Development Foundation,1.0,1.0,3,0,0,0,0
2020-09-30,Wirex Limited,1.0,1.0,3,0,0,0,0
2020-10-01,Blockdaemon Inc.,1.0,1.0,3,0,0,0,0
2020-10-01,COINQVEST LLC,1.0,1.0,3,0,0,0,0
2020-10-01,Keybase,1.0,1.0,3,0,0,0,0
2020-10-01,LOBSTR,1.0,1.0,5,0,0,0,0
2020-10-01,SatoshiPay,1.0,1.0,3,0,0,0,0
2020-10-01,Stellar Development Foundation,1.0,1.0,3,0,0,0,0
2020-10-01,Wirex Limited,1.0,1.0,3,0,0,0,0
2020-10-02,Blockdaemon Inc.,1.0,1.0,3,0,0,0,0
2020-10-02,COINQVEST LLC,1.0,1.0,3,0,0,0,0
2020-10-02,Keybase,1.0,1.0,3,0,0,0,0
2020-10-02,LOBSTR,1.0,1.0,5,0,0,0,0
2020-10-02,SatoshiPay,1.0,1.0,3,0,0,0,0
2020-10-02,Stellar Development Foundation,1.0,1.0,3,0,0,0,0
2020-10-02,Wirex Limited,1.0,1.0,3,0,0,0,0
2020-10-03,Blockdaemon Inc.,1.0,1.0,3,0,0,0,0
2020-10-03,COINQVEST LLC,1.0,1.0,3,0,0,0,0
2020-10-03,Keybase,1.0,1.0,3,0,0,0,0
2020-10-03,LOBSTR,1.0,1.0,5,0,0,0,0
2020-10-03,SatoshiPay,1.0,1.0,3,0,0,0,0
2020-10-03,Stellar Development Foundation,1.0,1.0,3,0,0,0,0
2020-10-03,Wirex Limited,1.0,1.0,3,0,0,0,0
2020-10-04,Blockdaemon Inc.,1.0,1.0,3,0,0,0,0
2020-10-04,COINQVEST LLC,1.0,1.0,3,0,0,0,0
2020-10-04,Keybase,1.0,1.0,3,0,0,0,0
2020-10-04,LOBSTR,1.0,1.0,5,0,0,0,0
2020-10-04,SatoshiPay,1.0,1.0,3,0,0,0,0
2020-10-04,Stellar Development Foundation,1.0,1.0,3,0,0,0,0
2020-10-04,Wirex Limited,1.0,1.0,3,0,0,0,0
2020-10-05,Blockdaemon Inc.,1.0,1.0,3,0,0,0,0
2020-10-05,COINQVEST LLC,1.0,1.0,3,0,0,0,0
2020-10-05,Keybase,1.0,1.0,3,0,0,0,0
2020-10-05,LOBSTR,1.0,1.0,5,0,0,0,0
2020-10-05,SatoshiPay,1.0,1.0,3,0,0,0,0
2020-10-05,Stellar Development Foundation,1.0,1.0,3,0,0,0,0
2020-10-05,Wirex Limited,1.0,1.0,3,0,0,0,0
2020-10-06,Blockdaemon Inc.,1.0,1.0,3,0,0,0,0
2020-10-06,COINQVEST LLC,1.0,1.0,3,0,0,0,0
2020-10-06,Keybase,1.0,1.0,3,0,0,0,0
2020-10-06,LOBSTR,1.0,1.0,5,0,0,0,0
2020-10-06,SatoshiPay,1.0,1.0,3,0,0,0,0
2020-10-06,Stellar Development Foundation,1.0,1.0,3,0,0,0,0
2020-10-06,Wirex Limited,1.0,0.9234,3,0,0,0,0
2020-10-07,Blockdaemon Inc.,1.0,0.9981,3,0,0,0,0
2020-10-07,COINQVEST LLC,1.0,1.0,3,0,0,0,0
2020-10-07,Keybase,1.0,1.0,3,0,0,0,0
2020-10-07,LOBSTR,1.0,1.0,5,0,0,0,0
2020-10-07,SatoshiPay,1.0,0.9981,3,0,0,0,0
2020-10-07,Stellar Development Foundation,1.0,1.0,3,0,0,0,0
2020-10-07,Wirex Limited,1.0,1.0,3,0,0,0,0
2020-10-08,Blockdaemon Inc.,1.0,1.0,3,0,0,0,0
2020-10-08,COINQVEST LLC,1.0,1.0,3,0,0,0,0
2020-10-08,Keybase,1.0,1.0,3,0,0,0,0
2020-10-08,LOBSTR,1.0,1.0,5,0,0,0,0
2020-10-08,SatoshiPay,1.0,1.0,3,0,0,0,0
2020-10-08,Stellar Development Foundation,1.0,1.0,3,0,0,0,0
2020-10-08,Wirex Limited,1.0,1.0,3,0,0,0,0
2020-10-09,Blockdaemon Inc.,1.0,1.0,3,0,0,0,0
2020-10-09,COINQVEST LLC,1.0,1.0,3,0,0,0,0
2020-10-09,Keybase,1.0,1.0,3,0,0,0,0
2020-10-09,LOBSTR,1.0,0.9941,5,0,0,0,0
2020-10-09,SatoshiPay,1.0,0.9961,3,0,0,0,0
2020-10-09,Stellar Development Foundation,1.0,1.0,3,0,0,0,0
2020-10-09,Wirex Limited,1.0,1.0,3,0,0,0,0
2020-10-10,Blockdaemon Inc.,1.0,1.0,3,0,0,0,0
2020-10-10,COINQVEST LLC,1.0,1.0,3,0,0,0,0
2020-10-10,Keybase,1.0,1.0,3,0,0,0,0
2020-10-10,LOBSTR,1.0,1.0,5,0,0,0,0
2020-10-10,SatoshiPay,1.0,0.9923,3,0,0,0,0
2020-10-10,Stellar Development Foundation,1.0,1.0,3,0,0,0,0
2020-10-10,Wirex Limited,1.0,1.0,3,0,0,0,0
2020-10-11,Blockdaemon Inc.,1.0,1.0,3,0,0,0,0
2020-10-11,COINQVEST LLC,1.0,1.0,3,0,0,0,0
2020-10-11,Keybase,1.0,0.9981,3,0,0,0,0
2020-10-11,LOBSTR,1.0,1.0,5,0,0,0,0
2020-10-11,SatoshiPay,1.0,1.0,3,0,0,0,0
2020-10-11,Stellar Development Foundation,1.0,1.0,3,0,0,0,0
2020-10-11,Wirex Limited,1.0,1.0,3,0,0,0,0
2020-10-12,Blockdaemon Inc.,1.0,1.0,3,0,0,0,0
2020-10-12,COINQVEST LLC,1.0,1.0,3,0,0,0,0
2020-10-12,Keybase,1.0,1.0,3,0,0,0,0
2020-10-12,LOBSTR,1.0,0.8642,5,1,0,0,0
2020-10-12,SatoshiPay,1.0,0.9962,3,0,0,0,0
2020-10-12,Stellar Development Foundation,1.0,1.0,3,0,0,0,0
2020-10-12,Wirex Limited,1.0,1.0,3,0,0,0,0
2020-10-13,Blockdaemon Inc.,1.0,1.0,3,0,0,0,0
2020-10-13,COINQVEST LLC,1.0,1.0,3,0,0,0,0
2020-10-13,Keybase,1.0,1.0,3,0,0,0,0
2020-10-13,LOBSTR,1.0,1.0,5,0,0,0,0
2020-10-13,SatoshiPay,1.0,1.0,3,0,0,0,0
2020-10-13,Stellar Development Foundation,1.0,1.0,3,0,0,0,0
2020-10-13,Wirex Limited,1.0,1.0,3,0,0,0,0
2020-10-14,Blockdaemon Inc.,1.0,1.0,3,0,0,0,0
2020-10-14,COINQVEST LLC,1.0,1.0,3,0,0,0,0
2020-10-14,Keybase,1.0,1.0,3,0,0,0,0
2020-10-14,LOBSTR,1.0,1.0,5,0,0,0,0
2020-10-14,SatoshiPay,1.0,0.998,3,0,0,0,0
2020-10-14,Stellar Development Foundation,1.0,1.0,3,0,0,0,0
2020-10-14,Wirex Limited,1.0,1.0,3,0,0,0,0
2020-10-15,Blockdaemon Inc.,1.0,1.0,3,0,0,0,0
2020-10-15,COINQVEST LLC,1.0,1.0,3,0,0,0,0
2020-10-15,Keybase,1.0,1.0,3,0,0,0,0
2020-10-15,LOBSTR,1.0,1.0,5,0,0,0,0
2020-10-15,SatoshiPay,1.0,0.998,3,0,0,0,0
2020-10-15,Stellar Development Foundation,1.0,1.0,3,0,0,0,0
2020-10-15,Wirex Limited,1.0,1.0,3,0,0,0,0
2020-10-16,Blockdaemon Inc.,1.0,1.0,3,0,0,0,0
2020-10-16,COINQVEST LLC,1.0,1.0,3,0,0,0,0
2020-10-16,Keybase,1.0,0.998,3,0,0,0,0
2020-10-16,LOBSTR,1.0,1.0,5,0,0,0,0
2020-10-16,SatoshiPay,1.0,0.994,3,0,0,0,0
2020-10-16,Stellar Development Foundation,1.0,1.0,3,0,0,0,0
2020-10-16,Wirex Limited,1.0,1.0,3,0,0,0,0
2020-10-17,Blockdaemon Inc.,1.0,1.0,3,0,0,0,0
2020-10-17,COINQVEST LLC,1.0,1.0,3,0,0,0,0
2020-10-17,Keybase,1.0,1.0,3,0,0,0,0
2020-10-17,LOBSTR,1.0,1.0,5,0,0,0,0
2020-10-17,SatoshiPay,1.0,0.9943,3,0,0,0,0
2020-10-17,Stellar Development Foundation,1.0,1.0,3,0,0,0,0
2020-10-17,Wirex Limited,1.0,1.0,3,0,0,0,0
2020-10-18,Blockdaemon Inc.,1.0,1.0,3,0,0,0,0
2020-10-18,COINQVEST LLC,1.0,1.0,3,0,0,0,0
2020-10-18,Keybase,1.0,1.0,3,0,0,0,0
2020-10-18,LOBSTR,1.0,1.0,5,0,0,0,0
2020-10-18,SatoshiPay,1.0,1.0,3,0,0,0,0
2020-10-18,Stellar Development Foundation,1.0,1.0,3,0,0,0,0
2020-10-18,Wirex Limited,1.0,1.0,3,0,0,0,0
2020-10-19,Blockdaemon Inc.,1.0,1.0,3,0,0,0,0
2020-10-19,COINQVEST LLC,1.0,1.0,3,0,0,0,0
2020-10-19,Keybase,1.0,0.9981,3,0,0,0,0
2020-10-19,LOBSTR,1.0,1.0,5,0,0,0,0
2020-10-19,SatoshiPay,1.0,1.0,3,0,0,0,0
2020-10-19,Stellar Development Foundation,1.0,1.0,3,0,0,0,0
2020-10-19,Wirex Limited,1.0,1.0,3,0,0,0,0
2020-10-20,Blockdaemon Inc.,1.0,1.0,3,0,0,0,0
2020-10-20,COINQVEST LLC,1.0,1.0,3,0,0,0,0
2020-10-20,Keybase,1.0,1.0,3,0,0,0,0
2020-10-20,LOBSTR,1.0,1.0,5,0,0,0,0
2020-10-20,SatoshiPay,1.0,1.0,3,0,0,0,0
2020-10-20,Stellar Development Foundation,1.0,1.0,3,0,0,0,0
2020-10-20,Wirex Limited,1.0,1.0,3,0,0,0,0
2020-10-21,Blockdaemon Inc.,1.0,1.0,3,0,0,0,0
2020-10-21,COINQVEST LLC,1.0,1.0,3,0,0,0,0
2020-10-21,Keybase,1.0,1.0,3,0,0,0,0
2020-10-21,LOBSTR,1.0,1.0,5,0,0,0,0
2020-10-21,SatoshiPay,1.0,1.0,3,0,0,0,0
2020-10-21,Stellar Development Foundation,1.0,1.0,3,0,0,0,0
2020-10-21,Wirex Limited,1.0,1.0,3,0,0,0,0
2020-10-22,Blockdaemon Inc.,1.0,1.0,3,0,0,0,0
2020-10-22,COINQVEST LLC,1.0,1.0,3,0,0,0,0
2020-10-22,Keybase,1.0,1.0,3,0,0,0,0
2020-10-22,LOBSTR,1.0,1.0,5,0,0,0,0
2020-10-22,SatoshiPay,1.0,1.0,3,0,0,0,0
2020-10-22,Stellar Development Foundation,1.0,1.0,3,0,0,0,0
2020-10-22,Wirex Limited,1.0,1.0,3,0,0,0,0
2020-10-23,Blockdaemon Inc.,1.0,1.0,3,0,0,0,0
2020-10-23,COINQVEST LLC,1.0,1.0,3,0,0,0,0
2020-10-23,Keybase,1.0,1.0,3,0,0,0,0
2020-10-23,LOBSTR,1.0,1.0,5,0,0,0,0
2020-10-23,SatoshiPay,1.0,1.0,3,0,0,0,0
2020-10-23,Stellar Development Foundation,1.0,1.0,3,0,0,0,0
2020-10-23,Wirex Limited,1.0,1.0,3,0,0,0,0
2020-10-24,Blockdaemon Inc.,1.0,1.0,3,0,0,0,0
2020-10-24,COINQVEST LLC,1.0,1.0,3,0,0,0,0
2020-10-24,Keybase,1.0,0.9982,3,0,0,0,0
2020-10-24,LOBSTR,1.0,1.0,5,0,0,0,0
2020-10-24,SatoshiPay,1.0,1.0,3,0,0,0,0
2020-10-24,Stellar Development Foundation,1.0,1.0,3,0,0,0,0
2020-10-24,Wirex Limited,1.0,1.0,3,0,0,0,0
2020-10-25,Blockdaemon Inc.,1.0,1.0,3,0,0,0,0
2020-10-25,COINQVEST LLC,1.0,1.0,3,0,0,0,0
2020-10-25,Keybase,1.0,1.0,3,0,0,0,0
2020-10-25,LOBSTR,1.0,1.0,5,0,0,0,0
2020-10-25,SatoshiPay,1.0,1.0,3,0,0,0,0
2020-10-25,Stellar Development Foundation,1.0,1.0,3,0,0,0,0
2020-10-25,Wirex Limited,1.0,1.0,3,0,0,0,0
2020-10-26,Blockdaemon Inc.,1.0,1.0,3,0,0,0,0
2020-10-26,COINQVEST LLC,1.0,1.0,3,0,0,0,0
2020-10-26,Keybase,1.0,1.0,3,0,0,0,0
2020-10-26,LOBSTR,1.0,1.0,5,0,0,0,0
2020-10-26,SatoshiPay,1.0,1.0,3,0,0,0,0
2020-10-26,Stellar Development Foundation,1.0,1.0,3,0,0,0,0
2020-10-26,Wirex Limited,1.0,1.0,3,0,0,0,0
2020-10-27,Blockdaemon Inc.,1.0,1.0,3,0,0,0,0
2020-10-27,COINQVEST LLC,1.0,1.0,3,0,0,0,0
2020-10-27,Keybase,1.0,1.0,3,0,0,0,0
2020-10-27,LOBSTR,1.0,0.9982,5,0,0,0,0
2020-10-27,SatoshiPay,1.0,1.0,3,0,0,0,0
2020-10-27,Stellar Development Foundation,1.0,1.0,3,0,0,0,0
2020-10-27,Wirex Limited,1.0,1.0,3,0,0,0,0
2020-10-28,Blockdaemon Inc.,1.0,1.0,3,0,0,0,0
2020-10-28,COINQVEST LLC,1.0,1.0,3,0,0,0,0
2020-10-28,Keybase,1.0,1.0,3,0,0,0,0
2020-10-28,LOBSTR,1.0,1.0,5,0,0,0,0
2020-10-28,SatoshiPay,1.0,1.0,3,0,0,0,0
2020-10-28,Stellar Development Foundation,1.0,1.0,3,0,0,0,0
2020-10-28,Wirex Limited,1.0,1.0,3,0,0,0,0
2020-10-29,Blockdaemon Inc.,1.0,1.0,3,0,0,0,0
2020-10-29,COINQVEST LLC,1.0,1.0,3,0,0,0,0
2020-10-29,Keybase,1.0,1.0,3,0,0,0,0
2020-10-29,LOBSTR,1.0,1.0,5,0,0,0,0
2020-10-29,SatoshiPay,1.0,0.9944,3,0,0,0,0
2020-10-29,Stellar Development Foundation,1.0,1.0,3,0,0,0,0
2020-10-29,Wirex Limited,1.0,1.0,3,0,0,0,0
2020-10-30,Blockdaemon Inc.,1.0,1.0,3,0,0,0,0
2020-10-30,COINQVEST LLC,1.0,1.0,3,0,0,0,0
2020-10-30,Keybase,1.0,1.0,3,0,0,0,0
2020-10-30,LOBSTR,1.0,1.0,5,0,0,0,0
2020-10-30,SatoshiPay,1.0,1.0,3,0,0,0,0
2020-10-30,Stellar Development Foundation,1.0,1.0,3,0,0,0,0
2020-10-30,Wirex Limited,1.0,1.0,3,0,0,0,0
2020-10-31,Blockdaemon Inc.,1.0,1.0,3,0,0,0,0
2020-10-31,COINQVEST LLC,1.0,1.0,3,0,0,0,0
2020-10-31,Keybase,1.0,1.0,3,0,0,0,0
2020-10-31,LOBSTR,1.0,1.0,5,0,0,0,0
2020-10-31,SatoshiPay,1.0,1.0,3,0,0,0,0
2020-10-31,Stellar Development Foundation,1.0,1.0,3,0,0,0,0
2020-10-31,Wirex Limited,1.0,1.0,3,0,0,0,0
2020-11-01,Blockdaemon Inc.,1.0,1.0,3,0,0,0,0
2020-11-01,COINQVEST LLC,1.0,1.0,3,0,0,0,0
2020-11-01,Keybase,1.0,1.0,3,0,0,0,0
2020-11-01,LOBSTR,1.0,1.0,5,0,0,0,0
2020-11-01,SatoshiPay,1.0,1.0,3,0,0,0,0
2020-11-01,Stellar Development Foundation,1.0,1.0,3,0,0,0,0
2020-11-01,Wirex Limited,1.0,1.0,3,0,0,0,0
2020-11-02,Blockdaemon Inc.,1.0,1.0,3,0,0,0,0
2020-11-02,COINQVEST LLC,1.0,1.0,3,0,0,0,0
2020-11-02,Keybase,1.0,1.0,3,0,0,0,0
2020-11-02,LOBSTR,1.0,1.0,5,0,0,0,0
2020-11-02,SatoshiPay,1.0,1.0,3,0,0,0,0
2020-11-02,Stellar Development Foundation,1.0,1.0,3,0,0,0,0
2020-11-02,Wirex Limited,1.0,1.0,3,0,0,0,0
2020-11-03,Blockdaemon Inc.,1.0,1.0,3,0,0,0,0
2020-11-03,COINQVEST LLC,1.0,1.0,3,0,0,0,0
2020-11-03,Keybase,1.0,1.0,3,0,0,0,0
2020-11-03,LOBSTR,1.0,1.0,5,0,0,0,0
2020-11-03,SatoshiPay,1.0,1.0,3,0,0,0,0
2020-11-03,Stellar Development Foundation,1.0,1.0,3,0,0,0,0
2020-11-03,Wirex Limited,1.0,1.0,3,0,0,0,0
2020-11-04,Blockdaemon Inc.,1.0,1.0,3,0,0,0,0
2020-11-04,COINQVEST LLC,1.0,1.0,3,0,0,0,0
2020-11-04,Keybase,1.0,1.0,3,0,0,0,0
2020-11-04,LOBSTR,1.0,1.0,5,0,0,0,0
2020-11-04,SatoshiPay,1.0,1.0,3,0,0,0,0
2020-11-04,Stellar Development Foundation,1.0,1.0,3,0,0,0,0
2020-11-04,Wirex Limited,1.0,1.0,3,0,0,0,0
2020-11-05,Blockdaemon Inc.,1.0,1.0,3,0,0,0,0
2020-11-05,COINQVEST LLC,1.0,1.0,3,0,0,0,0
2020-11-05,Keybase,1.0,1.0,3,0,0,0,0
2020-11-05,LOBSTR,1.0,1.0,5,0,0,0,0
2020-11-05,SatoshiPay,1.0,0.9944,3,0,0,0,0
2020-11-05,Stellar Development Foundation,1.0,1.0,3,0,0,0,0
2020-11-05,Wirex Limited,1.0,1.0,3,0,0,0,0
2020-11-06,Blockdaemon Inc.,1.0,1.0,3,0,0,0,0
2020-11-06,COINQVEST LLC,1.0,1.0,3,0,0,0,0
2020-11-06,Keybase,1.0,1.0,3,0,0,0,0
2020-11-06,LOBSTR,1.0,1.0,5,0,0,0,0
2020-11-06,SatoshiPay,1.0,1.0,3,0,0,0,0
2020-11-06,Stellar Development Foundation,1.0,1.0,3,0,0,0,0
2020-11-06,Wirex Limited,1.0,1.0,3,0,0,0,0
2020-11-07,Blockdaemon Inc.,1.0,1.0,3,0,0,0,0
2020-11-07,COINQVEST LLC,1.0,1.0,3,0,0,0,0
2020-11-07,Keybase,1.0,0.9963,3,0,0,0,0
2020-11-07,LOBSTR,1.0,1.0,5,0,0,0,0
2020-11-07,SatoshiPay,1.0,1.0,3,0,0,0,0
2020-11-07,Stellar Development Foundation,1.0,1.0,3,0,0,0,0
2020-11-07,Wirex Limited,1.0,1.0,3,0,0,0,0
2020-11-08,Blockdaemon Inc.,1.0,1.0,3,0,0,0,0
2020-11-08,COINQVEST LLC,1.0,1.0,3,0,0,0,0
2020-11-08,Keybase,1.0,1.0,3,0,0,0,0
2020-11-08,LOBSTR,1.0,0.9926,5,0,0,0,0
2020-11-08,SatoshiPay,1.0,1.0,3,0,0,0,0
2020-11-08,Stellar Development Foundation,1.0,1.0,3,0,0,0,0
2020-11-08,Wirex Limited,1.0,1.0,3,0,0,0,0
2020-11-09,Blockdaemon Inc.,1.0,1.0,3,0,0,0,0
2020-11-09,COINQVEST LLC,1.0,1.0,3,0,0,0,0
2020-11-09,Keybase,1.0,1.0,3,0,0,0,0
2020-11-09,LOBSTR,1.0,1.0,5,0,0,0,0
2020-11-09,SatoshiPay,1.0,1.0,3,0,0,0,0
2020-11-09,Stellar Development Foundation,1.0,1.0,3,0,0,0,0
2020-11-09,Wirex Limited,1.0,1.0,3,0,0,0,0
2020-11-10,Blockdaemon Inc.,1.0,1.0,3,0,0,0,0
2020-11-10,COINQVEST LLC,1.0,1.0,3,0,0,0,0
2020-11-10,Keybase,1.0,1.0,3,0,0,0,0
2020-11-10,LOBSTR,1.0,1.0,5,0,0,0,0
2020-11-10,SatoshiPay,1.0,1.0,3,0,0,0,0
2020-11-10,Stellar Development Foundation,1.0,1.0,3,0,0,0,0
2020-11-10,Wirex Limited,1.0,1.0,3,0,0,0,0
2020-11-11,Blockdaemon Inc.,1.0,1.0,3,0,0,0,0
2020-11-11,COINQVEST LLC,1.0,1.0,3,0,0,0,0
2020-11-11,Keybase,1.0,1.0,3,0,0,0,0
2020-11-11,LOBSTR,1.0,0.9981,5,0,0,0,0
2020-11-11,SatoshiPay,1.0,1.0,3,0,0,0,0
2020-11-11,Stellar Development Foundation,1.0,1.0,3,0,0,0,0
2020-11-11,Wirex Limited,1.0,1.0,3,0,0,0,0
2020-11-12,Blockdaemon Inc.,1.0,1.0,3,0,0,0,0
2020-11-12,COINQVEST LLC,1.0,1.0,3,0,0,0,0
2020-11-12,Keybase,1.0,0.9962,3,0,0,0,0
2020-11-12,LOBSTR,1.0,1.0,5,0,0,0,0
2020-11-12,SatoshiPay,1.0,0.9886,3,0,0,0,0
2020-11-12,Stellar Development Foundation,1.0,1.0,3,0,0,0,0
2020-11-12,Wirex Limited,1.0,1.0,3,0,0,0,0
2020-11-13,Blockdaemon Inc.,1.0,1.0,3,0,0,0,0
2020-11-13,COINQVEST LLC,1.0,1.0,3,0,0,0,0
2020-11-13,Keybase,1.0,1.0,3,0,0,0,0
2020-11-13,LOBSTR,1.0,1.0,5,0,0,0,0
2020-11-13,SatoshiPay,1.0,1.0,3,0,0,0,0
2020-11-13,Stellar Development Foundation,1.0,1.0,3,0,0,0,0
2020-11-13,Wirex Limited,1.0,1.0,3,0,0,0,0
2020-11-14,Blockdaemon Inc.,1.0,1.0,3,0,0,0,0
2020-11-14,COINQVEST LLC,1.0,1.0,3,0,0,0,0
2020-11-14,Keybase,1.0,1.0,3,0,0,0,0
2020-11-14,LOBSTR,1.0,1.0,5,0,0,0,0
2020-11-14,SatoshiPay,1.0,1.0,3,0,0,0,0
2020-11-14,Stellar Development Foundation,1.0,1.0,3,0,0,0,0
2020-11-14,Wirex Limited,1.0,1.0,3,0,0,0,0
2020-11-15,Blockdaemon Inc.,1.0,1.0,3,0,0,0,0
2020-11-15,COINQVEST LLC,1.0,1.0,3,0,0,0,0
2020-11-15,Keybase,1.0,1.0,3,0,0,0,0
2020-11-15,LOBSTR,1.0,1.0,5,0,0,0,0
2020-11-15,SatoshiPay,1.0,1.0,3,0,0,0,0
2020-11-15,Stellar Development Foundation,1.0,1.0,3,0,0,0,0
2020-11-15,Wirex Limited,1.0,1.0,3,0,0,0,0
2020-11-16,Blockdaemon Inc.,1.0,1.0,3,0,0,0,0
2020-11-16,COINQVEST LLC,1.0,1.0,3,0,0,0,0
2020-11-16,Keybase,1.0,1.0,3,0,0,0,0
2020-11-16,LOBSTR,1.0,1.0,5,0,0,0,0
2020-11-16,SatoshiPay,1.0,1.0,3,0,0,0,0
2020-11-16,Stellar Development Foundation,1.0,1.0,3,0,0,0,0
2020-11-16,Wirex Limited,1.0,1.0,3,0,0,0,0
2020-11-17,Blockdaemon Inc.,1.0,1.0,3,0,0,0,0
2020-11-17,COINQVEST LLC,1.0,1.0,3,0,0,0,0
2020-11-17,Keybase,1.0,0.9982,3,0,0,0,0
2020-11-17,LOBSTR,1.0,1.0,5,0,0,0,0
2020-11-17,SatoshiPay,1.0,0.9963,3,0,0,0,0
2020-11-17,Stellar Development Foundation,1.0,1.0,3,0,0,0,0
2020-11-17,Wirex Limited,1.0,1.0,3,0,0,0,0
2020-11-18,Blockdaemon Inc.,1.0,1.0,3,0,0,0,0
2020-11-18,COINQVEST LLC,1.0,1.0,3,0,0,0,0
2020-11-18,Keybase,1.0,0.9982,3,0,0,0,0
2020-11-18,LOBSTR,1.0,0.9964,5,0,0,0,0
2020-11-18,SatoshiPay,1.0,1.0,3,0,0,0,0
2020-11-18,Stellar Development Foundation,1.0,1.0,3,0,0,0,0
2020-11-18,Wirex Limited,1.0,1.0,3,0,0,0,0
2020-11-19,Blockdaemon Inc.,1.0,1.0,3,0,0,0,0
2020-11-19,COINQVEST LLC,1.0,1.0,3,0,0,0,0
2020-11-19,Keybase,1.0,0.9965,3,0,0,0,0
2020-11-19,LOBSTR,1.0,1.0,5,0,0,0,0
2020-11-19,SatoshiPay,1.0,1.0,3,0,0,0,0
2020-11-19,Stellar Development Foundation,1.0,1.0,3,0,0,0,0
2020-11-19,Wirex Limited,1.0,1.0,3,0,0,0,0
2020-11-20,Blockdaemon Inc.,1.0,1.0,3,0,0,0,0
2020-11-20,COINQVEST LLC,1.0,1.0,3,0,0,0,0
2020-11-20,Keybase,1.0,1.0,3,0,0,0,0
2020-11-20,LOBSTR,1.0,1.0,5,0,0,0,0
2020-11-20,SatoshiPay,1.0,0.9964,3,0,0,0,0
2020-11-20,Stellar Development Foundation,1.0,1.0,3,0,0,0,0
2020-11-20,Wirex Limited,1.0,0.9982,3,0,0,0,0
2020-11-21,Blockdaemon Inc.,1.0,1.0,3,0,0,0,0
2020-11-21,COINQVEST LLC,1.0,1.0,3,0,0,0,0
2020-11-21,Keybase,1.0,1.0,3,0,0,0,0
2020-11-21,LOBSTR,1.0,1.0,5,0,0,0,0
2020-11-21,SatoshiPay,1.0,0.9928,3,0,0,0,0
2020-11-21,Stellar Development Foundation,0.9982,0.9964,3,0,0,0,0
2020-11-21,Wirex Limited,1.0,1.0,3,0,0,0,0
2020-11-22,Blockdaemon Inc.,1.0,1.0,3,0,0,0,0
2020-11-22,COINQVEST LLC,1.0,1.0,3,0,0,0,0
2020-11-22,Keybase,1.0,1.0,3,0,0,0,0
2020-11-22,LOBSTR,1.0,1.0,5,0,0,0,0
2020-11-22,SatoshiPay,1.0,0.9855,3,0,0,0,0
2020-11-22,Stellar Development Foundation,0.9982,0.9964,3,0,0,0,0
2020-11-22,Wirex Limited,1.0,1.0,3,0,0,0,0
2020-11-23,Blockdaemon Inc.,1.0,1.0,3,0,0,0,0
2020-11-23,COINQVEST LLC,1.0,1.0,3,0,0,0,0
2020-11-23,Keybase,1.0,0.9982,3,0,0,0,0
2020-11-23,LOBSTR,1.0,1.0,5,0,0,0,0
2020-11-23,SatoshiPay,1.0,0.9946,3,0,0,0,0
2020-11-23,Stellar Development Foundation,0.9982,0.9928,3,0,0,0,0
2020-11-23,Wirex Limited,1.0,1.0,3,0,0,0,0
2020-11-24,Blockdaemon Inc.,1.0,1.0,3,0,0,0,0
2020-11-24,COINQVEST LLC,1.0,1.0,3,0,0,0,0
2020-11-24,Keybase,1.0,0.9983,3,0,0,0,0
2020-11-24,LOBSTR,1.0,1.0,5,0,0,0,0
2020-11-24,SatoshiPay,1.0,0.9866,3,0,0,0,0
2020-11-24,Stellar Development Foundation,1.0,0.9967,3,0,0,0,0
2020-11-24,Wirex Limited,1.0,1.0,3,0,0,0,0
2020-11-25,Blockdaemon Inc.,1.0,1.0,3,0,0,0,0
2020-11-25,COINQVEST LLC,1.0,1.0,3,0,0,0,0
2020-11-25,Keybase,1.0,0.9967,3,0,0,0,0
2020-11-25,LOBSTR,1.0,1.0,5,0,0,0,0
2020-11-25,SatoshiPay,1.0,0.9951,3,0,0,0,0
2020-11-25,Stellar Development Foundation,0.9967,0.9951,3,0,0,0,0
2020-11-25,Wirex Limited,1.0,1.0,3,0,0,0,0
2020-11-26,Blockdaemon Inc.,1.0,1.0,3,0,0,0,0
2020-11-26,COINQVEST LLC,1.0,1.0,3,0,0,0,0
2020-11-26,Keybase,1.0,0.9983,3,0,0,0,0
2020-11-26,LOBSTR,1.0,1.0,5,0,0,0,0
2020-11-26,SatoshiPay,1.0,0.9967,3,0,0,0,0
2020-11-26,Stellar Development Foundation,1.0,0.9983,3,0,0,0,0
2020-11-26,Wirex Limited,1.0,0.9933,3,0,0,0,0
2020-11-27,Blockdaemon Inc.,1.0,1.0,3,0,0,0,0
2020-11-27,COINQVEST LLC,1.0,1.0,3,0,0,0,0
2020-11-27,Keybase,1.0,0.9983,3,0,0,0,0
2020-11-27,LOBSTR,1.0,1.0,5,0,0,0,0
2020-11-27,SatoshiPay,1.0,0.9949,3,0,0,0,0
2020-11-27,Stellar Development Foundation,1.0,0.9983,3,0,0,0,0
2020-11-27,Wirex Limited,1.0,1.0,3,0,0,0,0
2020-11-28,Blockdaemon Inc.,1.0,1.0,3,0,0,0,0
2020-11-28,COINQVEST LLC,1.0,1.0,3,0,0,0,0
2020-11-28,Keybase,1.0,1.0,3,0,0,0,0
2020-11-28,LOBSTR,1.0,1.0,5,0,0,0,0
2020-11-28,SatoshiPay,1.0,0.9983,3,0,0,0,0
2020-11-28,Stellar Development Foundation,1.0,1.0,3,0,0,0,0
2020-11-28,Wirex Limited,1.0,1.0,3,0,0,0,0
2020-11-29,Blockdaemon Inc.,1.0,1.0,3,0,0,0,0
2020-11-29,COINQVEST LLC,1.0,1.0,3,0,0,0,0
2020-11-29,Keybase,1.0,1.0,3,0,0,0,0
2020-11-29,LOBSTR,1.0,1.0,5,0,0,0,0
2020-11-29,SatoshiPay,1.0,1.0,3,0,0,0,0
2020-11-29,Stellar Development Foundation,1.0,1.0,3,0,0,0,0
2020-11-29,Wirex Limited,1.0,1.0,3,0,0,0,0
2020-11-30,Blockdaemon Inc.,1.0,1.0,3,0,0,0,0
2020-11-30,COINQVEST LLC,1.0,1.0,3,0,0,0,0
2020-11-30,Keybase,1.0,1.0,3,0,0,0,0
2020-11-30,LOBSTR,1.0,1.0,5,0,0,0,0
2020-11-30,SatoshiPay,1.0,1.0,3,0,0,0,0
2020-11-30,Stellar Development Foundation,1.0,1.0,3,0,0,0,0
2020-11-30,Wirex Limited,1.0,1.0,3,0,0,0,0
2020-12-01,Blockdaemon Inc.,1.0,1.0,3,0,0,0,0
2020-12-01,COINQVEST LLC,1.0,1.0,3,0,0,0,0
2020-12-01,Keybase,1.0,1.0,3,0,0,0,0
2020-12-01,LOBSTR,1.0,1.0,5,0,0,0,0
2020-12-01,SatoshiPay,1.0,0.9983,3,0,0,0,0
2020-12-01,Stellar Development Foundation,1.0,1.0,3,0,0,0,0
2020-12-01,Wirex Limited,1.0,1.0,3,0,0,0,0
2020-12-02,Blockdaemon Inc.,1.0,1.0,3,0,0,0,0
2020-12-02,COINQVEST LLC,1.0,1.0,3,0,0,0,0
2020-12-02,Keybase,1.0,1.0,3,0,0,0,0
2020-12-02,LOBSTR,1.0,1.0,5,0,0,0,0
2020-12-02,SatoshiPay,1.0,0.9983,3,0,0,0,0
2020-12-02,Stellar Development Foundation,1.0,1.0,3,0,0,0,0
2020-12-02,Wirex Limited,1.0,1.0,3,0,0,0,0
2020-12-03,Blockdaemon Inc.,1.0,1.0,3,0,0,0,0
2020-12-03,COINQVEST LLC,1.0,1.0,3,0,0,0,0
2020-12-03,Keybase,1.0,1.0,3,0,0,0,0
2020-12-03,LOBSTR,1.0,1.0,5,0,0,0,0
2020-12-03,SatoshiPay,1.0,0.9983,3,0,0,0,0
2020-12-03,Stellar Development Foundation,1.0,1.0,3,0,0,0,0
2020-12-03,Wirex Limited,1.0,1.0,3,0,0,0,0
2020-12-04,Blockdaemon Inc.,1.0,1.0,3,0,0,0,0
2020-12-04,COINQVEST LLC,1.0,1.0,3,0,0,0,0
2020-12-04,Keybase,1.0,1.0,3,0,0,0,0
2020-12-04,LOBSTR,1.0,1.0,5,0,0,0,0
2020-12-04,SatoshiPay,1.0,0.9966,3,0,0,0,0
2020-12-04,Stellar Development Foundation,1.0,1.0,3,0,0,0,0
2020-12-04,Wirex Limited,1.0,1.0,3,0,0,0,0
2020-12-05,Blockdaemon Inc.,1.0,0.9983,3,0,0,0,0
2020-12-05,COINQVEST LLC,1.0,1.0,3,0,0,0,0
2020-12-05,Keybase,1.0,1.0,3,0,0,0,0
2020-12-05,LOBSTR,1.0,1.0,5,0,0,0,0
2020-12-05,SatoshiPay,1.0,0.9983,3,0,0,0,0
2020-12-05,Stellar Development Foundation,1.0,1.0,3,0,0,0,0
2020-12-05,Wirex Limited,1.0,1.0,3,0,0,0,0
2020-12-06,Blockdaemon Inc.,1.0,1.0,3,0,0,0,0
2020-12-06,COINQVEST LLC,1.0,1.0,3,0,0,0,0
2020-12-06,Keybase,1.0,1.0,3,0,0,0,0
2020-12-06,LOBSTR,1.0,1.0,5,0,0,0,0
2020-12-06,SatoshiPay,1.0,1.0,3,0,0,0,0
2020-12-06,Stellar Development Foundation,1.0,1.0,3,0,0,0,0
2020-12-06,Wirex Limited,1.0,1.0,3,0,0,0,0
2020-12-07,Blockdaemon Inc.,1.0,1.0,3,0,0,0,0
2020-12-07,COINQVEST LLC,1.0,1.0,3,0,0,0,0
2020-12-07,Keybase,1.0,1.0,3,0,0,0,0
2020-12-07,LOBSTR,1.0,1.0,5,0,0,0,0
2020-12-07,SatoshiPay,1.0,0.9983,3,0,0,0,0
2020-12-07,Stellar Development Foundation,1.0,1.0,3,0,0,0,0
2020-12-07,Wirex Limited,1.0,1.0,3,0,0,0,0
2020-12-08,Blockdaemon Inc.,1.0,1.0,3,0,0,0,0
2020-12-08,COINQVEST LLC,1.0,1.0,3,0,0,0,0
2020-12-08,Keybase,1.0,1.0,3,0,0,0,0
2020-12-08,LOBSTR,1.0,1.0,5,0,0,0,0
2020-12-08,SatoshiPay,1.0,1.0,3,0,0,0,0
2020-12-08,Stellar Development Foundation,1.0,1.0,3,0,0,0,0
2020-12-08,Wirex Limited,1.0,1.0,3,0,0,0,0
2020-12-09,Blockdaemon Inc.,1.0,1.0,3,0,0,0,0
2020-12-09,COINQVEST LLC,1.0,1.0,3,0,0,0,0
2020-12-09,Keybase,1.0,1.0,3,0,0,0,0
2020-12-09,LOBSTR,1.0,1.0,5,0,0,0,0
2020-12-09,SatoshiPay,1.0,0.9982,3,0,0,0,0
2020-12-09,Stellar Development Foundation,1.0,1.0,3,0,0,0,0
2020-12-09,Wirex Limited,1.0,1.0,3,0,0,0,0
2020-12-10,Blockdaemon Inc.,1.0,1.0,3,0,0,0,0
2020-12-10,COINQVEST LLC,1.0,1.0,3,0,0,0,0
2020-12-10,Keybase,1.0,0.9983,3,0,0,0,0
2020-12-10,LOBSTR,1.0,0.9983,5,0,0,0,0
2020-12-10,SatoshiPay,1.0,1.0,3,0,0,0,0
2020-12-10,Stellar Development Foundation,1.0,1.0,3,0,0,0,0
2020-12-10,Wirex Limited,1.0,1.0,3,0,0,0,0
2020-12-11,Blockdaemon Inc.,1.0,1.0,3,0,0,0,0
2020-12-11,COINQVEST LLC,1.0,1.0,3,0,0,0,0
2020-12-11,Keybase,1.0,1.0,3,0,0,0,0
2020-12-11,LOBSTR,1.0,1.0,5,0,0,0,0
2020-12-11,SatoshiPay,1.0,1.0,3,0,0,0,0
2020-12-11,Stellar Development Foundation,1.0,1.0,3,0,0,0,0
2020-12-11,Wirex Limited,1.0,1.0,3,0,0,0,0
2020-12-12,Blockdaemon Inc.,1.0,1.0,3,0,0,0,0
2020-12-12,COINQVEST LLC,1.0,1.0,3,0,0,0,0
2020-12-12,Keybase,1.0,0.9983,3,0,0,0,0
2020-12-12,LOBSTR,1.0,1.0,5,0,0,0,0
2020-12-12,SatoshiPay,1.0,1.0,3,0,0,0,0
2020-12-12,Stellar Development Foundation,1.0,1.0,3,0,0,0,0
2020-12-12,Wirex Limited,1.0,1.0,3,0,0,0,0
2020-12-13,Blockdaemon Inc.,1.0,1.0,3,0,0,0,0
2020-12-13,COINQVEST LLC,1.0,1.0,3,0,0,0,0
2020-12-13,Keybase,1.0,1.0,3,0,0,0,0
2020-12-13,LOBSTR,1.0,1.0,5,0,0,0,0
2020-12-13,SatoshiPay,1.0,1.0,3,0,0,0,0
2020-12-13,Stellar Development Foundation,1.0,1.0,3,0,0,0,0
2020-12-13,Wirex Limited,1.0,1.0,3,0,0,0,0
2020-12-14,Blockdaemon Inc.,1.0,1.0,3,0,0,0,0
2020-12-14,COINQVEST LLC,1.0,1.0,3,0,0,0,0
2020-12-14,Keybase,1.0,1.0,3,0,0,0,0
2020-12-14,LOBSTR,1.0,1.0,5,0,0,0,0
2020-12-14,SatoshiPay,1.0,1.0,3,0,0,0,0
2020-12-14,Stellar Development Foundation,1.0,1.0,3,0,0,0,0
2020-12-14,Wirex Limited,1.0,1.0,3,0,0,0,0
2020-12-15,Blockdaemon Inc.,1.0,1.0,3,0,0,0,0
2020-12-15,COINQVEST LLC,1.0,1.0,3,0,0,0,0
2020-12-15,Keybase,1.0,1.0,3,0,0,0,0
2020-12-15,LOBSTR,1.0,1.0,5,0,0,0,0
2020-12-15,SatoshiPay,1.0,1.0,3,0,0,0,0
2020-12-15,Stellar Development Foundation,1.0,1.0,3,0,0,0,0
2020-12-15,Wirex Limited,1.0,1.0,3,0,0,0,0
2020-12-16,Blockdaemon Inc.,1.0,1.0,3,0,0,0,0
2020-12-16,COINQVEST LLC,1.0,1.0,3,0,0,0,0
2020-12-16,Keybase,1.0,1.0,3,0,0,0,0
2020-12-16,LOBSTR,1.0,1.0,5,0,0,0,0
2020-12-16,SatoshiPay,1.0,1.0,3,0,0,0,0
2020-12-16,Stellar Development Foundation,1.0,1.0,3,0,0,0,0
2020-12-16,Wirex Limited,1.0,1.0,3,0,0,0,0
2020-12-17,Blockdaemon Inc.,1.0,1.0,3,0,0,0,0
2020-12-17,COINQVEST LLC,1.0,1.0,3,0,0,0,0
2020-12-17,Keybase,1.0,1.0,3,0,0,0,0
2020-12-17,LOBSTR,1.0,1.0,5,0,0,0,0
2020-12-17,SatoshiPay,1.0,0.9983,3,0,0,0,0
2020-12-17,Stellar Development Foundation,1.0,1.0,3,0,0,0,0
2020-12-17,Wirex Limited,1.0,0.9983,3,0,0,0,0
2020-12-18,Blockdaemon Inc.,1.0,1.0,3,0,0,0,0
2020-12-18,COINQVEST LLC,1.0,1.0,3,0,0,0,0
2020-12-18,Keybase,1.0,1.0,3,0,0,0,0
2020-12-18,LOBSTR,1.0,1.0,5,0,0,0,0
2020-12-18,SatoshiPay,1.0,0.9982,3,0,0,0,0
2020-12-18,Stellar Development Foundation,1.0,1.0,3,0,0,0,0
2020-12-18,Wirex Limited,1.0,1.0,3,0,0,0,0
2020-12-19,Blockdaemon Inc.,1.0,1.0,3,0,0,0,0
2020-12-19,COINQVEST LLC,1.0,1.0,3,0,0,0,0
2020-12-19,Keybase,1.0,1.0,3,0,0,0,0
2020-12-19,LOBSTR,1.0,1.0,5,0,0,0,0
2020-12-19,SatoshiPay,1.0,1.0,3,0,0,0,0
2020-12-19,Stellar Development Foundation,1.0,1.0,3,0,0,0,0
2020-12-19,Wirex Limited,1.0,1.0,3,0,0,0,0
2020-12-20,Blockdaemon Inc.,1.0,1.0,3,0,0,0,0
2020-12-20,COINQVEST LLC,1.0,1.0,3,0,0,0,0
2020-12-20,Keybase,1.0,1.0,3,0,0,0,0
2020-12-20,LOBSTR,1.0,1.0,5,0,0,0,0
2020-12-20,SatoshiPay,1.0,1.0,3,0,0,0,0
2020-12-20,Stellar Development Foundation,1.0,1.0,3,0,0,0,0
2020-12-20,Wirex Limited,1.0,1.0,3,0,0,0,0
2020-12-21,Blockdaemon Inc.,1.0,1.0,3,0,0,0,0
2020-12-21,COINQVEST LLC,1.0,1.0,3,0,0,0,0
2020-12-21,Keybase,1.0,1.0,3,0,0,0,0
2020-12-21,LOBSTR,1.0,1.0,5,0,0,0,0
2020-12-21,SatoshiPay,1.0,0.9982,3,0,0,0,0
2020-12-21,Stellar Development Foundation,1.0,1.0,3,0,0,0,0
2020-12-21,Wirex Limited,1.0,1.0,3,0,0,0,0
2020-12-22,Blockdaemon Inc.,1.0,1.0,3,0,0,0,0
2020-12-22,COINQVEST LLC,1.0,1.0,3,0,0,0,0
2020-12-22,Keybase,1.0,1.0,3,0,0,0,0
2020-12-22,LOBSTR,1.0,1.0,5,0,0,0,0
2020-12-22,SatoshiPay,1.0,0.9739,3,0,0,0,0
2020-12-22,Stellar Development Foundation,1.0,1.0,3,0,0,0,0
2020-12-22,Wirex Limited,1.0,1.0,3,0,0,0,0
2020-12-23,Blockdaemon Inc.,1.0,0.9877,3,0,0,0,0
2020-12-23,COINQVEST LLC,1.0,1.0,3,0,0,0,0
2020-12-23,Keybase,1.0,1.0,3,0,0,0,0
2020-12-23,LOBSTR,1.0,1.0,5,0,0,0,0
2020-12-23,SatoshiPay,1.0,0.8807,3,1,0,0,0
2020-12-23,Stellar Development Foundation,1.0,0.9982,3,0,0,0,0
2020-12-23,Wirex Limited,1.0,1.0,3,0,0,0,0
2020-12-24,Blockdaemon Inc.,1.0,0.9983,3,0,0,0,0
2020-12-24,COINQVEST LLC,1.0,1.0,3,0,0,0,0
2020-12-24,Keybase,1.0,0.9983,3,0,0,0,0
2020-12-24,LOBSTR,1.0,1.0,5,0,0,0,0
2020-12-24,SatoshiPay,1.0,0.8914,3,1,0,0,0
2020-12-24,Stellar Development Foundation,1.0,0.9983,3,0,0,0,0
2020-12-24,Wirex Limited,1.0,1.0,3,0,0,0,0
2020-12-25,Blockdaemon Inc.,1.0,1.0,3,0,0,0,0
2020-12-25,COINQVEST LLC,1.0,1.0,3,0,0,0,0
2020-12-25,Keybase,1.0,1.0,3,0,0,0,0
2020-12-25,LOBSTR,1.0,1.0,5,0,0,0,0
2020-12-25,SatoshiPay,1.0,0.9668,3,0,0,0,0
2020-12-25,Stellar Development Foundation,1.0,1.0,3,0,0,0,0
2020-12-25,Wirex Limited,1.0,1.0,3,0,0,0,0
2020-12-26,Blockdaemon Inc.,1.0,1.0,3,0,0,0,0
2020-12-26,COINQVEST LLC,1.0,1.0,3,0,0,0,0
2020-12-26,Keybase,1.0,1.0,3,0,0,0,0
2020-12-26,LOBSTR,1.0,1.0,5,0,0,0,0
2020-12-26,SatoshiPay,1.0,0.9785,3,0,0,0,0
2020-12-26,Stellar Development Foundation,1.0,1.0,3,0,0,0,0
2020-12-26,Wirex Limited,1.0,1.0,3,0,0,0,0
2020-12-27,Blockdaemon Inc.,1.0,1.0,3,0,0,0,0
2020-12-27,COINQVEST LLC,1.0,1.0,3,0,0,0,0
2020-12-27,Keybase,1.0,0.9982,3,0,0,0,0
2020-12-27,LOBSTR,1.0,1.0,5,0,0,0,0
2020-12-27,SatoshiPay,1.0,0.9911,3,0,0,0,0
2020-12-27,Stellar Development Foundation,1.0,1.0,3,0,0,0,0
2020-12-27,Wirex Limited,1.0,1.0,3,0,0,0,0
2020-12-28,Blockdaemon Inc.,1.0,1.0,3,0,0,0,0
2020-12-28,COINQVEST LLC,1.0,1.0,3,0,0,0,0
2020-12-28,Keybase,1.0,0.9982,3,0,0,0,0
2020-12-28,LOBSTR,1.0,1.0,5,0,0,0,0
2020-12-28,SatoshiPay,1.0,0.9803,3,0,0,0,0
2020-12-28,Stellar Development Foundation,1.0,1.0,3,0,0,0,0
2020-12-28,Wirex Limited,1.0,0.9785,3,0,0,0,0
2020-12-29,Blockdaemon Inc.,1.0,1.0,3,0,0,0,0
2020-12-29,COINQVEST LLC,1.0,1.0,3,0,0,0,0
2020-12-29,Keybase,1.0,0.9964,3,0,0,0,0
2020-12-29,LOBSTR,1.0,1.0,5,0,0,0,0
2020-12-29,SatoshiPay,1.0,0.9765,3,0,0,0,0
2020-12-29,Stellar Development Foundation,1.0,1.0,3,0,0,0,0
2020-12-29,Wirex Limited,1.0,1.0,3,0,0,0,0
2020-12-30,Blockdaemon Inc.,1.0,1.0,3,0,0,0,0
2020-12-30,COINQVEST LLC,1.0,1.0,3,0,0,0,0
2020-12-30,Keybase,1.0,0.9982,3,0,0,0,0
2020-12-30,LOBSTR,1.0,1.0,5,0,0,0,0
2020-12-30,SatoshiPay,1.0,0.9964,3,0,0,0,0
2020-12-30,Stellar Development Foundation,1.0,1.0,3,0,0,0,0
2020-12-30,Wirex Limited,1.0,1.0,3,0,0,0,0
2020-12-31,Blockdaemon Inc.,1.0,1.0,3,0,0,0,0
2020-12-31,COINQVEST LLC,1.0,1.0,3,0,0,0,0
2020-12-31,Keybase,1.0,0.9964,3,0,0,0,0
2020-12-31,LOBSTR,1.0,1.0,5,0,0,0,0
2020-12-31,SatoshiPay,1.0,0.9891,3,0,0,0,0
2020-12-31,Stellar Development Foundation,1.0,1.0,3,0,0,0,0
2020-12-31,Wirex Limited,1.0,1.0,3,0,0,0,0
2021-01-01,Blockdaemon Inc.,1.0,1.0,3,0,0,0,0
2021-01-01,COINQVEST LLC,1.0,1.0,3,0,0,0,0
2021-01-01,Keybase,1.0,0.9982,3,0,0,0,0
2021-01-01,LOBSTR,1.0,1.0,5,0,0,0,0
2021-01-01,SatoshiPay,1.0,0.9964,3,0,0,0,0
2021-01-01,Stellar Development Foundation,1.0,1.0,3,0,0,0,0
2021-01-01,Wirex Limited,1.0,1.0,3,0,0,0,0
2021-01-02,Blockdaemon Inc.,1.0,1.0,3,0,0,0,0
2021-01-02,COINQVEST LLC,1.0,1.0,3,0,0,0,0
2021-01-02,Keybase,1.0,1.0,3,0,0,0,0
2021-01-02,LOBSTR,1.0,1.0,5,0,0,0,0
2021-01-02,SatoshiPay,1.0,0.9965,3,0,0,0,0
2021-01-02,Stellar Development Foundation,1.0,1.0,3,0,0,0,0
2021-01-02,Wirex Limited,1.0,1.0,3,0,0,0,0
2021-01-03,Blockdaemon Inc.,1.0,1.0,3,0,0,0,0
2021-01-03,COINQVEST LLC,1.0,1.0,3,0,0,0,0
2021-01-03,Keybase,1.0,0.9982,3,0,0,0,0
2021-01-03,LOBSTR,1.0,1.0,5,0,0,0,0
2021-01-03,SatoshiPay,1.0,1.0,3,0,0,0,0
2021-01-03,Stellar Development Foundation,1.0,1.0,3,0,0,0,0
2021-01-03,Wirex Limited,1.0,1.0,3,0,0,0,0
2021-01-04,Blockdaemon Inc.,0.9981,0.9776,3,0,0,0,0
2021-01-04,COINQVEST LLC,1.0,1.0,3,0,0,0,0
2021-01-04,Keybase,1.0,0.9981,3,0,0,0,0
2021-01-04,LOBSTR,1.0,1.0,5,0,0,0,0
2021-01-04,SatoshiPay,1.0,0.9402,3,0,0,0,0
2021-01-04,Stellar Development Foundation,0.9981,0.9925,3,0,0,0,0
2021-01-04,Wirex Limited,1.0,1.0,3,0,0,0,0
2021-01-05,Blockdaemon Inc.,1.0,0.9681,3,0,0,0,0
2021-01-05,COINQVEST LLC,1.0,1.0,3,0,0,0,0
2021-01-05,Keybase,1.0,0.9981,3,0,0,0,0
2021-01-05,LOBSTR,1.0,0.9981,5,0,0,0,0
2021-01-05,SatoshiPay,1.0,0.8987,3,1,0,0,0
2021-01-05,Stellar Development Foundation,1.0,0.9906,3,0,0,0,0
2021-01-05,Wirex Limited,1.0,1.0,3,0,0,0,0
2021-01-06,Blockdaemon Inc.,0.9835,0.8695,3,1,0,0,0
2021-01-06,COINQVEST LLC,1.0,1.0,3,0,0,0,0
2021-01-06,Keybase,1.0,0.9963,3,0,0,0,0
2021-01-06,LOBSTR,1.0,1.0,5,0,0,0,0
2021-01-06,SatoshiPay,1.0,0.7482,3,1,0,0,0
2021-01-06,Stellar Development Foundation,0.9908,0.9449,3,0,0,0,0
2021-01-06,Wirex Limited,1.0,1.0,3,0,0,0,0
2021-01-07,Blockdaemon Inc.,1.0,1.0,3,0,0,0,0
2021-01-07,COINQVEST LLC,1.0,1.0,3,0,0,0,0
2021-01-07,Keybase,1.0,1.0,3,0,0,0,0
2021-01-07,LOBSTR,1.0,1.0,5,0,0,0,0
2021-01-07,SatoshiPay,1.0,0.9771,3,0,0,0,0
2021-01-07,Stellar Development Foundation,1.0,1.0,3,0,0,0,0
2021-01-07,Wirex Limited,1.0,1.0,3,0,0,0,0
2021-01-08,Blockdaemon Inc.,1.0,1.0,3,0,0,0,0
2021-01-08,COINQVEST LLC,1.0,1.0,3,0,0,0,0
2021-01-08,Keybase,1.0,1.0,3,0,0,0,0
2021-01-08,LOBSTR,1.0,1.0,5,0,0,0,0
2021-01-08,SatoshiPay,1.0,0.982,3,0,0,0,0
2021-01-08,Stellar Development Foundation,1.0,1.0,3,0,0,0,0
2021-01-08,Wirex Limited,1.0,1.0,3,0,0,0,0
2021-01-09,Blockdaemon Inc.,1.0,0.9982,3,0,0,0,0
2021-01-09,COINQVEST LLC,1.0,1.0,3,0,0,0,0
2021-01-09,Keybase,1.0,0.9982,3,0,0,0,0
2021-01-09,LOBSTR,1.0,1.0,5,0,0,0,0
2021-01-09,SatoshiPay,1.0,0.9945,3,0,0,0,0
2021-01-09,Stellar Development Foundation,1.0,1.0,3,0,0,0,0
2021-01-09,Wirex Limited,1.0,1.0,3,0,0,0,0
2021-01-10,Blockdaemon Inc.,1.0,1.0,3,0,0,0,0
2021-01-10,COINQVEST LLC,1.0,1.0,3,0,0,0,0
2021-01-10,Keybase,1.0,0.9964,3,0,0,0,0
2021-01-10,LOBSTR,1.0,1.0,5,0,0,0,0
2021-01-10,SatoshiPay,1.0,0.9856,3,0,0,0,0
2021-01-10,Stellar Development Foundation,1.0,1.0,3,0,0,0,0
2021-01-10,Wirex Limited,1.0,1.0,3,0,0,0,0
2021-01-11,Blockdaemon Inc.,1.0,0.9963,3,0,0,0,0
2021-01-11,COINQVEST LLC,1.0,1.0,3,0,0,0,0
2021-01-11,Keybase,1.0,1.0,3,0,0,0,0
2021-01-11,LOBSTR,1.0,1.0,5,0,0,0,0
2021-01-11,SatoshiPay,1.0,0.9684,3,0,0,0,0
2021-01-11,Stellar Development Foundation,1.0,1.0,3,0,0,0,0
2021-01-11,Wirex Limited,1.0,1.0,3,0,0,0,0
2021-01-12,Blockdaemon Inc.,1.0,0.9982,3,0,0,0,0
2021-01-12,COINQVEST LLC,1.0,1.0,3,0,0,0,0
2021-01-12,Keybase,1.0,0.9982,3,0,0,0,0
2021-01-12,LOBSTR,1.0,0.9982,5,0,0,0,0
2021-01-12,SatoshiPay,1.0,0.9857,3,0,0,0,0
2021-01-12,Stellar Development Foundation,1.0,1.0,3,0,0,0,0
2021-01-12,Wirex Limited,1.0,1.0,3,0,0,0,0
2021-01-13,Blockdaemon Inc.,1.0,1.0,3,0,0,0,0
2021-01-13,COINQVEST LLC,1.0,1.0,3,0,0,0,0
2021-01-13,Keybase,1.0,1.0,3,0,0,0,0
2021-01-13,LOBSTR,1.0,0.9982,5,0,0,0,0
2021-01-13,SatoshiPay,1.0,0.9982,3,0,0,0,0
2021-01-13,Stellar Development Foundation,1.0,1.0,3,0,0,0,0
2021-01-13,Wirex Limited,1.0,1.0,3,0,0,0,0
2021-01-14,Blockdaemon Inc.,1.0,1.0,3,0,0,0,0
2021-01-14,COINQVEST LLC,1.0,1.0,3,0,0,0,0
2021-01-14,Keybase,1.0,0.9982,3,0,0,0,0
2021-01-14,LOBSTR,1.0,0.9982,5,0,0,0,0
2021-01-14,SatoshiPay,1.0,0.9838,3,0,0,0,0
2021-01-14,Stellar Development Foundation,1.0,1.0,3,0,0,0,0
2021-01-14,Wirex Limited,1.0,1.0,3,0,0,0,0
2021-01-15,Blockdaemon Inc.,1.0,1.0,3,0,0,0,0
2021-01-15,COINQVEST LLC,1.0,1.0,3,0,0,0,0
2021-01-15,Keybase,1.0,0.9964,3,0,0,0,0
2021-01-15,LOBSTR,1.0,1.0,5,0,0,0,0
2021-01-15,SatoshiPay,1.0,0.9911,3,0,0,0,0
2021-01-15,Stellar Development Foundation,1.0,1.0,3,0,0,0,0
2021-01-15,Wirex Limited,1.0,1.0,3,0,0,0,0
2021-01-16,Blockdaemon Inc.,1.0,1.0,3,0,0,0,0
2021-01-16,COINQVEST LLC,1.0,1.0,3,0,0,0,0
2021-01-16,Keybase,1.0,1.0,3,0,0,0,0
2021-01-16,LOBSTR,1.0,1.0,5,0,0,0,0
2021-01-16,SatoshiPay,1.0,0.9982,3,0,0,0,0
2021-01-16,Stellar Development Foundation,1.0,1.0,3,0,0,0,0
2021-01-16,Wirex Limited,1.0,1.0,3,0,0,0,0
2021-01-17,Blockdaemon Inc.,1.0,1.0,3,0,0,0,0
2021-01-17,COINQVEST LLC,1.0,1.0,3,0,0,0,0
2021-01-17,Keybase,1.0,1.0,3,0,0,0,0
2021-01-17,LOBSTR,1.0,1.0,5,0,0,0,0
2021-01-17,SatoshiPay,1.0,1.0,3,0,0,0,0
2021-01-17,Stellar Development Foundation,1.0,1.0,3,0,0,0,0
2021-01-17,Wirex Limited,1.0,1.0,3,0,0,0,0
2021-01-18,Blockdaemon Inc.,1.0,1.0,3,0,0,0,0
2021-01-18,COINQVEST LLC,1.0,1.0,3,0,0,0,0
2021-01-18,Keybase,1.0,1.0,3,0,0,0,0
2021-01-18,LOBSTR,1.0,0.9981,5,0,0,0,0
2021-01-18,SatoshiPay,1.0,0.9889,3,0,0,0,0
2021-01-18,Stellar Development Foundation,1.0,1.0,3,0,0,0,0
2021-01-18,Wirex Limited,1.0,1.0,3,0,0,0,0
2021-01-19,Blockdaemon Inc.,1.0,1.0,3,0,0,0,0
2021-01-19,COINQVEST LLC,1.0,1.0,3,0,0,0,0
2021-01-19,Keybase,1.0,1.0,3,0,0,0,0
2021-01-19,LOBSTR,1.0,1.0,5,0,0,0,0
2021-01-19,SatoshiPay,1.0,0.9566,3,0,0,0,0
2021-01-19,Stellar Development Foundation,1.0,1.0,3,0,0,0,0
2021-01-19,Wirex Limited,1.0,1.0,3,0,0,0,0
2021-01-20,Blockdaemon Inc.,1.0,1.0,3,0,0,0,0
2021-01-20,COINQVEST LLC,1.0,1.0,3,0,0,0,0
2021-01-20,Keybase,1.0,0.9981,3,0,0,0,0
2021-01-20,LOBSTR,1.0,1.0,5,0,0,0,0
2021-01-20,SatoshiPay,1.0,0.9792,3,0,0,0,0
2021-01-20,Stellar Development Foundation,1.0,0.9962,3,0,0,0,0
2021-01-20,Wirex Limited,1.0,1.0,3,0,0,0,0
2021-01-21,Blockdaemon Inc.,1.0,0.9829,3,0,0,0,0
2021-01-21,COINQVEST LLC,1.0,1.0,3,0,0,0,0
2021-01-21,Keybase,1.0,0.9962,3,0,0,0,0
2021-01-21,LOBSTR,1.0,0.9981,5,0,0,0,0
2021-01-21,SatoshiPay,1.0,0.9867,3,0,0,0,0
2021-01-21,Stellar Development Foundation,1.0,1.0,3,0,0,0,0
2021-01-21,Wirex Limited,1.0,1.0,3,0,0,0,0
2021-01-22,Blockdaemon Inc.,1.0,1.0,3,0,0,0,0
2021-01-22,COINQVEST LLC,1.0,1.0,3,0,0,0,0
2021-01-22,Keybase,1.0,1.0,3,0,0,0,0
2021-01-22,LOBSTR,1.0,0.9982,5,0,0,0,0
2021-01-22,SatoshiPay,1.0,0.9908,3,0,0,0,0
2021-01-22,Stellar Development Foundation,1.0,1.0,3,0,0,0,0
2021-01-22,Wirex Limited,1.0,1.0,3,0,0,0,0
2021-01-23,Blockdaemon Inc.,1.0,1.0,3,0,0,0,0
2021-01-23,COINQVEST LLC,1.0,1.0,3,0,0,0,0
2021-01-23,Keybase,1.0,0.9983,3,0,0,0,0
2021-01-23,LOBSTR,1.0,1.0,5,0,0,0,0
2021-01-23,SatoshiPay,1.0,0.9983,3,0,0,0,0
2021-01-23,Stellar Development Foundation,0.9983,0.9983,3,0,0,0,0
2021-01-23,Wirex Limited,1.0,1.0,3,0,0,0,0
2021-01-24,Blockdaemon Inc.,1.0,1.0,3,0,0,0,0
2021-01-24,COINQVEST LLC,1.0,1.0,3,0,0,0,0
2021-01-24,Keybase,1.0,0.9983,3,0,0,0,0
2021-01-24,LOBSTR,1.0,1.0,5,0,0,0,0
2021-01-24,SatoshiPay,1.0,0.9933,3,0,0,0,0
2021-01-24,Stellar Development Foundation,1.0,1.0,3,0,0,0,0
2021-01-24,Wirex Limited,1.0,1.0,3,0,0,0,0
2021-01-25,Blockdaemon Inc.,1.0,1.0,3,0,0,0,0
2021-01-25,COINQVEST LLC,1.0,1.0,3,0,0,0,0
2021-01-25,Keybase,1.0,0.9984,3,0,0,0,0
2021-01-25,LOBSTR,1.0,0.9984,5,0,0,0,0
2021-01-25,SatoshiPay,1.0,0.8982,3,1,0,0,0
2021-01-25,Stellar Development Foundation,1.0,1.0,3,0,0,0,0
2021-01-25,Wirex Limited,1.0,1.0,3,0,0,0,0
2021-01-26,Blockdaemon Inc.,1.0,1.0,3,0,0,0,0
2021-01-26,COINQVEST LLC,1.0,1.0,3,0,0,0,0
2021-01-26,Keybase,1.0,0.9983,3,0,0,0,0
2021-01-26,LOBSTR,1.0,0.9983,5,0,0,0,0
2021-01-26,SatoshiPay,1.0,0.9653,3,0,0,0,0
2021-01-26,Stellar Development Foundation,0.9983,0.9983,3,0,0,0,0
2021-01-26,Wirex Limited,1.0,1.0,3,0,0,0,0
2021-01-27,Blockdaemon Inc.,1.0,1.0,3,0,0,0,0
2021-01-27,COINQVEST LLC,1.0,1.0,3,0,0,0,0
2021-01-27,Keybase,1.0,0.9984,3,0,0,0,0
2021-01-27,LOBSTR,1.0,0.9984,5,0,0,0,0
2021-01-27,SatoshiPay,1.0,0.9543,3,0,0,0,0
2021-01-27,Stellar Development Foundation,0.9984,0.9951,3,0,0,0,0
2021-01-27,Wirex Limited,1.0,1.0,3,0,0,0,0
2021-01-28,Blockdaemon Inc.,1.0,1.0,3,0,0,0,0
2021-01-28,COINQVEST LLC,1.0,1.0,3,0,0,0,0
2021-01-28,Keybase,1.0,0.9967,3,0,0,0,0
2021-01-28,LOBSTR,1.0,1.0,5,0,0,0,0
2021-01-28,SatoshiPay,1.0,0.9799,3,0,0,0,0
2021-01-28,Stellar Development Foundation,1.0,1.0,3,0,0,0,0
2021-01-28,Wirex Limited,1.0,1.0,3,0,0,0,0
2021-01-29,Blockdaemon Inc.,1.0,1.0,3,0,0,0,0
2021-01-29,COINQVEST LLC,1.0,1.0,3,0,0,0,0
2021-01-29,Keybase,1.0,0.9967,3,0,0,0,0
2021-01-29,LOBSTR,1.0,0.9967,5,0,0,0,0
2021-01-29,SatoshiPay,1.0,0.8748,3,1,0,0,0
2021-01-29,Stellar Development Foundation,1.0,0.9883,3,0,0,0,0
2021-01-29,Wirex Limited,1.0,1.0,3,0,0,0,0
2021-01-30,Blockdaemon Inc.,1.0,1.0,3,0,0,0,0
2021-01-30,COINQVEST LLC,1.0,1.0,3,0,0,0,0
2021-01-30,Keybase,1.0,0.9983,3,0,0,0,0
2021-01-30,LOBSTR,1.0,0.9983,5,0,0,0,0
2021-01-30,SatoshiPay,1.0,0.9135,3,0,0,0,0
2021-01-30,Stellar Development Foundation,1.0,0.9983,3,0,0,0,0
2021-01-30,Wirex Limited,1.0,1.0,3,0,0,0,0
2021-01-31,Blockdaemon Inc.,1.0,1.0,3,0,0,0,0
2021-01-31,COINQVEST LLC,1.0,1.0,3,0,0,0,0
2021-01-31,Keybase,1.0,0.9948,3,0,0,0,0
2021-01-31,LOBSTR,1.0,1.0,5,0,0,0,0
2021-01-31,SatoshiPay,1.0,0.8898,3,1,0,0,0
2021-01-31,Stellar Development Foundation,1.0,0.9983,3,0,0,0,0
2021-01-31,Wirex Limited,1.0,1.0,3,0,0,0,0
2021-02-01,Blockdaemon Inc.,1.0,1.0,3,0,0,0,0
2021-02-01,COINQVEST LLC,1.0,1.0,3,0,0,0,0
2021-02-01,Keybase,1.0,0.9982,3,0,0,0,0
2021-02-01,LOBSTR,1.0,0.9965,5,0,0,0,0
2021-02-01,SatoshiPay,1.0,0.9595,3,0,0,0,0
2021-02-01,Stellar Development Foundation,1.0,0.9982,3,0,0,0,0
2021-02-01,Wirex Limited,1.0,1.0,3,0,0,0,0
2021-02-02,Blockdaemon Inc.,1.0,1.0,3,0,0,0,0
2021-02-02,COINQVEST LLC,1.0,0.9858,3,0,0,0,0
2021-02-02,Keybase,1.0,0.9965,3,0,0,0,0
2021-02-02,LOBSTR,1.0,0.9823,5,0,0,0,0
2021-02-02,SatoshiPay,1.0,1.0,3,0,0,0,0
2021-02-02,Stellar Development Foundation,1.0,0.9982,3,0,0,0,0
2021-02-02,Wirex Limited,1.0,1.0,3,0,0,0,0
2021-02-03,Blockdaemon Inc.,1.0,1.0,3,0,0,0,0
2021-02-03,COINQVEST LLC,1.0,0.9875,3,0,0,0,0
2021-02-03,Keybase,1.0,0.9982,3,0,0,0,0
2021-02-03,LOBSTR,1.0,1.0,5,0,0,0,0
2021-02-03,SatoshiPay,1.0,1.0,3,0,0,0,0
2021-02-03,Stellar Development Foundation,1.0,1.0,3,0,0,0,0
2021-02-03,Wirex Limited,1.0,1.0,3,0,0,0,0
2021-02-04,Blockdaemon Inc.,1.0,1.0,3,0,0,0,0
2021-02-04,COINQVEST LLC,1.0,1.0,3,0,0,0,0
2021-02-04,Keybase,1.0,0.9982,3,0,0,0,0
2021-02-04,LOBSTR,1.0,1.0,5,0,0,0,0
2021-02-04,SatoshiPay,1.0,1.0,3,0,0,0,0
2021-02-04,Stellar Development Foundation,1.0,0.9982,3,0,0,0,0
2021-02-04,Wirex Limited,1.0,1.0,3,0,0,0,0
2021-02-05,Blockdaemon Inc.,1.0,1.0,3,0,0,0,0
2021-02-05,COINQVEST LLC,1.0,1.0,3,0,0,0,0
2021-02-05,Keybase,1.0,0.9982,3,0,0,0,0
2021-02-05,LOBSTR,1.0,1.0,5,0,0,0,0
2021-02-05,SatoshiPay,1.0,0.9963,3,0,0,0,0
2021-02-05,Stellar Development Foundation,1.0,1.0,3,0,0,0,0
2021-02-05,Wirex Limited,1.0,1.0,3,0,0,0,0
2021-02-06,Blockdaemon Inc.,1.0,1.0,3,0,0,0,0
2021-02-06,COINQVEST LLC,1.0,1.0,3,0,0,0,0
2021-02-06,Keybase,1.0,0.9946,3,0,0,0,0
2021-02-06,LOBSTR,1.0,1.0,5,0,0,0,0
2021-02-06,SatoshiPay,1.0,0.9552,3,0,0,0,0
2021-02-06,Stellar Development Foundation,1.0,0.9982,3,0,0,0,0
2021-02-06,Wirex Limited,1.0,1.0,3,0,0,0,0
2021-02-07,Blockdaemon Inc.,1.0,1.0,3,0,0,0,0
2021-02-07,COINQVEST LLC,1.0,1.0,3,0,0,0,0
2021-02-07,Keybase,1.0,0.9946,3,0,0,0,0
2021-02-07,LOBSTR,1.0,0.9964,5,0,0,0,0
2021-02-07,SatoshiPay,1.0,0.975,3,0,0,0,0
2021-02-07,Stellar Development Foundation,1.0,1.0,3,0,0,0,0
2021-02-07,Wirex Limited,1.0,1.0,3,0,0,0,0
2021-02-08,Blockdaemon Inc.,1.0,1.0,3,0,0,0,0
2021-02-08,COINQVEST LLC,1.0,1.0,3,0,0,0,0
2021-02-08,Keybase,1.0,0.9964,3,0,0,0,0
2021-02-08,LOBSTR,1.0,1.0,5,0,0,0,0
2021-02-08,SatoshiPay,1.0,0.9982,3,0,0,0,0
2021-02-08,Stellar Development Foundation,1.0,1.0,3,0,0,0,0
2021-02-08,Wirex Limited,1.0,1.0,3,0,0,0,0
2021-02-09,Blockdaemon Inc.,1.0,1.0,3,0,0,0,0
2021-02-09,COINQVEST LLC,1.0,1.0,3,0,0,0,0
2021-02-09,Keybase,1.0,0.9982,3,0,0,0,0
2021-02-09,LOBSTR,1.0,1.0,5,0,0,0,0
2021-02-09,SatoshiPay,1.0,0.9929,3,0,0,0,0
2021-02-09,Stellar Development Foundation,1.0,1.0,3,0,0,0,0
2021-02-09,Wirex Limited,1.0,1.0,3,0,0,0,0
2021-02-10,Blockdaemon Inc.,1.0,1.0,3,0,0,0,0
2021-02-10,COINQVEST LLC,1.0,1.0,3,0,0,0,0
2021-02-10,Keybase,1.0,0.9963,3,0,0,0,0
2021-02-10,LOBSTR,1.0,1.0,5,0,0,0,0
2021-02-10,SatoshiPay,1.0,0.9908,3,0,0,0,0
2021-02-10,Stellar Development Foundation,1.0,1.0,3,0,0,0,0
2021-02-10,Wirex Limited,1.0,1.0,3,0,0,0,0
2021-02-11,Blockdaemon Inc.,1.0,1.0,3,0,0,0,0
2021-02-11,COINQVEST LLC,1.0,1.0,3,0,0,0,0
2021-02-11,Keybase,1.0,0.9964,3,0,0,0,0
2021-02-11,LOBSTR,1.0,1.0,5,0,0,0,0
2021-02-11,SatoshiPay,1.0,0.9982,3,0,0,0,0
2021-02-11,Stellar Development Foundation,1.0,1.0,3,0,0,0,0
2021-02-11,Wirex Limited,1.0,1.0,3,0,0,0,0
2021-02-12,Blockdaemon Inc.,1.0,1.0,3,0,0,0,0
2021-02-12,COINQVEST LLC,1.0,1.0,3,0,0,0,0
2021-02-12,Keybase,1.0,0.9965,3,0,0,0,0
2021-02-12,LOBSTR,1.0,0.9982,5,0,0,0,0
2021-02-12,SatoshiPay,1.0,0.9805,3,0,0,0,0
2021-02-12,Stellar Development Foundation,1.0,1.0,3,0,0,0,0
2021-02-12,Wirex Limited,1.0,1.0,3,0,0,0,0
2021-02-13,Blockdaemon Inc.,1.0,1.0,3,0,0,0,0
2021-02-13,COINQVEST LLC,1.0,1.0,3,0,0,0,0
2021-02-13,Keybase,1.0,0.9982,3,0,0,0,0
2021-02-13,LOBSTR,1.0,0.9982,5,0,0,0,0
2021-02-13,SatoshiPay,1.0,0.9964,3,0,0,0,0
2021-02-13,Stellar Development Foundation,1.0,1.0,3,0,0,0,0
2021-02-13,Wirex Limited,1.0,0.8514,3,1,0,0,0
2021-02-14,Blockdaemon Inc.,1.0,1.0,3,0,0,0,0
2021-02-14,COINQVEST LLC,1.0,1.0,3,0,0,0,0
2021-02-14,Keybase,1.0,1.0,3,0,0,0,0
2021-02-14,LOBSTR,1.0,1.0,5,0,0,0,0
2021-02-14,SatoshiPay,1.0,1.0,3,0,0,0,0
2021-02-14,Stellar Development Foundation,1.0,1.0,3,0,0,0,0
2021-02-14,Wirex Limited,1.0,1.0,3,0,0,0,0
2021-02-15,Blockdaemon Inc.,1.0,1.0,3,0,0,0,0
2021-02-15,COINQVEST LLC,1.0,1.0,3,0,0,0,0
2021-02-15,Keybase,1.0,0.9945,3,0,0,0,0
2021-02-15,LOBSTR,1.0,1.0,5,0,0,0,0
2021-02-15,SatoshiPay,1.0,1.0,3,0,0,0,0
2021-02-15,Stellar Development Foundation,1.0,1.0,3,0,0,0,0
2021-02-15,Wirex Limited,1.0,1.0,3,0,0,0,0
2021-02-16,Blockdaemon Inc.,1.0,0.9982,3,0,0,0,0
2021-02-16,COINQVEST LLC,1.0,1.0,3,0,0,0,0
2021-02-16,Keybase,1.0,0.9982,3,0,0,0,0
2021-02-16,LOBSTR,1.0,1.0,5,0,0,0,0
2021-02-16,SatoshiPay,1.0,1.0,3,0,0,0,0
2021-02-16,Stellar Development Foundation,1.0,1.0,3,0,0,0,0
2021-02-16,Wirex Limited,1.0,1.0,3,0,0,0,0
2021-02-17,Blockdaemon Inc.,1.0,1.0,3,0,0,0,0
2021-02-17,COINQVEST LLC,1.0,0.9981,3,0,0,0,0
2021-02-17,Keybase,1.0,0.9963,3,0,0,0,0
2021-02-17,LOBSTR,1.0,0.9981,5,0,0,0,0
2021-02-17,SatoshiPay,1.0,0.9981,3,0,0,0,0
2021-02-17,Stellar Development Foundation,1.0,1.0,3,0,0,0,0
2021-02-17,Wirex Limited,1.0,1.0,3,0,0,0,0
2021-02-18,Blockdaemon Inc.,1.0,0.9926,3,0,0,0,0
2021-02-18,COINQVEST LLC,1.0,1.0,3,0,0,0,0
2021-02-18,Keybase,1.0,0.9982,3,0,0,0,0
2021-02-18,LOBSTR,1.0,1.0,5,0,0,0,0
2021-02-18,SatoshiPay,1.0,0.9963,3,0,0,0,0
2021-02-18,Stellar Development Foundation,1.0,1.0,3,0,0,0,0
2021-02-18,Wirex Limited,1.0,1.0,3,0,0,0,0
2021-02-19,Blockdaemon Inc.,1.0,0.9963,3,0,0,0,0
2021-02-19,COINQVEST LLC,1.0,1.0,3,0,0,0,0
2021-02-19,Keybase,1.0,0.9981,3,0,0,0,0
2021-02-19,LOBSTR,1.0,1.0,5,0,0,0,0
2021-02-19,SatoshiPay,1.0,0.9963,3,0,0,0,0
2021-02-19,Stellar Development Foundation,1.0,1.0,3,0,0,0,0
2021-02-19,Wirex Limited,1.0,0.9944,3,0,0,0,0
2021-02-20,Blockdaemon Inc.,0.9964,0.9837,3,0,0,0,0
2021-02-20,COINQVEST LLC,1.0,1.0,3,0,0,0,0
2021-02-20,Keybase,1.0,0.9964,3,0,0,0,0
2021-02-20,LOBSTR,1.0,0.9982,5,0,0,0,0
2021-02-20,SatoshiPay,1.0,0.9819,3,0,0,0,0
2021-02-20,Stellar Development Foundation,1.0,0.9982,3,0,0,0,0
2021-02-20,Wirex Limited,1.0,0.9819,3,0,0,0,0
2021-02-21,Blockdaemon Inc.,1.0,1.0,3,0,0,0,0
2021-02-21,COINQVEST LLC,1.0,1.0,3,0,0,0,0
2021-02-21,Keybase,1.0,1.0,3,0,0,0,0
2021-02-21,LOBSTR,1.0,1.0,5,0,0,0,0
2021-02-21,SatoshiPay,1.0,0.9964,3,0,0,0,0
2021-02-21,Stellar Development Foundation,1.0,1.0,3,0,0,0,0
2021-02-21,Wirex Limited,1.0,1.0,3,0,0,0,0
2021-02-22,Blockdaemon Inc.,0.9982,0.9872,3,0,0,0,0
2021-02-22,COINQVEST LLC,1.0,0.9945,3,0,0,0,0
2021-02-22,Keybase,1.0,1.0,3,0,0,0,0
2021-02-22,LOBSTR,1.0,1.0,5,0,0,0,0
2021-02-22,SatoshiPay,1.0,0.9982,3,0,0,0,0
2021-02-22,Stellar Development Foundation,1.0,0.9982,3,0,0,0,0
2021-02-22,Wirex Limited,1.0,1.0,3,0,0,0,0
2021-02-23,Blockdaemon Inc.,1.0,1.0,3,0,0,0,0
2021-02-23,COINQVEST LLC,1.0,1.0,3,0,0,0,0
2021-02-23,Keybase,1.0,0.9982,3,0,0,0,0
2021-02-23,LOBSTR,1.0,0.9982,5,0,0,0,0
2021-02-23,SatoshiPay,1.0,0.9927,3,0,0,0,0
2021-02-23,Stellar Development Foundation,1.0,1.0,3,0,0,0,0
2021-02-23,Wirex Limited,1.0,1.0,3,0,0,0,0
2021-02-24,Blockdaemon Inc.,1.0,0.9982,3,0,0,0,0
2021-02-24,COINQVEST LLC,1.0,1.0,3,0,0,0,0
2021-02-24,Keybase,1.0,1.0,3,0,0,0,0
2021-02-24,LOBSTR,1.0,1.0,5,0,0,0,0
2021-02-24,SatoshiPay,1.0,0.9964,3,0,0,0,0
2021-02-24,Stellar Development Foundation,1.0,1.0,3,0,0,0,0
2021-02-24,Wirex Limited,1.0,1.0,3,0,0,0,0
2021-02-25,Blockdaemon Inc.,1.0,1.0,3,0,0,0,0
2021-02-25,COINQVEST LLC,1.0,1.0,3,0,0,0,0
2021-02-25,Keybase,1.0,0.9981,3,0,0,0,0
2021-02-25,LOBSTR,1.0,1.0,5,0,0,0,0
2021-02-25,SatoshiPay,1.0,0.9419,3,0,0,0,0
2021-02-25,Stellar Development Foundation,1.0,1.0,3,0,0,0,0
2021-02-25,Wirex Limited,1.0,0.9942,3,0,0,0,0
2021-02-26,Blockdaemon Inc.,1.0,1.0,3,0,0,0,0
2021-02-26,COINQVEST LLC,1.0,1.0,3,0,0,0,0
2021-02-26,Keybase,1.0,0.9963,3,0,0,0,0
2021-02-26,LOBSTR,1.0,1.0,5,0,0,0,0
2021-02-26,SatoshiPay,1.0,0.9833,3,0,0,0,0
2021-02-26,Stellar Development Foundation,1.0,1.0,3,0,0,0,0
2021-02-26,Wirex Limited,1.0,1.0,3,0,0,0,0
2021-02-27,Blockdaemon Inc.,1.0,0.9981,3,0,0,0,0
2021-02-27,COINQVEST LLC,1.0,1.0,3,0,0,0,0
2021-02-27,Keybase,1.0,0.9981,3,0,0,0,0
2021-02-27,LOBSTR,1.0,0.9981,5,0,0,0,0
2021-02-27,SatoshiPay,1.0,0.9944,3,0,0,0,0
2021-02-27,Stellar Development Foundation,1.0,1.0,3,0,0,0,0
2021-02-27,Wirex Limited,1.0,1.0,3,0,0,0,0
2021-02-28,Blockdaemon Inc.,1.0,1.0,3,0,0,0,0
2021-02-28,COINQVEST LLC,1.0,1.0,3,0,0,0,0
2021-02-28,Keybase,1.0,0.9962,3,0,0,0,0
2021-02-28,LOBSTR,1.0,1.0,5,0,0,0,0
2021-02-28,SatoshiPay,1.0,0.9424,3,0,0,0,0
2021-02-28,Stellar Development Foundation,1.0,1.0,3,0,0,0,0
2021-02-28,Wirex Limited,1.0,1.0,3,0,0,0,0
2021-03-01,Blockdaemon Inc.,1.0,1.0,3,0,0,0,0
2021-03-01,COINQVEST LLC,1.0,1.0,3,0,0,0,0
2021-03-01,Keybase,1.0,1.0,3,0,0,0,0
2021-03-01,LOBSTR,1.0,1.0,5,0,0,0,0
2021-03-01,SatoshiPay,1.0,0.9981,3,0,0,0,0
2021-03-01,Stellar Development Foundation,1.0,1.0,3,0,0,0,0
2021-03-01,Wirex Limited,1.0,1.0,3,0,0,0,0
2021-03-02,Blockdaemon Inc.,1.0,1.0,3,0,0,0,0
2021-03-02,COINQVEST LLC,1.0,1.0,3,0,0,0,0
2021-03-02,Keybase,1.0,0.9981,3,0,0,0,0
2021-03-02,LOBSTR,1.0,0.9884,5,0,0,0,0
2021-03-02,SatoshiPay,1.0,1.0,3,0,0,0,0
2021-03-02,Stellar Development Foundation,1.0,1.0,3,0,0,0,0
2021-03-02,Wirex Limited,1.0,0.9826,3,0,0,0,0
2021-03-03,Blockdaemon Inc.,1.0,1.0,3,0,0,0,0
2021-03-03,COINQVEST LLC,1.0,0.9885,3,0,0,0,0
2021-03-03,Keybase,1.0,0.9981,3,0,0,0,0
2021-03-03,LOBSTR,1.0,0.9981,5,0,0,0,0
2021-03-03,SatoshiPay,1.0,0.9981,3,0,0,0,0
2021-03-03,Stellar Development Foundation,1.0,1.0,3,0,0,0,0
2021-03-03,Wirex Limited,1.0,1.0,3,0,0,0,0
2021-03-04,Blockdaemon Inc.,1.0,1.0,3,0,0,0,0
2021-03-04,COINQVEST LLC,1.0,1.0,3,0,0,0,0
2021-03-04,Keybase,1.0,0.9961,3,0,0,0,0
2021-03-04,LOBSTR,1.0,1.0,5,0,0,0,0
2021-03-04,SatoshiPay,1.0,0.9961,3,0,0,0,0
2021-03-04,Stellar Development Foundation,1.0,1.0,3,0,0,0,0
2021-03-04,Wirex Limited,1.0,1.0,3,0,0,0,0
2021-03-05,Blockdaemon Inc.,1.0,1.0,3,0,0,0,0
2021-03-05,COINQVEST LLC,1.0,1.0,3,0,0,0,0
2021-03-05,Keybase,1.0,0.9981,3,0,0,0,0
2021-03-05,LOBSTR,1.0,0.9981,5,0,0,0,0
2021-03-05,SatoshiPay,1.0,1.0,3,0,0,0,0
2021-03-05,Stellar Development Foundation,1.0,1.0,3,0,0,0,0
2021-03-05,Wirex Limited,1.0,1.0,3,0,0,0,0
2021-03-06,Blockdaemon Inc.,1.0,1.0,3,0,0,0,0
2021-03-06,COINQVEST LLC,1.0,1.0,3,0,0,0,0
2021-03-06,Keybase,1.0,0.9981,3,0,0,0,0
2021-03-06,LOBSTR,1.0,0.9981,5,0,0,0,0
2021-03-06,SatoshiPay,1.0,0.9792,3,0,0,0,0
2021-03-06,Stellar Development Foundation,1.0,1.0,3,0,0,0,0
2021-03-06,Wirex Limited,1.0,1.0,3,0,0,0,0
2021-03-07,Blockdaemon Inc.,1.0,0.9981,3,0,0,0,0
2021-03-07,COINQVEST LLC,1.0,1.0,3,0,0,0,0
2021-03-07,Keybase,1.0,0.9981,3,0,0,0,0
2021-03-07,LOBSTR,1.0,0.9981,5,0,0,0,0
2021-03-07,SatoshiPay,1.0,0.9792,3,0,0,0,0
2021-03-07,Stellar Development Foundation,1.0,1.0,3,0,0,0,0
2021-03-07,Wirex Limited,1.0,1.0,3,0,0,0,0
2021-03-08,Blockdaemon Inc.,1.0,1.0,3,0,0,0,0
2021-03-08,COINQVEST LLC,1.0,1.0,3,0,0,0,0
2021-03-08,Keybase,1.0,0.9981,3,0,0,0,0
2021-03-08,LOBSTR,1.0,1.0,5,0,0,0,0
2021-03-08,SatoshiPay,1.0,0.9944,3,0,0,0,0
2021-03-08,Stellar Development Foundation,1.0,1.0,3,0,0,0,0
2021-03-08,Wirex Limited,1.0,1.0,3,0,0,0,0
2021-03-09,Blockdaemon Inc.,1.0,1.0,3,0,0,0,0
2021-03-09,COINQVEST LLC,1.0,1.0,3,0,0,0,0
2021-03-09,Keybase,1.0,1.0,3,0,0,0,0
2021-03-09,LOBSTR,1.0,0.9982,5,0,0,0,0
2021-03-09,SatoshiPay,1.0,0.9982,3,0,0,0,0
2021-03-09,Stellar Development Foundation,1.0,1.0,3,0,0,0,0
2021-03-09,Wirex Limited,1.0,1.0,3,0,0,0,0
2021-03-10,Blockdaemon Inc.,1.0,1.0,3,0,0,0,0
2021-03-10,COINQVEST LLC,1.0,1.0,3,0,0,0,0
2021-03-10,Keybase,1.0,1.0,3,0,0,0,0
2021-03-10,LOBSTR,1.0,0.9981,5,0,0,0,0
2021-03-10,SatoshiPay,1.0,1.0,3,0,0,0,0
2021-03-10,Stellar Development Foundation,1.0,1.0,3,0,0,0,0
2021-03-10,Wirex Limited,1.0,1.0,3,0,0,0,0
2021-03-11,Blockdaemon Inc.,1.0,1.0,3,0,0,0,0
2021-03-11,COINQVEST LLC,1.0,1.0,3,0,0,0,0
2021-03-11,Keybase,1.0,1.0,3,0,0,0,0
2021-03-11,LOBSTR,1.0,1.0,5,0,0,0,0
2021-03-11,SatoshiPay,1.0,1.0,3,0,0,0,0
2021-03-11,Stellar Development Foundation,1.0,1.0,3,0,0,0,0
2021-03-11,Wirex Limited,1.0,1.0,3,0,0,0,0
2021-03-12,Blockdaemon Inc.,1.0,1.0,3,0,0,0,0
2021-03-12,COINQVEST LLC,1.0,1.0,3,0,0,0,0
2021-03-12,Keybase,1.0,1.0,3,0,0,0,0
2021-03-12,LOBSTR,1.0,1.0,5,0,0,0,0
2021-03-12,SatoshiPay,1.0,1.0,3,0,0,0,0
2021-03-12,Stellar Development Foundation,1.0,0.9929,3,0,0,0,0
2021-03-12,Wirex Limited,1.0,1.0,3,0,0,0,0
2021-03-13,Blockdaemon Inc.,1.0,1.0,3,0,0,0,0
2021-03-13,COINQVEST LLC,1.0,1.0,3,0,0,0,0
2021-03-13,Keybase,1.0,1.0,3,0,0,0,0
2021-03-13,LOBSTR,1.0,1.0,5,0,0,0,0
2021-03-13,SatoshiPay,1.0,1.0,3,0,0,0,0
2021-03-13,Stellar Development Foundation,1.0,1.0,3,0,0,0,0
2021-03-13,Wirex Limited,1.0,1.0,3,0,0,0,0
2021-03-14,Blockdaemon Inc.,1.0,1.0,3,0,0,0,0
2021-03-14,COINQVEST LLC,1.0,1.0,3,0,0,0,0
2021-03-14,Keybase,1.0,1.0,3,0,0,0,0
2021-03-14,LOBSTR,1.0,1.0,5,0,0,0,0
2021-03-14,SatoshiPay,1.0,0.9964,3,0,0,0,0
2021-03-14,Stellar Development Foundation,1.0,1.0,3,0,0,0,0
2021-03-14,Wirex Limited,1.0,1.0,3,0,0,0,0
2021-03-15,Blockdaemon Inc.,1.0,1.0,3,0,0,0,0
2021-03-15,COINQVEST LLC,1.0,1.0,3,0,0,0,0
2021-03-15,Keybase,1.0,0.9982,3,0,0,0,0
2021-03-15,LOBSTR,1.0,0.9982,5,0,0,0,0
2021-03-15,SatoshiPay,1.0,0.9908,3,0,0,0,0
2021-03-15,Stellar Development Foundation,1.0,1.0,3,0,0,0,0
2021-03-15,Wirex Limited,1.0,1.0,3,0,0,0,0
2021-03-16,Blockdaemon Inc.,1.0,1.0,3,0,0,0,0
2021-03-16,COINQVEST LLC,1.0,1.0,3,0,0,0,0
2021-03-16,Keybase,1.0,0.9981,3,0,0,0,0
2021-03-16,LOBSTR,1.0,1.0,5,0,0,0,0
2021-03-16,SatoshiPay,1.0,0.9925,3,0,0,0,0
2021-03-16,Stellar Development Foundation,1.0,0.9963,3,0,0,0,0
2021-03-16,Wirex Limited,1.0,1.0,3,0,0,0,0
2021-03-17,Blockdaemon Inc.,1.0,1.0,3,0,0,0,0
2021-03-17,COINQVEST LLC,1.0,1.0,3,0,0,0,0
2021-03-17,Keybase,1.0,0.9982,3,0,0,0,0
2021-03-17,LOBSTR,1.0,1.0,5,0,0,0,0
2021-03-17,SatoshiPay,1.0,0.9945,3,0,0,0,0
2021-03-17,Stellar Development Foundation,1.0,0.9945,3,0,0,0,0
2021-03-17,Wirex Limited,1.0,1.0,3,0,0,0,0
2021-03-18,Blockdaemon Inc.,1.0,0.9983,3,0,0,0,0
2021-03-18,COINQVEST LLC,1.0,1.0,3,0,0,0,0
2021-03-18,Keybase,1.0,1.0,3,0,0,0,0
2021-03-18,LOBSTR,1.0,1.0,5,0,0,0,0
2021-03-18,SatoshiPay,1.0,0.9775,3,0,0,0,0
2021-03-18,Stellar Development Foundation,1.0,1.0,3,0,0,0,0
2021-03-18,Wirex Limited,1.0,1.0,3,0,0,0,0
2021-03-19,Blockdaemon Inc.,1.0,1.0,3,0,0,0,0
2021-03-19,COINQVEST LLC,1.0,1.0,3,0,0,0,0
2021-03-19,Keybase,1.0,0.9983,3,0,0,0,0
2021-03-19,LOBSTR,1.0,1.0,5,0,0,0,0
2021-03-19,SatoshiPay,0.9983,0.9406,3,0,0,0,0
2021-03-19,Stellar Development Foundation,1.0,1.0,3,0,0,0,0
2021-03-19,Wirex Limited,1.0,1.0,3,0,0,0,0
2021-03-20,Blockdaemon Inc.,1.0,1.0,3,0,0,0,0
2021-03-20,COINQVEST LLC,1.0,1.0,3,0,0,0,0
2021-03-20,Keybase,1.0,0.9983,3,0,0,0,0
2021-03-20,LOBSTR,1.0,1.0,5,0,0,0,0
2021-03-20,SatoshiPay,0.9948,0.8566,3,1,0,0,0
2021-03-20,Stellar Development Foundation,1.0,1.0,3,0,0,0,0
2021-03-20,Wirex Limited,1.0,1.0,3,0,0,0,0
2021-03-21,Blockdaemon Inc.,1.0,1.0,3,0,0,0,0
2021-03-21,COINQVEST LLC,1.0,1.0,3,0,0,0,0
2021-03-21,Keybase,1.0,0.9983,3,0,0,0,0
2021-03-21,LOBSTR,1.0,1.0,5,0,0,0,0
2021-03-21,SatoshiPay,1.0,0.9791,3,0,0,0,0
2021-03-21,Stellar Development Foundation,1.0,1.0,3,0,0,0,0
2021-03-21,Wirex Limited,1.0,1.0,3,0,0,0,0
2021-03-22,Blockdaemon Inc.,1.0,1.0,3,0,0,0,0
2021-03-22,COINQVEST LLC,1.0,1.0,3,0,0,0,0
2021-03-22,Keybase,1.0,1.0,3,0,0,0,0
2021-03-22,LOBSTR,1.0,1.0,5,0,0,0,0
2021-03-22,SatoshiPay,1.0,0.9965,3,0,0,0,0
2021-03-22,Stellar Development Foundation,1.0,1.0,3,0,0,0,0
2021-03-22,Wirex Limited,1.0,1.0,3,0,0,0,0
2021-03-23,Blockdaemon Inc.,1.0,1.0,3,0,0,0,0
2021-03-23,COINQVEST LLC,1.0,1.0,3,0,0,0,0
2021-03-23,Keybase,1.0,0.9982,3,0,0,0,0
2021-03-23,LOBSTR,1.0,1.0,5,0,0,0,0
2021-03-23,SatoshiPay,1.0,1.0,3,0,0,0,0
2021-03-23,Stellar Development Foundation,1.0,1.0,3,0,0,0,0
2021-03-23,Wirex Limited,1.0,1.0,3,0,0,0,0
2021-03-24,Blockdaemon Inc.,1.0,1.0,3,0,0,0,0
2021-03-24,COINQVEST LLC,1.0,1.0,3,0,0,0,0
2021-03-24,Keybase,1.0,1.0,3,0,0,0,0
2021-03-24,LOBSTR,1.0,0.9981,5,0,0,0,0
2021-03-24,SatoshiPay,0.9981,0.9962,3,0,0,0,0
2021-03-24,Stellar Development Foundation,1.0,1.0,3,0,0,0,0
2021-03-24,Wirex Limited,1.0,1.0,3,0,0,0,0
2021-03-25,Blockdaemon Inc.,1.0,1.0,3,0,0,0,0
2021-03-25,COINQVEST LLC,1.0,1.0,3,0,0,0,0
2021-03-25,Keybase,1.0,0.9982,3,0,0,0,0
2021-03-25,LOBSTR,1.0,1.0,5,0,0,0,0
2021-03-25,SatoshiPay,1.0,1.0,3,0,0,0,0
2021-03-25,Stellar Development Foundation,1.0,1.0,3,0,0,0,0
2021-03-25,Wirex Limited,1.0,1.0,3,0,0,0,0
2021-03-26,Blockdaemon Inc.,1.0,1.0,3,0,0,0,0
2021-03-26,COINQVEST LLC,1.0,1.0,3,0,0,0,0
2021-03-26,Keybase,1.0,1.0,3,0,0,0,0
2021-03-26,LOBSTR,1.0,1.0,5,0,0,0,0
2021-03-26,SatoshiPay,1.0,1.0,3,0,0,0,0
2021-03-26,Stellar Development Foundation,1.0,1.0,3,0,0,0,0
2021-03-26,Wirex Limited,1.0,1.0,3,0,0,0,0
2021-03-27,Blockdaemon Inc.,1.0,1.0,3,0,0,0,0
2021-03-27,COINQVEST LLC,1.0,1.0,3,0,0,0,0
2021-03-27,Keybase,1.0,1.0,3,0,0,0,0
2021-03-27,LOBSTR,1.0,1.0,5,0,0,0,0
2021-03-27,SatoshiPay,0.9981,0.9962,3,0,0,0,0
2021-03-27,Stellar Development Foundation,1.0,1.0,3,0,0,0,0
2021-03-27,Wirex Limited,1.0,1.0,3,0,0,0,0
2021-03-28,Blockdaemon Inc.,1.0,1.0,3,0,0,0,0
2021-03-28,COINQVEST LLC,1.0,1.0,3,0,0,0,0
2021-03-28,Keybase,1.0,1.0,3,0,0,0,0
2021-03-28,LOBSTR,1.0,0.9981,5,0,0,0,0
2021-03-28,SatoshiPay,0.9962,0.9906,3,0,0,0,0
2021-03-28,Stellar Development Foundation,1.0,1.0,3,0,0,0,0
2021-03-28,Wirex Limited,1.0,1.0,3,0,0,0,0
2021-03-29,Blockdaemon Inc.,1.0,1.0,3,0,0,0,0
2021-03-29,COINQVEST LLC,1.0,1.0,3,0,0,0,0
2021-03-29,Keybase,1.0,0.9982,3,0,0,0,0
2021-03-29,LOBSTR,1.0,1.0,5,0,0,0,0
2021-03-29,SatoshiPay,1.0,0.9872,3,0,0,0,0
2021-03-29,Stellar Development Foundation,1.0,1.0,3,0,0,0,0
2021-03-29,Wirex Limited,1.0,1.0,3,0,0,0,0
2021-03-30,Blockdaemon Inc.,1.0,1.0,3,0,0,0,0
2021-03-30,COINQVEST LLC,1.0,1.0,3,0,0,0,0
2021-03-30,Keybase,1.0,1.0,3,0,0,0,0
2021-03-30,LOBSTR,1.0,1.0,5,0,0,0,0
2021-03-30,SatoshiPay,1.0,0.9929,3,0,0,0,0
2021-03-30,Stellar Development Foundation,1.0,1.0,3,0,0,0,0
2021-03-30,Wirex Limited,1.0,1.0,3,0,0,0,0
2021-03-31,Blockdaemon Inc.,1.0,1.0,3,0,0,0,0
2021-03-31,COINQVEST LLC,1.0,1.0,3,0,0,0,0
2021-03-31,Keybase,1.0,1.0,3,0,0,0,0
2021-03-31,LOBSTR,1.0,1.0,5,0,0,0,0
2021-03-31,SatoshiPay,1.0,0.9983,3,0,0,0,0
2021-03-31,Stellar Development Foundation,1.0,1.0,3,0,0,0,0
2021-03-31,Wirex Limited,1.0,1.0,3,0,0,0,0
2021-04-01,Blockdaemon Inc.,1.0,1.0,3,0,0,0,0
2021-04-01,COINQVEST LLC,1.0,1.0,3,0,0,0,0
2021-04-01,Keybase,1.0,0.9982,3,0,0,0,0
2021-04-01,LOBSTR,1.0,1.0,5,0,0,0,0
2021-04-01,SatoshiPay,0.9982,0.9946,3,0,0,0,0
2021-04-01,Stellar Development Foundation,1.0,1.0,3,0,0,0,0
2021-04-01,Wirex Limited,1.0,1.0,3,0,0,0,0
2021-04-02,Blockdaemon Inc.,1.0,1.0,3,0,0,0,0
2021-04-02,COINQVEST LLC,1.0,1.0,3,0,0,0,0
2021-04-02,Keybase,1.0,0.9982,3,0,0,0,0
2021-04-02,LOBSTR,1.0,0.9964,5,0,0,0,0
2021-04-02,SatoshiPay,0.9964,0.9909,3,0,0,0,0
2021-04-02,Stellar Development Foundation,1.0,1.0,3,0,0,0,0
2021-04-02,Wirex Limited,1.0,1.0,3,0,0,0,0
2021-04-03,Blockdaemon Inc.,1.0,1.0,3,0,0,0,0
2021-04-03,COINQVEST LLC,1.0,1.0,3,0,0,0,0
2021-04-03,Keybase,1.0,1.0,3,0,0,0,0
2021-04-03,LOBSTR,1.0,1.0,5,0,0,0,0
2021-04-03,SatoshiPay,1.0,0.9965,3,0,0,0,0
2021-04-03,Stellar Development Foundation,1.0,1.0,3,0,0,0,0
2021-04-03,Wirex Limited,1.0,1.0,3,0,0,0,0
2021-04-04,Blockdaemon Inc.,1.0,1.0,3,0,0,0,0
2021-04-04,COINQVEST LLC,1.0,1.0,3,0,0,0,0
2021-04-04,Keybase,1.0,1.0,3,0,0,0,0
2021-04-04,LOBSTR,1.0,1.0,5,0,0,0,0
2021-04-04,SatoshiPay,0.993,0.8687,3,1,0,0,0
2021-04-04,Stellar Development Foundation,1.0,1.0,3,0,0,0,0
2021-04-04,Wirex Limited,1.0,1.0,3,0,0,0,0
2021-04-05,Blockdaemon Inc.,1.0,1.0,3,0,0,0,0
2021-04-05,COINQVEST LLC,1.0,1.0,3,0,0,0,0
2021-04-05,Keybase,1.0,1.0,3,0,0,0,0
2021-04-05,LOBSTR,1.0,0.9982,5,0,0,0,0
2021-04-05,SatoshiPay,0.9982,0.9856,3,0,0,0,0
2021-04-05,Stellar Development Foundation,1.0,1.0,3,0,0,0,0
2021-04-05,Wirex Limited,1.0,1.0,3,0,0,0,0
2021-04-06,Blockdaemon Inc.,1.0,1.0,3,0,0,0,0
2021-04-06,COINQVEST LLC,1.0,1.0,3,0,0,0,0
2021-04-06,Keybase,1.0,0.9982,3,0,0,0,0
2021-04-06,LOBSTR,0.75,0.6241,5,1,0,1,0
2021-04-06,SatoshiPay,0.9982,0.9982,3,0,0,0,0
2021-04-06,Stellar Development Foundation,0.8812,0.8723,3,1,0,1,0
2021-04-06,Wirex Limited,1.0,1.0,3,0,0,0,0
2021-04-07,Blockdaemon Inc.,1.0,1.0,3,0,0,0,0
2021-04-07,COINQVEST LLC,1.0,1.0,3,0,0,0,0
2021-04-07,Keybase,1.0,1.0,3,0,0,0,0
2021-04-07,LOBSTR,1.0,0.9646,5,0,0,0,0
2021-04-07,SatoshiPay,0.9983,0.9764,3,0,0,0,0
2021-04-07,Stellar Development Foundation,1.0,1.0,3,0,0,0,0
2021-04-07,Wirex Limited,1.0,0.9966,3,0,0,0,0
2021-04-08,Blockdaemon Inc.,1.0,1.0,3,0,0,0,0
2021-04-08,COINQVEST LLC,1.0,1.0,3,0,0,0,0
2021-04-08,Keybase,1.0,1.0,3,0,0,0,0
2021-04-08,LOBSTR,1.0,0.799,5,1,0,0,0
2021-04-08,SatoshiPay,0.9983,0.9949,3,0,0,0,0
2021-04-08,Stellar Development Foundation,1.0,1.0,3,0,0,0,0
2021-04-08,Wirex Limited,1.0,0.9949,3,0,0,0,0
2021-04-09,Blockdaemon Inc.,1.0,1.0,3,0,0,0,0
2021-04-09,COINQVEST LLC,1.0,1.0,3,0,0,0,0
2021-04-09,Keybase,1.0,0.9965,3,0,0,0,0
2021-04-09,LOBSTR,1.0,1.0,5,0,0,0,0
2021-04-09,SatoshiPay,0.9983,0.9791,3,0,0,0,0
2021-04-09,Stellar Development Foundation,0.993,0.9878,3,0,0,0,0
2021-04-09,Wirex Limited,0.9948,0.9948,3,0,0,0,0
2021-04-10,Blockdaemon Inc.,1.0,1.0,3,0,0,0,0
2021-04-10,COINQVEST LLC,1.0,1.0,3,0,0,0,0
2021-04-10,Keybase,1.0,1.0,3,0,0,0,0
2021-04-10,LOBSTR,1.0,0.9927,5,0,0,0,0
2021-04-10,SatoshiPay,0.9963,0.9798,3,0,0,0,0
2021-04-10,Stellar Development Foundation,1.0,1.0,3,0,0,0,0
2021-04-10,Wirex Limited,1.0,1.0,3,0,0,0,0
2021-04-11,Blockdaemon Inc.,1.0,1.0,3,0,0,0,0
2021-04-11,COINQVEST LLC,1.0,1.0,3,0,0,0,0
2021-04-11,Keybase,1.0,1.0,3,0,0,0,0
2021-04-11,LOBSTR,1.0,1.0,5,0,0,0,0
2021-04-11,SatoshiPay,0.9965,0.9807,3,0,0,0,0
2021-04-11,Stellar Development Foundation,1.0,1.0,3,0,0,0,0
2021-04-11,Wirex Limited,1.0,1.0,3,0,0,0,0
2021-04-12,Blockdaemon Inc.,1.0,1.0,3,0,0,0,0
2021-04-12,COINQVEST LLC,1.0,1.0,3,0,0,0,0
2021-04-12,Keybase,1.0,1.0,3,0,0,0,0
2021-04-12,LOBSTR,1.0,1.0,5,0,0,0,0
2021-04-12,SatoshiPay,0.9965,0.9522,3,0,0,0,0
2021-04-12,Stellar Development Foundation,1.0,1.0,3,0,0,0,0
2021-04-12,Wirex Limited,1.0,1.0,3,0,0,0,0
2021-04-13,Blockdaemon Inc.,1.0,1.0,3,0,0,0,0
2021-04-13,COINQVEST LLC,1.0,1.0,3,0,0,0,0
2021-04-13,Keybase,1.0,1.0,3,0,0,0,0
2021-04-13,LOBSTR,1.0,0.9714,5,0,0,0,0
2021-04-13,Muyu Network,1.0,0.9836,4,0,0,0,0
2021-04-13,SAKKEX OÜ,1.0,1.0,3,0,0,0,0
2021-04-13,SatoshiPay,1.0,0.9734,3,0,0,0,0
2021-04-13,Stellar Development Foundation,1.0,1.0,3,0,0,0,0
2021-04-13,Wirex Limited,1.0,1.0,3,0,0,0,0
2021-04-14,Blockdaemon Inc.,1.0,1.0,3,0,0,0,0
2021-04-14,COINQVEST LLC,1.0,1.0,3,0,0,0,0
2021-04-14,Keybase,1.0,1.0,3,0,0,0,0
2021-04-14,LOBSTR,1.0,1.0,5,0,0,0,0
2021-04-14,Muyu Network,1.0,0.965,4,0,0,0,0
2021-04-14,SAKKEX OÜ,1.0,0.9948,3,0,0,0,0
2021-04-14,SatoshiPay,0.9983,0.958,3,0,0,0,0
2021-04-14,Stellar Development Foundation,1.0,1.0,3,0,0,0,0
2021-04-14,Wirex Limited,1.0,1.0,3,0,0,0,0
2021-04-15,Blockdaemon Inc.,1.0,1.0,3,0,0,0,0
2021-04-15,COINQVEST LLC,1.0,1.0,3,0,0,0,0
2021-04-15,Keybase,1.0,1.0,3,0,0,0,0
2021-04-15,LOBSTR,1.0,1.0,5,0,0,0,0
2021-04-15,Muyu Network,1.0,0.9879,4,0,0,0,0
2021-04-15,SAKKEX OÜ,1.0,1.0,3,0,0,0,0
2021-04-15,SatoshiPay,1.0,0.9689,3,0,0,0,0
2021-04-15,Stellar Development Foundation,1.0,1.0,3,0,0,0,0
2021-04-15,Wirex Limited,1.0,1.0,3,0,0,0,0
2021-04-16,Blockdaemon Inc.,1.0,1.0,3,0,0,0,0
2021-04-16,COINQVEST LLC,1.0,1.0,3,0,0,0,0
2021-04-16,Keybase,1.0,1.0,3,0,0,0,0
2021-04-16,LOBSTR,1.0,1.0,5,0,0,0,0
2021-04-16,Muyu Network,1.0,0.2162,4,1,0,0,0
2021-04-16,SAKKEX OÜ,1.0,0.9818,3,0,0,0,0
2021-04-16,SatoshiPay,1.0,0.9554,3,0,0,0,0
2021-04-16,Stellar Development Foundation,1.0,1.0,3,0,0,0,0
2021-04-16,Wirex Limited,1.0,1.0,3,0,0,0,0
2021-04-17,Blockdaemon Inc.,1.0,1.0,3,0,0,0,0
2021-04-17,COINQVEST LLC,1.0,1.0,3,0,0,0,0
2021-04-17,Keybase,1.0,1.0,3,0,0,0,0
2021-04-17,LOBSTR,1.0,1.0,5,0,0,0,0
2021-04-17,Muyu Network,1.0,0.0,4,1,0,1,0
2021-04-17,SAKKEX OÜ,1.0,0.9983,3,0,0,0,0
2021-04-17,SatoshiPay,1.0,0.9933,3,0,0,0,0
2021-04-17,Stellar Development Foundation,1.0,1.0,3,0,0,0,0
2021-04-17,Wirex Limited,1.0,1.0,3,0,0,0,0
2021-04-18,Blockdaemon Inc.,1.0,1.0,3,0,0,0,0
2021-04-18,COINQVEST LLC,1.0,1.0,3,0,0,0,0
2021-04-18,Keybase,1.0,1.0,3,0,0,0,0
2021-04-18,LOBSTR,1.0,1.0,5,0,0,0,0
2021-04-18,Muyu Network,1.0,0.0,4,1,0,1,0
2021-04-18,SAKKEX OÜ,1.0,0.9983,3,0,0,0,0
2021-04-18,SatoshiPay,0.9983,0.9899,3,0,0,0,0
2021-04-18,Stellar Development Foundation,1.0,1.0,3,0,0,0,0
2021-04-18,Wirex Limited,1.0,0.9966,3,0,0,0,0
2021-04-19,Blockdaemon Inc.,1.0,1.0,3,0,0,0,0
2021-04-19,COINQVEST LLC,1.0,1.0,3,0,0,0,0
2021-04-19,Keybase,1.0,1.0,3,0,0,0,0
2021-04-19,LOBSTR,1.0,1.0,5,0,0,0,0
2021-04-19,SatoshiPay,1.0,0.9576,3,0,0,0,0
2021-04-19,Stellar Development Foundation,1.0,1.0,3,0,0,0,0
2021-04-19,Wirex Limited,1.0,1.0,3,0,0,0,0
2021-04-20,Blockdaemon Inc.,1.0,1.0,3,0,0,0,0
2021-04-20,COINQVEST LLC,1.0,1.0,3,0,0,0,0
2021-04-20,Keybase,1.0,1.0,3,0,0,0,0
2021-04-20,LOBSTR,1.0,1.0,5,0,0,0,0
2021-04-20,SatoshiPay,0.9915,0.7783,3,1,0,0,0
2021-04-20,Stellar Development Foundation,1.0,1.0,3,0,0,0,0
2021-04-20,Wirex Limited,1.0,1.0,3,0,0,0,0
2021-04-21,Blockdaemon Inc.,1.0,1.0,3,0,0,0,0
2021-04-21,COINQVEST LLC,1.0,1.0,3,0,0,0,0
2021-04-21,Keybase,1.0,1.0,3,0,0,0,0
2021-04-21,LOBSTR,1.0,1.0,5,0,0,0,0
2021-04-21,SatoshiPay,0.9743,0.1372,3,1,0,0,0
2021-04-21,Stellar Development Foundation,1.0,1.0,3,0,0,0,0
2021-04-21,Wirex Limited,1.0,1.0,3,0,0,0,0
2021-04-22,Blockdaemon Inc.,1.0,1.0,3,0,0,0,0
2021-04-22,COINQVEST LLC,1.0,1.0,3,0,0,0,0
2021-04-22,Keybase,1.0,1.0,3,0,0,0,0
2021-04-22,LOBSTR,1.0,1.0,5,0,0,0,0
2021-04-22,SatoshiPay,0.9801,0.0,3,1,0,1,0
2021-04-22,Stellar Development Foundation,1.0,1.0,3,0,0,0,0
2021-04-22,Wirex Limited,1.0,1.0,3,0,0,0,0
2021-04-23,Blockdaemon Inc.,1.0,1.0,3,0,0,0,0
2021-04-23,COINQVEST LLC,1.0,1.0,3,0,0,0,0
2021-04-23,Keybase,1.0,1.0,3,0,0,0,0
2021-04-23,LOBSTR,1.0,1.0,5,0,0,0,0
2021-04-23,SatoshiPay,0.9752,0.0,3,1,1,1,0
2021-04-23,Stellar Development Foundation,1.0,1.0,3,0,0,0,0
2021-04-23,Wirex Limited,1.0,1.0,3,0,0,0,0
2021-04-24,Blockdaemon Inc.,1.0,1.0,3,0,0,0,0
2021-04-24,COINQVEST LLC,1.0,1.0,3,0,0,0,0
2021-04-24,Keybase,1.0,1.0,3,0,0,0,0
2021-04-24,LOBSTR,1.0,1.0,5,0,0,0,0
2021-04-24,SatoshiPay,0.9752,0.0,3,1,1,1,0
2021-04-24,Stellar Development Foundation,1.0,1.0,3,0,0,0,0
2021-04-24,Wirex Limited,1.0,1.0,3,0,0,0,0
2021-04-25,Blockdaemon Inc.,1.0,1.0,3,0,0,0,0
2021-04-25,COINQVEST LLC,1.0,1.0,3,0,0,0,0
2021-04-25,Keybase,1.0,1.0,3,0,0,0,0
2021-04-25,LOBSTR,1.0,1.0,5,0,0,0,0
2021-04-25,SatoshiPay,0.9946,0.8354,3,1,1,0,0
2021-04-25,Stellar Development Foundation,1.0,1.0,3,0,0,0,0
2021-04-25,Wirex Limited,1.0,1.0,3,0,0,0,0
2021-04-26,Blockdaemon Inc.,1.0,1.0,3,0,0,0,0
2021-04-26,COINQVEST LLC,1.0,1.0,3,0,0,0,0
2021-04-26,Keybase,1.0,1.0,3,0,0,0,0
2021-04-26,LOBSTR,1.0,1.0,5,0,0,0,0
2021-04-26,SatoshiPay,0.9925,0.9513,3,0,1,0,0
2021-04-26,Stellar Development Foundation,1.0,1.0,3,0,0,0,0
2021-04-26,Wirex Limited,1.0,1.0,3,0,0,0,0
2021-04-27,Blockdaemon Inc.,1.0,0.9981,3,0,0,0,0
2021-04-27,COINQVEST LLC,1.0,1.0,3,0,0,0,0
2021-04-27,Keybase,1.0,1.0,3,0,0,0,0
2021-04-27,LOBSTR,1.0,1.0,5,0,0,0,0
2021-04-27,SatoshiPay,0.9981,0.9459,3,0,1,0,0
2021-04-27,Stellar Development Foundation,1.0,1.0,3,0,0,0,0
2021-04-27,Wirex Limited,1.0,1.0,3,0,0,0,0
2021-04-28,Blockdaemon Inc.,1.0,0.9962,3,0,0,0,0
2021-04-28,COINQVEST LLC,1.0,1.0,3,0,0,0,0
2021-04-28,Keybase,1.0,0.9981,3,0,0,0,0
2021-04-28,LOBSTR,1.0,0.9943,5,0,0,0,0
2021-04-28,SatoshiPay,0.9962,0.8967,3,1,1,0,0
2021-04-28,Stellar Development Foundation,1.0,1.0,3,0,0,0,0
2021-04-28,Wirex Limited,1.0,1.0,3,0,0,0,0
2021-04-29,Blockdaemon Inc.,1.0,1.0,3,0,0,0,0
2021-04-29,COINQVEST LLC,1.0,1.0,3,0,0,0,0
2021-04-29,Keybase,1.0,1.0,3,0,0,0,0
2021-04-29,LOBSTR,1.0,1.0,5,0,0,0,0
2021-04-29,SatoshiPay,0.9944,0.8531,3,1,0,0,0
2021-04-29,Stellar Development Foundation,1.0,1.0,3,0,0,0,0
2021-04-29,Wirex Limited,1.0,1.0,3,0,0,0,0
2021-04-30,Blockdaemon Inc.,1.0,1.0,3,0,0,0,0
2021-04-30,COINQVEST LLC,1.0,1.0,3,0,0,0,0
2021-04-30,Keybase,1.0,1.0,3,0,0,0,0
2021-04-30,LOBSTR,1.0,1.0,5,0,0,0,0
2021-04-30,SatoshiPay,0.983,0.8769,3,1,0,0,0
2021-04-30,Stellar Development Foundation,1.0,1.0,3,0,0,0,0
2021-04-30,Wirex Limited,1.0,1.0,3,0,0,0,0
2021-05-01,Blockdaemon Inc.,1.0,1.0,3,0,0,0,0
2021-05-01,COINQVEST LLC,1.0,1.0,3,0,0,0,0
2021-05-01,Keybase,1.0,1.0,3,0,0,0,0
2021-05-01,LOBSTR,1.0,1.0,5,0,0,0,0
2021-05-01,SatoshiPay,0.9926,0.8619,3,1,0,0,0
2021-05-01,Stellar Development Foundation,1.0,1.0,3,0,0,0,0
2021-05-01,Wirex Limited,1.0,1.0,3,0,0,0,0
2021-05-02,Blockdaemon Inc.,1.0,1.0,3,0,0,0,0
2021-05-02,COINQVEST LLC,1.0,1.0,3,0,0,0,0
2021-05-02,Keybase,1.0,1.0,3,0,0,0,0
2021-05-02,LOBSTR,1.0,1.0,5,0,0,0,0
2021-05-02,SatoshiPay,0.9533,0.8169,3,1,0,0,0
2021-05-02,Stellar Development Foundation,1.0,1.0,3,0,0,0,0
2021-05-02,Wirex Limited,1.0,1.0,3,0,0,0,0
2021-05-03,Blockdaemon Inc.,1.0,1.0,3,0,0,0,0
2021-05-03,COINQVEST LLC,1.0,1.0,3,0,0,0,0
2021-05-03,Keybase,1.0,1.0,3,0,0,0,0
2021-05-03,LOBSTR,1.0,1.0,5,0,0,0,0
2021-05-03,SatoshiPay,0.9926,0.8858,3,1,0,0,0
2021-05-03,Stellar Development Foundation,1.0,1.0,3,0,0,0,0
2021-05-03,Wirex Limited,1.0,1.0,3,0,0,0,0
2021-05-04,Blockdaemon Inc.,1.0,1.0,3,0,0,0,0
2021-05-04,COINQVEST LLC,1.0,1.0,3,0,0,0,0
2021-05-04,Keybase,1.0,1.0,3,0,0,0,0
2021-05-04,LOBSTR,1.0,1.0,5,0,0,0,0
2021-05-04,SatoshiPay,0.9888,0.8476,3,1,1,0,0
2021-05-04,Stellar Development Foundation,1.0,1.0,3,0,0,0,0
2021-05-04,Wirex Limited,1.0,1.0,3,0,0,0,0
2021-05-05,Blockdaemon Inc.,1.0,1.0,3,0,0,0,0
2021-05-05,COINQVEST LLC,1.0,1.0,3,0,0,0,0
2021-05-05,Keybase,1.0,1.0,3,0,0,0,0
2021-05-05,LOBSTR,1.0,1.0,5,0,0,0,0
2021-05-05,SatoshiPay,0.9782,0.8711,3,1,1,0,0
2021-05-05,Stellar Development Foundation,1.0,1.0,3,0,0,0,0
2021-05-05,Wirex Limited,1.0,1.0,3,0,0,0,0
2021-05-06,Blockdaemon Inc.,1.0,1.0,3,0,0,0,0
2021-05-06,COINQVEST LLC,1.0,1.0,3,0,0,0,0
2021-05-06,Keybase,1.0,1.0,3,0,0,0,0
2021-05-06,LOBSTR,1.0,0.9944,5,0,0,0,0
2021-05-06,SatoshiPay,0.987,0.851,3,1,1,0,0
2021-05-06,Stellar Development Foundation,1.0,1.0,3,0,0,0,0
2021-05-06,Wirex Limited,1.0,1.0,3,0,0,0,0
2021-05-07,Blockdaemon Inc.,1.0,0.9905,3,0,0,0,0
2021-05-07,COINQVEST LLC,1.0,1.0,3,0,0,0,0
2021-05-07,Keybase,1.0,1.0,3,0,0,0,0
2021-05-07,LOBSTR,1.0,0.9924,5,0,0,0,0
2021-05-07,SatoshiPay,0.983,0.8826,3,1,1,0,0
2021-05-07,Stellar Development Foundation,1.0,1.0,3,0,0,0,0
2021-05-07,Wirex Limited,1.0,1.0,3,0,0,0,0
2021-05-08,Blockdaemon Inc.,1.0,1.0,3,0,0,0,0
2021-05-08,COINQVEST LLC,1.0,1.0,3,0,0,0,0
2021-05-08,Keybase,1.0,1.0,3,0,0,0,0
2021-05-08,LOBSTR,1.0,0.9946,5,0,0,0,0
2021-05-08,SatoshiPay,0.9782,0.8022,3,1,1,0,0
2021-05-08,Stellar Development Foundation,1.0,1.0,3,0,0,0,0
2021-05-08,Wirex Limited,1.0,1.0,3,0,0,0,0
2021-05-09,Blockdaemon Inc.,1.0,1.0,3,0,0,0,0
2021-05-09,COINQVEST LLC,1.0,1.0,3,0,0,0,0
2021-05-09,Keybase,1.0,1.0,3,0,0,0,0
2021-05-09,LOBSTR,1.0,0.9905,5,0,0,0,0
2021-05-09,SatoshiPay,0.9849,0.7108,3,1,1,0,0
2021-05-09,Stellar Development Foundation,1.0,1.0,3,0,0,0,0
2021-05-09,Wirex Limited,1.0,1.0,3,0,0,0,0
2021-05-10,Blockdaemon Inc.,1.0,0.9921,3,0,0,0,0
2021-05-10,COINQVEST LLC,1.0,1.0,3,0,0,0,0
2021-05-10,Keybase,1.0,1.0,3,0,0,0,0
2021-05-10,LOBSTR,1.0,0.9762,5,0,0,0,0
2021-05-10,SatoshiPay,0.9881,0.7004,3,1,1,0,0
2021-05-10,Stellar Development Foundation,1.0,1.0,3,0,0,0,0
2021-05-10,Wirex Limited,1.0,1.0,3,0,0,0,0
2021-05-11,Blockdaemon Inc.,1.0,1.0,3,0,0,0,0
2021-05-11,COINQVEST LLC,1.0,1.0,3,0,0,0,0
2021-05-11,Keybase,1.0,1.0,3,0,0,0,0
2021-05-11,LOBSTR,1.0,0.994,5,0,0,0,0
2021-05-11,SatoshiPay,0.992,0.7952,3,1,1,0,0
2021-05-11,Stellar Development Foundation,1.0,1.0,3,0,0,0,0
2021-05-11,Wirex Limited,1.0,1.0,3,0,0,0,0
2021-05-12,Blockdaemon Inc.,1.0,1.0,3,0,0,0,0
2021-05-12,COINQVEST LLC,1.0,1.0,3,0,0,0,0
2021-05-12,Keybase,1.0,1.0,3,0,0,0,0
2021-05-12,LOBSTR,1.0,0.996,5,0,0,0,0
2021-05-12,SatoshiPay,0.996,0.747,3,1,1,0,0
2021-05-12,Stellar Development Foundation,1.0,1.0,3,0,0,0,0
2021-05-12,Wirex Limited,1.0,1.0,3,0,0,0,0
2021-05-13,Blockdaemon Inc.,1.0,1.0,3,0,0,0,0
2021-05-13,COINQVEST LLC,1.0,1.0,3,0,0,0,0
2021-05-13,Keybase,1.0,1.0,3,0,0,0,0
2021-05-13,LOBSTR,1.0,0.9943,5,0,0,0,0
2021-05-13,SatoshiPay,0.9981,0.8748,3,1,1,0,0
2021-05-13,Stellar Development Foundation,1.0,1.0,3,0,0,0,0
2021-05-13,Wirex Limited,1.0,1.0,3,0,0,0,0
2021-05-14,Blockdaemon Inc.,1.0,1.0,3,0,0,0,0
2021-05-14,COINQVEST LLC,1.0,1.0,3,0,0,0,0
2021-05-14,Keybase,1.0,1.0,3,0,0,0,0
2021-05-14,LOBSTR,1.0,1.0,5,0,0,0,0
2021-05-14,SatoshiPay,0.9959,0.8527,3,1,1,0,0
2021-05-14,Stellar Development Foundation,1.0,1.0,3,0,0,0,0
2021-05-14,Wirex Limited,1.0,1.0,3,0,0,0,0
2021-05-15,Blockdaemon Inc.,1.0,1.0,3,0,0,0,0
2021-05-15,COINQVEST LLC,1.0,1.0,3,0,0,0,0
2021-05-15,Keybase,1.0,1.0,3,0,0,0,0
2021-05-15,LOBSTR,1.0,1.0,5,0,0,0,0
2021-05-15,SatoshiPay,1.0,0.9515,3,0,0,0,0
2021-05-15,Stellar Development Foundation,1.0,1.0,3,0,0,0,0
2021-05-15,Wirex Limited,1.0,1.0,3,0,0,0,0
2021-05-16,Blockdaemon Inc.,1.0,1.0,3,0,0,0,0
2021-05-16,COINQVEST LLC,1.0,1.0,3,0,0,0,0
2021-05-16,Keybase,1.0,1.0,3,0,0,0,0
2021-05-16,LOBSTR,1.0,1.0,5,0,0,0,0
2021-05-16,SatoshiPay,0.998,0.9314,3,0,0,0,0
2021-05-16,Stellar Development Foundation,1.0,1.0,3,0,0,0,0
2021-05-16,Wirex Limited,1.0,1.0,3,0,0,0,0
2021-05-17,Blockdaemon Inc.,1.0,1.0,3,0,0,0,0
2021-05-17,COINQVEST LLC,1.0,1.0,3,0,0,0,0
2021-05-17,Keybase,1.0,1.0,3,0,0,0,0
2021-05-17,LOBSTR,1.0,1.0,5,0,0,0,0
2021-05-17,SatoshiPay,0.9919,0.67,3,1,0,0,0
2021-05-17,Stellar Development Foundation,1.0,1.0,3,0,0,0,0
2021-05-17,Wirex Limited,1.0,0.9879,3,0,0,0,0
2021-05-18,Blockdaemon Inc.,1.0,1.0,3,0,0,0,0
2021-05-18,COINQVEST LLC,1.0,1.0,3,0,0,0,0
2021-05-18,Keybase,1.0,1.0,3,0,0,0,0
2021-05-18,LOBSTR,1.0,1.0,5,0,0,0,0
2021-05-18,SatoshiPay,0.9957,0.8611,3,1,0,0,0
2021-05-18,Stellar Development Foundation,1.0,1.0,3,0,0,0,0
2021-05-18,Wirex Limited,1.0,1.0,3,0,0,0,0
2021-05-19,Blockdaemon Inc.,1.0,0.9786,3,0,0,0,0
2021-05-19,COINQVEST LLC,1.0,1.0,3,0,0,0,0
2021-05-19,Keybase,1.0,0.9979,3,0,0,0,0
2021-05-19,LOBSTR,1.0,1.0,5,0,0,0,0
2021-05-19,SatoshiPay,0.9808,0.7906,3,1,0,0,0
2021-05-19,Stellar Development Foundation,1.0,1.0,3,0,0,0,0
2021-05-19,Wirex Limited,1.0,1.0,3,0,0,0,0
2021-05-20,Blockdaemon Inc.,1.0,1.0,3,0,0,0,0
2021-05-20,COINQVEST LLC,1.0,1.0,3,0,0,0,0
2021-05-20,Keybase,1.0,1.0,3,0,0,0,0
2021-05-20,LOBSTR,1.0,1.0,5,0,0,0,0
2021-05-20,SatoshiPay,0.9899,0.8641,3,1,0,0,0
2021-05-20,Stellar Development Foundation,1.0,1.0,3,0,0,0,0
2021-05-20,Wirex Limited,1.0,1.0,3,0,0,0,0
2021-05-21,Blockdaemon Inc.,1.0,0.9961,3,0,0,0,0
2021-05-21,COINQVEST LLC,1.0,1.0,3,0,0,0,0
2021-05-21,Keybase,1.0,1.0,3,0,0,0,0
2021-05-21,LOBSTR,1.0,1.0,5,0,0,0,0
2021-05-21,SatoshiPay,0.9961,0.8782,3,1,0,0,0
2021-05-21,Stellar Development Foundation,1.0,1.0,3,0,0,0,0
2021-05-21,Wirex Limited,1.0,1.0,3,0,0,0,0
2021-05-22,Blockdaemon Inc.,1.0,1.0,3,0,0,0,0
2021-05-22,COINQVEST LLC,1.0,1.0,3,0,0,0,0
2021-05-22,Keybase,1.0,1.0,3,0,0,0,0
2021-05-22,LOBSTR,1.0,1.0,5,0,0,0,0
2021-05-22,SatoshiPay,0.9981,0.9534,3,0,0,0,0
2021-05-22,Stellar Development Foundation,1.0,1.0,3,0,0,0,0
2021-05-22,Wirex Limited,1.0,1.0,3,0,0,0,0
2021-05-23,Blockdaemon Inc.,1.0,0.9898,3,0,0,0,0
2021-05-23,COINQVEST LLC,1.0,1.0,3,0,0,0,0
2021-05-23,Keybase,1.0,0.998,3,0,0,0,0
2021-05-23,LOBSTR,1.0,1.0,5,0,0,0,0
2021-05-23,SatoshiPay,0.998,0.9551,3,0,0,0,0
2021-05-23,Stellar Development Foundation,1.0,1.0,3,0,0,0,0
2021-05-23,Wirex Limited,1.0,1.0,3,0,0,0,0
2021-05-24,Blockdaemon Inc.,1.0,1.0,3,0,0,0,0
2021-05-24,COINQVEST LLC,1.0,1.0,3,0,0,0,0
2021-05-24,Keybase,1.0,1.0,3,0,0,0,0
2021-05-24,LOBSTR,1.0,1.0,5,0,0,0,0
2021-05-24,SatoshiPay,0.992,0.93,3,0,0,0,0
2021-05-24,Stellar Development Foundation,1.0,1.0,3,0,0,0,0
2021-05-24,Wirex Limited,1.0,1.0,3,0,0,0,0
2021-05-25,Blockdaemon Inc.,1.0,1.0,3,0,0,0,0
2021-05-25,COINQVEST LLC,1.0,1.0,3,0,0,0,0
2021-05-25,Keybase,1.0,1.0,3,0,0,0,0
2021-05-25,LOBSTR,1.0,1.0,5,0,0,0,0
2021-05-25,SatoshiPay,0.9898,0.9367,3,1,1,0,0
2021-05-25,Stellar Development Foundation,1.0,1.0,3,0,0,0,0
2021-05-25,Wirex Limited,1.0,1.0,3,0,0,0,0
2021-05-26,Blockdaemon Inc.,1.0,1.0,3,0,0,0,0
2021-05-26,COINQVEST LLC,1.0,1.0,3,0,0,0,0
2021-05-26,Keybase,1.0,1.0,3,0,0,0,0
2021-05-26,LOBSTR,1.0,1.0,5,0,0,0,0
2021-05-26,SatoshiPay,0.9877,0.957,3,1,1,0,0
2021-05-26,Stellar Development Foundation,1.0,1.0,3,0,0,0,0
2021-05-26,Wirex Limited,1.0,1.0,3,0,0,0,0
2021-05-27,Blockdaemon Inc.,1.0,1.0,3,0,0,0,0
2021-05-27,COINQVEST LLC,1.0,1.0,3,0,0,0,0
2021-05-27,Keybase,1.0,1.0,3,0,0,0,0
2021-05-27,LOBSTR,1.0,1.0,5,0,0,0,0
2021-05-27,SatoshiPay,0.9956,0.9364,3,0,0,0,0
2021-05-27,Stellar Development Foundation,1.0,1.0,3,0,0,0,0
2021-05-27,Wirex Limited,1.0,1.0,3,0,0,0,0
2021-05-28,Blockdaemon Inc.,1.0,0.9366,3,0,0,0,0
2021-05-28,COINQVEST LLC,1.0,1.0,3,0,0,0,0
2021-05-28,Keybase,1.0,1.0,3,0,0,0,0
2021-05-28,LOBSTR,1.0,1.0,5,0,0,0,0
2021-05-28,SatoshiPay,0.9939,0.9611,3,0,0,0,0
2021-05-28,Stellar Development Foundation,1.0,1.0,3,0,0,0,0
2021-05-28,Wirex Limited,1.0,1.0,3,0,0,0,0
2021-05-29,Blockdaemon Inc.,1.0,1.0,3,0,0,0,0
2021-05-29,COINQVEST LLC,1.0,1.0,3,0,0,0,0
2021-05-29,Keybase,1.0,1.0,3,0,0,0,0
2021-05-29,LOBSTR,1.0,1.0,5,0,0,0,0
2021-05-29,SatoshiPay,0.998,0.9725,3,0,0,0,0
2021-05-29,Stellar Development Foundation,1.0,1.0,3,0,0,0,0
2021-05-29,Wirex Limited,1.0,1.0,3,0,0,0,0
2021-05-30,Blockdaemon Inc.,1.0,1.0,3,0,0,0,0
2021-05-30,COINQVEST LLC,1.0,1.0,3,0,0,0,0
2021-05-30,Keybase,1.0,1.0,3,0,0,0,0
2021-05-30,LOBSTR,1.0,1.0,5,0,0,0,0
2021-05-30,SatoshiPay,0.9916,0.9244,3,0,0,0,0
2021-05-30,Stellar Development Foundation,1.0,1.0,3,0,0,0,0
2021-05-30,Wirex Limited,1.0,1.0,3,0,0,0,0
2021-05-31,Blockdaemon Inc.,1.0,1.0,3,0,0,0,0
2021-05-31,COINQVEST LLC,1.0,1.0,3,0,0,0,0
2021-05-31,Keybase,1.0,1.0,3,0,0,0,0
2021-05-31,LOBSTR,1.0,1.0,5,0,0,0,0
2021-05-31,SatoshiPay,0.9939,0.8344,3,1,0,0,0
2021-05-31,Stellar Development Foundation,1.0,1.0,3,0,0,0,0
2021-05-31,Wirex Limited,1.0,1.0,3,0,0,0,0
2021-06-01,Blockdaemon Inc.,1.0,1.0,3,0,0,0,0
2021-06-01,COINQVEST LLC,1.0,1.0,3,0,0,0,0
2021-06-01,Keybase,1.0,1.0,3,0,0,0,0
2021-06-01,LOBSTR,1.0,1.0,5,0,0,0,0
2021-06-01,SatoshiPay,0.9958,0.9725,3,0,0,0,0
2021-06-01,Stellar Development Foundation,1.0,1.0,3,0,0,0,0
2021-06-01,Wirex Limited,1.0,1.0,3,0,0,0,0
2021-06-02,Blockdaemon Inc.,1.0,1.0,3,0,0,0,0
2021-06-02,COINQVEST LLC,1.0,1.0,3,0,0,0,0
2021-06-02,Keybase,1.0,1.0,3,0,0,0,0
2021-06-02,LOBSTR,1.0,0.9979,5,0,0,0,0
2021-06-02,SatoshiPay,0.9522,0.7859,3,1,0,0,0
2021-06-02,Stellar Development Foundation,1.0,1.0,3,0,0,0,0
2021-06-02,Wirex Limited,1.0,1.0,3,0,0,0,0
2021-06-03,Blockdaemon Inc.,1.0,1.0,3,0,0,0,0
2021-06-03,COINQVEST LLC,1.0,1.0,3,0,0,0,0
2021-06-03,Keybase,1.0,1.0,3,0,0,0,0
2021-06-03,LOBSTR,1.0,0.9959,5,0,0,0,0
2021-06-03,SatoshiPay,0.9917,0.971,3,0,0,0,0
2021-06-03,Stellar Development Foundation,1.0,1.0,3,0,0,0,0
2021-06-03,Wirex Limited,1.0,1.0,3,0,0,0,0
2021-06-04,Blockdaemon Inc.,1.0,1.0,3,0,0,0,0
2021-06-04,COINQVEST LLC,1.0,1.0,3,0,0,0,0
2021-06-04,Keybase,1.0,1.0,3,0,0,0,0
2021-06-04,LOBSTR,1.0,1.0,5,0,0,0,0
2021-06-04,SatoshiPay,0.9942,0.952,3,0,0,0,0
2021-06-04,Stellar Development Foundation,1.0,1.0,3,0,0,0,0
2021-06-04,Wirex Limited,1.0,1.0,3,0,0,0,0
2021-06-05,Blockdaemon Inc.,1.0,1.0,3,0,0,0,0
2021-06-05,COINQVEST LLC,1.0,1.0,3,0,0,0,0
2021-06-05,Keybase,1.0,1.0,3,0,0,0,0
2021-06-05,LOBSTR,1.0,1.0,5,0,0,0,0
2021-06-05,SatoshiPay,1.0,0.959,3,0,0,0,0
2021-06-05,Stellar Development Foundation,1.0,1.0,3,0,0,0,0
2021-06-05,Wirex Limited,1.0,1.0,3,0,0,0,0
2021-06-06,Blockdaemon Inc.,1.0,1.0,3,0,0,0,0
2021-06-06,COINQVEST LLC,1.0,1.0,3,0,0,0,0
2021-06-06,Keybase,1.0,1.0,3,0,0,0,0
2021-06-06,LOBSTR,1.0,1.0,5,0,0,0,0
2021-06-06,SatoshiPay,0.988,0.9562,3,1,0,0,0
2021-06-06,Stellar Development Foundation,1.0,1.0,3,0,0,0,0
2021-06-06,Wirex Limited,1.0,1.0,3,0,0,0,0
2021-06-07,Blockdaemon Inc.,1.0,1.0,3,0,0,0,0
2021-06-07,COINQVEST LLC,1.0,1.0,3,0,0,0,0
2021-06-07,Keybase,1.0,1.0,3,0,0,0,0
2021-06-07,LOBSTR,1.0,1.0,5,0,0,0,0
2021-06-07,SatoshiPay,0.9916,0.8658,3,1,0,0,0
2021-06-07,Stellar Development Foundation,1.0,1.0,3,0,0,0,0
2021-06-07,Wirex Limited,1.0,1.0,3,0,0,0,0
2021-06-08,Blockdaemon Inc.,1.0,1.0,3,0,0,0,0
2021-06-08,COINQVEST LLC,1.0,1.0,3,0,0,0,0
2021-06-08,Keybase,1.0,1.0,3,0,0,0,0
2021-06-08,LOBSTR,1.0,1.0,5,0,0,0,0
2021-06-08,SatoshiPay,0.9959,0.8909,3,1,0,0,0
2021-06-08,Stellar Development Foundation,1.0,1.0,3,0,0,0,0
2021-06-08,Wirex Limited,1.0,1.0,3,0,0,0,0
2021-06-09,Blockdaemon Inc.,1.0,1.0,3,0,0,0,0
2021-06-09,COINQVEST LLC,1.0,1.0,3,0,0,0,0
2021-06-09,Keybase,1.0,1.0,3,0,0,0,0
2021-06-09,LOBSTR,1.0,1.0,5,0,0,0,0
2021-06-09,SatoshiPay,0.9758,0.8488,3,1,0,0,0
2021-06-09,Stellar Development Foundation,1.0,1.0,3,0,0,0,0
2021-06-09,Wirex Limited,1.0,0.998,3,0,0,0,0
2021-06-10,Blockdaemon Inc.,1.0,1.0,3,0,0,0,0
2021-06-10,COINQVEST LLC,1.0,1.0,3,0,0,0,0
2021-06-10,Keybase,1.0,1.0,3,0,0,0,0
2021-06-10,LOBSTR,1.0,1.0,5,0,0,0,0
2021-06-10,SatoshiPay,0.99,0.8876,3,1,1,0,0
2021-06-10,Stellar Development Foundation,1.0,1.0,3,0,0,0,0
2021-06-10,Wirex Limited,1.0,0.998,3,0,0,0,0
2021-06-11,Blockdaemon Inc.,1.0,1.0,3,0,0,0,0
2021-06-11,COINQVEST LLC,1.0,1.0,3,0,0,0,0
2021-06-11,Keybase,1.0,1.0,3,0,0,0,0
2021-06-11,LOBSTR,1.0,1.0,5,0,0,0,0
2021-06-11,SatoshiPay,0.9862,0.8507,3,1,1,0,0
2021-06-11,Stellar Development Foundation,1.0,1.0,3,0,0,0,0
2021-06-11,Wirex Limited,1.0,1.0,3,0,0,0,0
2021-06-12,Blockdaemon Inc.,1.0,0.9981,3,0,0,0,0
2021-06-12,COINQVEST LLC,1.0,1.0,3,0,0,0,0
2021-06-12,Keybase,1.0,1.0,3,0,0,0,0
2021-06-12,LOBSTR,1.0,1.0,5,0,0,0,0
2021-06-12,SatoshiPay,0.9981,0.9349,3,0,1,0,0
2021-06-12,Stellar Development Foundation,1.0,1.0,3,0,0,0,0
2021-06-12,Wirex Limited,1.0,1.0,3,0,0,0,0
2021-06-13,Blockdaemon Inc.,1.0,1.0,3,0,0,0,0
2021-06-13,COINQVEST LLC,1.0,1.0,3,0,0,0,0
2021-06-13,Keybase,1.0,1.0,3,0,0,0,0
2021-06-13,LOBSTR,1.0,1.0,5,0,0,0,0
2021-06-13,SatoshiPay,0.9981,0.7457,3,1,1,0,0
2021-06-13,Stellar Development Foundation,1.0,1.0,3,0,0,0,0
2021-06-13,Wirex Limited,1.0,1.0,3,0,0,0,0
2021-06-14,Blockdaemon Inc.,1.0,1.0,3,0,0,0,0
2021-06-14,COINQVEST LLC,1.0,1.0,3,0,0,0,0
2021-06-14,Keybase,1.0,1.0,3,0,0,0,0
2021-06-14,LOBSTR,1.0,1.0,5,0,0,0,0
2021-06-14,SatoshiPay,0.9924,0.6314,3,1,1,0,0
2021-06-14,Stellar Development Foundation,1.0,1.0,3,0,0,0,0
2021-06-14,Wirex Limited,1.0,0.9981,3,0,0,0,0
2021-06-15,Blockdaemon Inc.,1.0,1.0,3,0,0,0,0
2021-06-15,COINQVEST LLC,1.0,1.0,3,0,0,0,0
2021-06-15,Keybase,1.0,1.0,3,0,0,0,0
2021-06-15,LOBSTR,1.0,1.0,5,0,0,0,0
2021-06-15,SatoshiPay,1.0,0.8527,3,1,1,0,0
2021-06-15,Stellar Development Foundation,1.0,1.0,3,0,0,0,0
2021-06-15,Wirex Limited,0.9826,0.9283,3,1,0,0,0
2021-06-16,Blockdaemon Inc.,1.0,1.0,3,0,0,0,0
2021-06-16,COINQVEST LLC,1.0,1.0,3,0,0,0,0
2021-06-16,Keybase,1.0,1.0,3,0,0,0,0
2021-06-16,LOBSTR,1.0,1.0,5,0,0,0,0
2021-06-16,SatoshiPay,0.9771,0.7767,3,1,1,0,0
2021-06-16,Stellar Development Foundation,1.0,1.0,3,0,0,0,0
2021-06-16,Wirex Limited,1.0,0.9981,3,0,0,0,0
2021-06-17,Blockdaemon Inc.,1.0,1.0,3,0,0,0,0
2021-06-17,COINQVEST LLC,1.0,0.6455,3,1,0,0,0
2021-06-17,Keybase,1.0,1.0,3,0,0,0,0
2021-06-17,LOBSTR,1.0,1.0,5,0,0,0,0
2021-06-17,SatoshiPay,0.9904,0.79,3,1,0,0,0
2021-06-17,Stellar Development Foundation,1.0,1.0,3,0,0,0,0
2021-06-17,Wirex Limited,1.0,1.0,3,0,0,0,0
2021-06-18,Blockdaemon Inc.,1.0,1.0,3,0,0,0,0
2021-06-18,COINQVEST LLC,1.0,1.0,3,0,0,0,0
2021-06-18,Keybase,1.0,1.0,3,0,0,0,0
2021-06-18,LOBSTR,1.0,1.0,5,0,0,0,0
2021-06-18,SatoshiPay,0.9924,0.7943,3,1,0,0,0
2021-06-18,Stellar Development Foundation,1.0,1.0,3,0,0,0,0
2021-06-18,Wirex Limited,1.0,1.0,3,0,0,0,0
2021-06-19,Blockdaemon Inc.,1.0,1.0,3,0,0,0,0
2021-06-19,COINQVEST LLC,1.0,1.0,3,0,0,0,0
2021-06-19,Keybase,1.0,0.9981,3,0,0,0,0
2021-06-19,LOBSTR,1.0,1.0,5,0,0,0,0
2021-06-19,SatoshiPay,0.9981,0.7611,3,1,0,0,0
2021-06-19,Stellar Development Foundation,1.0,1.0,3,0,0,0,0
2021-06-19,Wirex Limited,1.0,1.0,3,0,0,0,0
2021-06-20,Blockdaemon Inc.,1.0,1.0,3,0,0,0,0
2021-06-20,COINQVEST LLC,1.0,1.0,3,0,0,0,0
2021-06-20,Keybase,1.0,1.0,3,0,0,0,0
2021-06-20,LOBSTR,1.0,1.0,5,0,0,0,0
2021-06-20,SatoshiPay,0.9981,0.7331,3,1,0,0,0
2021-06-20,Stellar Development Foundation,1.0,1.0,3,0,0,0,0
2021-06-20,Wirex Limited,1.0,1.0,3,0,0,0,0
2021-06-21,Blockdaemon Inc.,1.0,1.0,3,0,0,0,0
2021-06-21,COINQVEST LLC,1.0,0.998,3,0,0,0,0
2021-06-21,Keybase,1.0,1.0,3,0,0,0,0
2021-06-21,LOBSTR,1.0,1.0,5,0,0,0,0
2021-06-21,SatoshiPay,0.9921,0.5595,3,1,0,0,0
2021-06-21,Stellar Development Foundation,1.0,1.0,3,0,0,0,0
2021-06-21,Wirex Limited,1.0,1.0,3,0,0,0,0
2021-06-22,Blockdaemon Inc.,1.0,1.0,3,0,0,0,0
2021-06-22,COINQVEST LLC,1.0,1.0,3,0,0,0,0
2021-06-22,Keybase,1.0,1.0,3,0,0,0,0
2021-06-22,LOBSTR,1.0,1.0,5,0,0,0,0
2021-06-22,SatoshiPay,0.9843,0.2798,3,1,0,0,0
2021-06-22,Stellar Development Foundation,1.0,1.0,3,0,0,0,0
2021-06-22,Wirex Limited,1.0,1.0,3,0,0,0,0
2021-06-23,Blockdaemon Inc.,1.0,1.0,3,0,0,0,0
2021-06-23,COINQVEST LLC,1.0,1.0,3,0,0,0,0
2021-06-23,Keybase,1.0,1.0,3,0,0,0,0
2021-06-23,LOBSTR,1.0,1.0,5,0,0,0,0
2021-06-23,SatoshiPay,0.9691,0.2921,3,1,0,0,0
2021-06-23,Stellar Development Foundation,1.0,1.0,3,0,0,0,0
2021-06-23,Wirex Limited,1.0,1.0,3,0,0,0,0
2021-06-24,Blockdaemon Inc.,1.0,1.0,3,0,0,0,0
2021-06-24,COINQVEST LLC,1.0,1.0,3,0,0,0,0
2021-06-24,Keybase,1.0,1.0,3,0,0,0,0
2021-06-24,LOBSTR,1.0,1.0,5,0,0,0,0
2021-06-24,SatoshiPay,0.996,0.5797,3,1,0,0,0
2021-06-24,Stellar Development Foundation,1.0,1.0,3,0,0,0,0
2021-06-24,Wirex Limited,1.0,1.0,3,0,0,0,0
2021-06-25,Blockdaemon Inc.,1.0,1.0,3,0,0,0,0
2021-06-25,COINQVEST LLC,1.0,1.0,3,0,0,0,0
2021-06-25,Keybase,1.0,1.0,3,0,0,0,0
2021-06-25,LOBSTR,1.0,1.0,5,0,0,0,0
2021-06-25,SatoshiPay,0.998,0.9804,3,0,0,0,0
2021-06-25,Stellar Development Foundation,1.0,0.998,3,0,0,0,0
2021-06-25,Wirex Limited,1.0,1.0,3,0,0,0,0
2021-06-26,Blockdaemon Inc.,1.0,1.0,3,0,0,0,0
2021-06-26,COINQVEST LLC,1.0,1.0,3,0,0,0,0
2021-06-26,Keybase,1.0,1.0,3,0,0,0,0
2021-06-26,LOBSTR,1.0,1.0,5,0,0,0,0
2021-06-26,SatoshiPay,1.0,0.9866,3,0,0,0,0
2021-06-26,Stellar Development Foundation,1.0,0.9981,3,0,0,0,0
2021-06-26,Wirex Limited,1.0,1.0,3,0,0,0,0
2021-06-27,Blockdaemon Inc.,1.0,1.0,3,0,0,0,0
2021-06-27,COINQVEST LLC,1.0,1.0,3,0,0,0,0
2021-06-27,Keybase,1.0,1.0,3,0,0,0,0
2021-06-27,LOBSTR,1.0,1.0,5,0,0,0,0
2021-06-27,SatoshiPay,0.9963,0.9776,3,0,0,0,0
2021-06-27,Stellar Development Foundation,1.0,1.0,3,0,0,0,0
2021-06-27,Wirex Limited,1.0,1.0,3,0,0,0,0
2021-06-28,Blockdaemon Inc.,1.0,1.0,3,0,0,0,0
2021-06-28,COINQVEST LLC,1.0,1.0,3,0,0,0,0
2021-06-28,Keybase,1.0,1.0,3,0,0,0,0
2021-06-28,LOBSTR,1.0,1.0,5,0,0,0,0
2021-06-28,SatoshiPay,0.9944,0.9421,3,0,0,0,0
2021-06-28,Stellar Development Foundation,1.0,1.0,3,0,0,0,0
2021-06-28,Wirex Limited,1.0,1.0,3,0,0,0,0
2021-06-29,Blockdaemon Inc.,1.0,1.0,3,0,0,0,0
2021-06-29,COINQVEST LLC,1.0,1.0,3,0,0,0,0
2021-06-29,Keybase,1.0,1.0,3,0,0,0,0
2021-06-29,LOBSTR,1.0,1.0,5,0,0,0,0
2021-06-29,SatoshiPay,0.9981,0.9814,3,0,0,0,0
2021-06-29,Stellar Development Foundation,1.0,1.0,3,0,0,0,0
2021-06-29,Wirex Limited,1.0,1.0,3,0,0,0,0
2021-06-30,Blockdaemon Inc.,1.0,1.0,3,0,0,0,0
2021-06-30,COINQVEST LLC,1.0,0.9847,3,0,0,0,0
2021-06-30,Keybase,1.0,1.0,3,0,0,0,0
2021-06-30,LOBSTR,1.0,1.0,5,0,0,0,0
2021-06-30,SatoshiPay,0.9885,0.9425,3,1,0,0,0
2021-06-30,Stellar Development Foundation,1.0,1.0,3,0,0,0,0
2021-06-30,Wirex Limited,1.0,1.0,3,0,0,0,0
2021-07-01,Blockdaemon Inc.,1.0,1.0,3,0,0,0,0
2021-07-01,COINQVEST LLC,1.0,1.0,3,0,0,0,0
2021-07-01,Keybase,1.0,1.0,3,0,0,0,0
2021-07-01,LOBSTR,1.0,1.0,5,0,0,0,0
2021-07-01,SatoshiPay,1.0,0.9762,3,0,0,0,0
2021-07-01,Stellar Development Foundation,1.0,1.0,3,0,0,0,0
2021-07-01,Wirex Limited,1.0,1.0,3,0,0,0,0
2021-07-02,Blockdaemon Inc.,1.0,1.0,3,0,0,0,0
2021-07-02,COINQVEST LLC,1.0,1.0,3,0,0,0,0
2021-07-02,Keybase,1.0,1.0,3,0,0,0,0
2021-07-02,LOBSTR,1.0,1.0,5,0,0,0,0
2021-07-02,SatoshiPay,0.9943,0.9792,3,0,0,0,0
2021-07-02,Stellar Development Foundation,1.0,1.0,3,0,0,0,0
2021-07-02,Wirex Limited,1.0,0.9981,3,0,0,0,0
2021-07-03,Blockdaemon Inc.,1.0,1.0,3,0,0,0,0
2021-07-03,COINQVEST LLC,1.0,1.0,3,0,0,0,0
2021-07-03,Keybase,1.0,1.0,3,0,0,0,0
2021-07-03,LOBSTR,1.0,1.0,5,0,0,0,0
2021-07-03,SatoshiPay,0.9981,0.9849,3,0,0,0,0
2021-07-03,Stellar Development Foundation,1.0,1.0,3,0,0,0,0
2021-07-03,Wirex Limited,1.0,1.0,3,0,0,0,0
2021-07-04,Blockdaemon Inc.,1.0,1.0,3,0,0,0,0
2021-07-04,COINQVEST LLC,1.0,1.0,3,0,0,0,0
2021-07-04,Keybase,1.0,1.0,3,0,0,0,0
2021-07-04,LOBSTR,1.0,1.0,5,0,0,0,0
2021-07-04,SatoshiPay,0.9926,0.9777,3,0,0,0,0
2021-07-04,Stellar Development Foundation,1.0,1.0,3,0,0,0,0
2021-07-04,Wirex Limited,1.0,1.0,3,0,0,0,0
2021-07-05,Blockdaemon Inc.,1.0,1.0,3,0,0,0,0
2021-07-05,COINQVEST LLC,1.0,1.0,3,0,0,0,0
2021-07-05,Keybase,1.0,1.0,3,0,0,0,0
2021-07-05,LOBSTR,1.0,1.0,5,0,0,0,0
2021-07-05,SatoshiPay,0.9981,0.9768,3,0,0,0,0
2021-07-05,Stellar Development Foundation,1.0,1.0,3,0,0,0,0
2021-07-05,Wirex Limited,1.0,1.0,3,0,0,0,0
2021-07-06,Blockdaemon Inc.,1.0,1.0,3,0,0,0,0
2021-07-06,COINQVEST LLC,1.0,1.0,3,0,0,0,0
2021-07-06,Keybase,1.0,1.0,3,0,0,0,0
2021-07-06,LOBSTR,1.0,1.0,5,0,0,0,0
2021-07-06,SatoshiPay,0.9908,0.9502,3,0,0,0,0
2021-07-06,Stellar Development Foundation,1.0,1.0,3,0,0,0,0
2021-07-06,Wirex Limited,1.0,1.0,3,0,0,0,0
2021-07-07,Blockdaemon Inc.,1.0,1.0,3,0,0,0,0
2021-07-07,COINQVEST LLC,1.0,1.0,3,0,0,0,0
2021-07-07,Keybase,1.0,1.0,3,0,0,0,0
2021-07-07,LOBSTR,1.0,1.0,5,0,0,0,0
2021-07-07,SatoshiPay,0.9715,0.9411,3,1,0,0,0
2021-07-07,Stellar Development Foundation,1.0,1.0,3,0,0,0,0
2021-07-07,Wirex Limited,1.0,1.0,3,0,0,0,0
2021-07-08,Blockdaemon Inc.,1.0,1.0,3,0,0,0,0
2021-07-08,COINQVEST LLC,1.0,1.0,3,0,0,0,0
2021-07-08,Keybase,1.0,1.0,3,0,0,0,0
2021-07-08,LOBSTR,1.0,1.0,5,0,0,0,0
2021-07-08,SatoshiPay,0.9903,0.9324,3,0,0,0,0
2021-07-08,Stellar Development Foundation,1.0,1.0,3,0,0,0,0
2021-07-08,Wirex Limited,1.0,1.0,3,0,0,0,0
2021-07-09,Blockdaemon Inc.,1.0,1.0,3,0,0,0,0
2021-07-09,COINQVEST LLC,1.0,1.0,3,0,0,0,0
2021-07-09,Keybase,1.0,1.0,3,0,0,0,0
2021-07-09,LOBSTR,1.0,1.0,5,0,0,0,0
2021-07-09,SatoshiPay,0.9942,0.9283,3,0,0,0,0
2021-07-09,Stellar Development Foundation,1.0,1.0,3,0,0,0,0
2021-07-09,Wirex Limited,1.0,1.0,3,0,0,0,0
2021-07-10,Blockdaemon Inc.,1.0,1.0,3,0,0,0,0
2021-07-10,COINQVEST LLC,1.0,1.0,3,0,0,0,0
2021-07-10,Keybase,1.0,1.0,3,0,0,0,0
2021-07-10,LOBSTR,1.0,1.0,5,0,0,0,0
2021-07-10,SatoshiPay,0.9925,0.9491,3,0,0,0,0
2021-07-10,Stellar Development Foundation,1.0,1.0,3,0,0,0,0
2021-07-10,Wirex Limited,1.0,1.0,3,0,0,0,0
2021-07-11,Blockdaemon Inc.,1.0,1.0,3,0,0,0,0
2021-07-11,COINQVEST LLC,1.0,1.0,3,0,0,0,0
2021-07-11,Keybase,1.0,1.0,3,0,0,0,0
2021-07-11,LOBSTR,1.0,1.0,5,0,0,0,0
2021-07-11,SatoshiPay,0.9981,0.9717,3,0,0,0,0
2021-07-11,Stellar Development Foundation,1.0,1.0,3,0,0,0,0
2021-07-11,Wirex Limited,1.0,1.0,3,0,0,0,0
2021-07-12,Blockdaemon Inc.,1.0,1.0,3,0,0,0,0
2021-07-12,COINQVEST LLC,1.0,1.0,3,0,0,0,0
2021-07-12,Keybase,1.0,1.0,3,0,0,0,0
2021-07-12,LOBSTR,1.0,1.0,5,0,0,0,0
2021-07-12,SatoshiPay,0.9959,0.8742,3,1,0,0,0
2021-07-12,Stellar Development Foundation,1.0,1.0,3,0,0,0,0
2021-07-12,Wirex Limited,1.0,1.0,3,0,0,0,0
2021-07-13,Blockdaemon Inc.,1.0,1.0,3,0,0,0,0
2021-07-13,COINQVEST LLC,1.0,1.0,3,0,0,0,0
2021-07-13,Keybase,1.0,1.0,3,0,0,0,0
2021-07-13,LOBSTR,1.0,1.0,5,0,0,0,0
2021-07-13,SatoshiPay,0.996,0.9702,3,0,0,0,0
2021-07-13,Stellar Development Foundation,1.0,1.0,3,0,0,0,0
2021-07-13,Wirex Limited,1.0,1.0,3,0,0,0,0
2021-07-14,Blockdaemon Inc.,1.0,1.0,3,0,0,0,0
2021-07-14,COINQVEST LLC,1.0,1.0,3,0,0,0,0
2021-07-14,Keybase,1.0,1.0,3,0,0,0,0
2021-07-14,LOBSTR,1.0,1.0,5,0,0,0,0
2021-07-14,SatoshiPay,0.994,0.9382,3,0,0,0,0
2021-07-14,Stellar Development Foundation,1.0,1.0,3,0,0,0,0
2021-07-14,Wirex Limited,1.0,1.0,3,0,0,0,0
2021-07-15,Blockdaemon Inc.,1.0,1.0,3,0,0,0,0
2021-07-15,COINQVEST LLC,1.0,1.0,3,0,0,0,0
2021-07-15,Keybase,1.0,1.0,3,0,0,0,0
2021-07-15,LOBSTR,1.0,1.0,5,0,0,0,0
2021-07-15,SatoshiPay,0.9981,0.9734,3,0,0,0,0
2021-07-15,Stellar Development Foundation,1.0,1.0,3,0,0,0,0
2021-07-15,Wirex Limited,1.0,1.0,3,0,0,0,0
2021-07-16,Blockdaemon Inc.,1.0,1.0,3,0,0,0,0
2021-07-16,COINQVEST LLC,1.0,1.0,3,0,0,0,0
2021-07-16,Keybase,1.0,1.0,3,0,0,0,0
2021-07-16,LOBSTR,1.0,1.0,5,0,0,0,0
2021-07-16,SatoshiPay,0.9961,0.9412,3,0,0,0,0
2021-07-16,Stellar Development Foundation,1.0,1.0,3,0,0,0,0
2021-07-16,Wirex Limited,1.0,1.0,3,0,0,0,0
2021-07-17,Blockdaemon Inc.,1.0,1.0,3,0,0,0,0
2021-07-17,COINQVEST LLC,1.0,0.998,3,0,0,0,0
2021-07-17,Keybase,1.0,1.0,3,0,0,0,0
2021-07-17,LOBSTR,1.0,1.0,5,0,0,0,0
2021-07-17,SatoshiPay,0.998,0.968,3,0,0,0,0
2021-07-17,Stellar Development Foundation,1.0,1.0,3,0,0,0,0
2021-07-17,Wirex Limited,1.0,1.0,3,0,0,0,0
2021-07-18,Blockdaemon Inc.,1.0,1.0,3,0,0,0,0
2021-07-18,COINQVEST LLC,1.0,1.0,3,0,0,0,0
2021-07-18,Keybase,1.0,1.0,3,0,0,0,0
2021-07-18,LOBSTR,1.0,1.0,5,0,0,0,0
2021-07-18,SatoshiPay,1.0,0.9764,3,0,0,0,0
2021-07-18,Stellar Development Foundation,1.0,1.0,3,0,0,0,0
2021-07-18,Wirex Limited,1.0,1.0,3,0,0,0,0
2021-07-19,Blockdaemon Inc.,1.0,1.0,3,0,0,0,0
2021-07-19,COINQVEST LLC,1.0,1.0,3,0,0,0,0
2021-07-19,Keybase,1.0,1.0,3,0,0,0,0
2021-07-19,LOBSTR,1.0,1.0,5,0,0,0,0
2021-07-19,SatoshiPay,0.9959,0.955,3,0,0,0,0
2021-07-19,Stellar Development Foundation,1.0,1.0,3,0,0,0,0
2021-07-19,Wirex Limited,1.0,0.9877,3,0,0,0,0
2021-07-20,Blockdaemon Inc.,1.0,1.0,3,0,0,0,0
2021-07-20,COINQVEST LLC,1.0,1.0,3,0,0,0,0
2021-07-20,Keybase,1.0,1.0,3,0,0,0,0
2021-07-20,LOBSTR,1.0,1.0,5,0,0,0,0
2021-07-20,SatoshiPay,0.9962,0.9808,3,0,0,0,0
2021-07-20,Stellar Development Foundation,1.0,1.0,3,0,0,0,0
2021-07-20,Wirex Limited,1.0,1.0,3,0,0,0,0
2021-07-21,Blockdaemon Inc.,1.0,1.0,3,0,0,0,0
2021-07-21,COINQVEST LLC,1.0,0.9981,3,0,0,0,0
2021-07-21,Keybase,1.0,1.0,3,0,0,0,0
2021-07-21,LOBSTR,1.0,1.0,5,0,0,0,0
2021-07-21,SatoshiPay,0.9868,0.949,3,1,0,0,0
2021-07-21,Stellar Development Foundation,1.0,1.0,3,0,0,0,0
2021-07-21,Wirex Limited,1.0,1.0,3,0,0,0,0
2021-07-22,Blockdaemon Inc.,1.0,1.0,3,0,0,0,0
2021-07-22,COINQVEST LLC,1.0,1.0,3,0,0,0,0
2021-07-22,Keybase,1.0,0.9981,3,0,0,0,0
2021-07-22,LOBSTR,1.0,1.0,5,0,0,0,0
2021-07-22,SatoshiPay,0.9962,0.9642,3,0,0,0,0
2021-07-22,Stellar Development Foundation,1.0,1.0,3,0,0,0,0
2021-07-22,Wirex Limited,1.0,1.0,3,0,0,0,0
2021-07-23,Blockdaemon Inc.,1.0,1.0,3,0,0,0,0
2021-07-23,COINQVEST LLC,1.0,1.0,3,0,0,0,0
2021-07-23,Keybase,1.0,1.0,3,0,0,0,0
2021-07-23,LOBSTR,1.0,1.0,5,0,0,0,0
2021-07-23,SatoshiPay,0.9981,0.8979,3,1,0,0,0
2021-07-23,Stellar Development Foundation,1.0,0.9924,3,0,0,0,0
2021-07-23,Wirex Limited,1.0,1.0,3,0,0,0,0
2021-07-24,Blockdaemon Inc.,1.0,1.0,3,0,0,0,0
2021-07-24,COINQVEST LLC,1.0,1.0,3,0,0,0,0
2021-07-24,Keybase,1.0,1.0,3,0,0,0,0
2021-07-24,LOBSTR,1.0,1.0,5,0,0,0,0
2021-07-24,SatoshiPay,0.9923,0.9768,3,0,0,0,0
2021-07-24,Stellar Development Foundation,1.0,1.0,3,0,0,0,0
2021-07-24,Wirex Limited,1.0,1.0,3,0,0,0,0
2021-07-25,Blockdaemon Inc.,1.0,1.0,3,0,0,0,0
2021-07-25,COINQVEST LLC,1.0,0.9982,3,0,0,0,0
2021-07-25,Keybase,1.0,1.0,3,0,0,0,0
2021-07-25,LOBSTR,1.0,1.0,5,0,0,0,0
2021-07-25,SatoshiPay,1.0,0.9852,3,0,0,0,0
2021-07-25,Stellar Development Foundation,1.0,1.0,3,0,0,0,0
2021-07-25,Wirex Limited,1.0,1.0,3,0,0,0,0
2021-07-26,Blockdaemon Inc.,1.0,1.0,3,0,0,0,0
2021-07-26,COINQVEST LLC,1.0,1.0,3,0,0,0,0
2021-07-26,Keybase,1.0,1.0,3,0,0,0,0
2021-07-26,LOBSTR,1.0,1.0,5,0,0,0,0
2021-07-26,SatoshiPay,0.9944,0.9426,3,0,0,0,0
2021-07-26,Stellar Development Foundation,1.0,1.0,3,0,0,0,0
2021-07-26,Wirex Limited,1.0,1.0,3,0,0,0,0
2021-07-27,Blockdaemon Inc.,1.0,1.0,3,0,0,0,0
2021-07-27,COINQVEST LLC,1.0,1.0,3,0,0,0,0
2021-07-27,Keybase,1.0,1.0,3,0,0,0,0
2021-07-27,LOBSTR,1.0,1.0,5,0,0,0,0
2021-07-27,SatoshiPay,0.9962,0.9847,3,0,0,0,0
2021-07-27,Stellar Development Foundation,1.0,1.0,3,0,0,0,0
2021-07-27,Wirex Limited,1.0,1.0,3,0,0,0,0
2021-07-28,Blockdaemon Inc.,1.0,1.0,3,0,0,0,0
2021-07-28,COINQVEST LLC,1.0,1.0,3,0,0,0,0
2021-07-28,Keybase,1.0,1.0,3,0,0,0,0
2021-07-28,LOBSTR,1.0,1.0,5,0,0,0,0
2021-07-28,SatoshiPay,0.9943,0.9222,3,0,0,0,0
2021-07-28,Stellar Development Foundation,1.0,1.0,3,0,0,0,0
2021-07-28,Wirex Limited,0.9962,0.9943,3,0,0,0,0
2021-07-29,Blockdaemon Inc.,1.0,0.9961,3,0,0,0,0
2021-07-29,COINQVEST LLC,1.0,1.0,3,0,0,0,0
2021-07-29,Keybase,1.0,1.0,3,0,0,0,0
2021-07-29,LOBSTR,1.0,1.0,5,0,0,0,0
2021-07-29,SatoshiPay,0.9981,0.9613,3,0,0,0,0
2021-07-29,Stellar Development Foundation,1.0,1.0,3,0,0,0,0
2021-07-29,Wirex Limited,1.0,1.0,3,0,0,0,0
2021-07-30,Blockdaemon Inc.,1.0,1.0,3,0,0,0,0
2021-07-30,COINQVEST LLC,1.0,1.0,3,0,0,0,0
2021-07-30,Keybase,1.0,1.0,3,0,0,0,0
2021-07-30,LOBSTR,1.0,1.0,5,0,0,0,0
2021-07-30,SatoshiPay,0.9922,0.9535,3,0,0,0,0
2021-07-30,Stellar Development Foundation,1.0,1.0,3,0,0,0,0
2021-07-30,Wirex Limited,1.0,1.0,3,0,0,0,0
2021-07-31,Blockdaemon Inc.,1.0,1.0,3,0,0,0,0
2021-07-31,COINQVEST LLC,1.0,1.0,3,0,0,0,0
2021-07-31,Keybase,1.0,1.0,3,0,0,0,0
2021-07-31,LOBSTR,1.0,1.0,5,0,0,0,0
2021-07-31,SatoshiPay,0.9981,0.9807,3,0,0,0,0
2021-07-31,Stellar Development Foundation,1.0,1.0,3,0,0,0,0
2021-07-31,Wirex Limited,1.0,0.9981,3,0,0,0,0
2021-08-01,Blockdaemon Inc.,1.0,1.0,3,0,0,0,0
2021-08-01,COINQVEST LLC,1.0,1.0,3,0,0,0,0
2021-08-01,Keybase,1.0,1.0,3,0,0,0,0
2021-08-01,LOBSTR,1.0,1.0,5,0,0,0,0
2021-08-01,SatoshiPay,0.9959,0.8857,3,1,0,0,0
2021-08-01,Stellar Development Foundation,1.0,1.0,3,0,0,0,0
2021-08-01,Wirex Limited,1.0,1.0,3,0,0,0,0
2021-08-02,Blockdaemon Inc.,1.0,1.0,3,0,0,0,0
2021-08-02,COINQVEST LLC,1.0,0.998,3,0,0,0,0
2021-08-02,Keybase,1.0,0.998,3,0,0,0,0
2021-08-02,LOBSTR,1.0,1.0,5,0,0,0,0
2021-08-02,SatoshiPay,0.9857,0.8289,3,1,0,0,0
2021-08-02,Stellar Development Foundation,1.0,1.0,3,0,0,0,0
2021-08-02,Wirex Limited,1.0,1.0,3,0,0,0,0
2021-08-03,Blockdaemon Inc.,1.0,1.0,3,0,0,0,0
2021-08-03,COINQVEST LLC,1.0,1.0,3,0,0,0,0
2021-08-03,Keybase,1.0,1.0,3,0,0,0,0
2021-08-03,LOBSTR,1.0,1.0,5,0,0,0,0
2021-08-03,SatoshiPay,0.9859,0.8202,3,1,0,0,0
2021-08-03,Stellar Development Foundation,1.0,1.0,3,0,0,0,0
2021-08-03,Wirex Limited,1.0,1.0,3,0,0,0,0
2021-08-04,Blockdaemon Inc.,1.0,1.0,3,0,0,0,0
2021-08-04,COINQVEST LLC,1.0,1.0,3,0,0,0,0
2021-08-04,Keybase,1.0,1.0,3,0,0,0,0
2021-08-04,LOBSTR,1.0,1.0,5,0,0,0,0
2021-08-04,SatoshiPay,0.9739,0.9098,3,1,1,0,0
2021-08-04,Stellar Development Foundation,1.0,1.0,3,0,0,0,0
2021-08-04,Wirex Limited,1.0,1.0,3,0,0,0,0
2021-08-05,Blockdaemon Inc.,1.0,1.0,3,0,0,0,0
2021-08-05,COINQVEST LLC,1.0,0.998,3,0,0,0,0
2021-08-05,Keybase,1.0,1.0,3,0,0,0,0
2021-08-05,LOBSTR,1.0,1.0,5,0,0,0,0
2021-08-05,SatoshiPay,0.998,0.9594,3,0,1,0,0
2021-08-05,Stellar Development Foundation,1.0,1.0,3,0,0,0,0
2021-08-05,Wirex Limited,1.0,1.0,3,0,0,0,0
2021-08-06,Blockdaemon Inc.,1.0,1.0,3,0,0,0,0
2021-08-06,COINQVEST LLC,1.0,1.0,3,0,0,0,0
2021-08-06,Keybase,1.0,1.0,3,0,0,0,0
2021-08-06,LOBSTR,1.0,1.0,5,0,0,0,0
2021-08-06,SatoshiPay,0.992,0.936,3,0,1,0,0
2021-08-06,Stellar Development Foundation,1.0,1.0,3,0,0,0,0
2021-08-06,Wirex Limited,1.0,1.0,3,0,0,0,0
2021-08-07,Blockdaemon Inc.,1.0,1.0,3,0,0,0,0
2021-08-07,COINQVEST LLC,1.0,1.0,3,0,0,0,0
2021-08-07,Keybase,1.0,1.0,3,0,0,0,0
2021-08-07,LOBSTR,1.0,0.998,5,0,0,0,0
2021-08-07,SatoshiPay,0.998,0.968,3,0,1,0,0
2021-08-07,Stellar Development Foundation,1.0,1.0,3,0,0,0,0
2021-08-07,Wirex Limited,1.0,1.0,3,0,0,0,0
2021-08-08,Blockdaemon Inc.,1.0,1.0,3,0,0,0,0
2021-08-08,COINQVEST LLC,1.0,1.0,3,0,0,0,0
2021-08-08,Keybase,1.0,1.0,3,0,0,0,0
2021-08-08,LOBSTR,1.0,1.0,5,0,0,0,0
2021-08-08,SatoshiPay,0.996,0.9658,3,0,1,0,0
2021-08-08,Stellar Development Foundation,1.0,1.0,3,0,0,0,0
2021-08-08,Wirex Limited,1.0,1.0,3,0,0,0,0
2021-08-09,Blockdaemon Inc.,1.0,1.0,3,0,0,0,0
2021-08-09,COINQVEST LLC,1.0,0.9979,3,0,0,0,0
2021-08-09,Keybase,1.0,1.0,3,0,0,0,0
2021-08-09,LOBSTR,1.0,1.0,5,0,0,0,0
2021-08-09,SatoshiPay,0.9916,0.9413,3,0,0,0,0
2021-08-09,Stellar Development Foundation,1.0,1.0,3,0,0,0,0
2021-08-09,Wirex Limited,1.0,1.0,3,0,0,0,0
2021-08-10,Blockdaemon Inc.,1.0,1.0,3,0,0,0,0
2021-08-10,COINQVEST LLC,1.0,0.998,3,0,0,0,0
2021-08-10,Keybase,1.0,1.0,3,0,0,0,0
2021-08-10,LOBSTR,1.0,1.0,5,0,0,0,0
2021-08-10,SatoshiPay,0.9919,0.9474,3,0,0,0,0
2021-08-10,Stellar Development Foundation,1.0,1.0,3,0,0,0,0
2021-08-10,Wirex Limited,1.0,1.0,3,0,0,0,0
2021-08-11,Blockdaemon Inc.,1.0,1.0,3,0,0,0,0
2021-08-11,COINQVEST LLC,1.0,1.0,3,0,0,0,0
2021-08-11,Keybase,1.0,1.0,3,0,0,0,0
2021-08-11,LOBSTR,1.0,1.0,5,0,0,0,0
2021-08-11,SatoshiPay,0.9874,0.9393,3,1,0,0,0
2021-08-11,Stellar Development Foundation,1.0,1.0,3,0,0,0,0
2021-08-11,Wirex Limited,1.0,1.0,3,0,0,0,0
2021-08-12,Blockdaemon Inc.,1.0,0.9879,3,0,0,0,0
2021-08-12,COINQVEST LLC,1.0,0.996,3,0,0,0,0
2021-08-12,Keybase,1.0,1.0,3,0,0,0,0
2021-08-12,LOBSTR,1.0,1.0,5,0,0,0,0
2021-08-12,SatoshiPay,0.992,0.8974,3,1,0,0,0
2021-08-12,Stellar Development Foundation,1.0,1.0,3,0,0,0,0
2021-08-12,Wirex Limited,1.0,1.0,3,0,0,0,0
2021-08-13,Blockdaemon Inc.,1.0,1.0,3,0,0,0,0
2021-08-13,COINQVEST LLC,1.0,0.9961,3,0,0,0,0
2021-08-13,Keybase,1.0,1.0,3,0,0,0,0
2021-08-13,LOBSTR,1.0,0.998,5,0,0,0,0
2021-08-13,SatoshiPay,0.9902,0.8412,3,1,0,0,0
2021-08-13,Stellar Development Foundation,1.0,1.0,3,0,0,0,0
2021-08-13,Wirex Limited,1.0,1.0,3,0,0,0,0
2021-08-14,Blockdaemon Inc.,1.0,1.0,3,0,0,0,0
2021-08-14,COINQVEST LLC,1.0,1.0,3,0,0,0,0
2021-08-14,Keybase,1.0,1.0,3,0,0,0,0
2021-08-14,LOBSTR,1.0,1.0,5,0,0,0,0
2021-08-14,SatoshiPay,0.9962,0.9548,3,0,0,0,0
2021-08-14,Stellar Development Foundation,1.0,1.0,3,0,0,0,0
2021-08-14,Wirex Limited,1.0,1.0,3,0,0,0,0
2021-08-15,Blockdaemon Inc.,1.0,1.0,3,0,0,0,0
2021-08-15,COINQVEST LLC,1.0,1.0,3,0,0,0,0
2021-08-15,Keybase,1.0,0.9981,3,0,0,0,0
2021-08-15,LOBSTR,1.0,1.0,5,0,0,0,0
2021-08-15,SatoshiPay,0.9924,0.9318,3,0,0,0,0
2021-08-15,Stellar Development Foundation,1.0,1.0,3,0,0,0,0
2021-08-15,Wirex Limited,1.0,1.0,3,0,0,0,0
2021-08-16,Blockdaemon Inc.,1.0,1.0,3,0,0,0,0
2021-08-16,COINQVEST LLC,1.0,1.0,3,0,0,0,0
2021-08-16,Keybase,1.0,1.0,3,0,0,0,0
2021-08-16,LOBSTR,1.0,1.0,5,0,0,0,0
2021-08-16,SatoshiPay,0.9809,0.8566,3,1,0,0,0
2021-08-16,Stellar Development Foundation,1.0,1.0,3,0,0,0,0
2021-08-16,Wirex Limited,1.0,1.0,3,0,0,0,0
2021-08-17,Blockdaemon Inc.,1.0,1.0,3,0,0,0,0
2021-08-17,COINQVEST LLC,1.0,0.9981,3,0,0,0,0
2021-08-17,Keybase,1.0,1.0,3,0,0,0,0
2021-08-17,LOBSTR,1.0,0.9981,5,0,0,0,0
2021-08-17,SatoshiPay,0.9981,0.9188,3,0,0,0,0
2021-08-17,Stellar Development Foundation,1.0,1.0,3,0,0,0,0
2021-08-17,Wirex Limited,1.0,1.0,3,0,0,0,0
2021-08-18,Blockdaemon Inc.,1.0,1.0,3,0,0,0,0
2021-08-18,COINQVEST LLC,1.0,0.9981,3,0,0,0,0
2021-08-18,Keybase,1.0,1.0,3,0,0,0,0
2021-08-18,LOBSTR,1.0,1.0,5,0,0,0,0
2021-08-18,SatoshiPay,0.9942,0.9188,3,0,0,0,0
2021-08-18,Stellar Development Foundation,1.0,1.0,3,0,0,0,0
2021-08-18,Wirex Limited,1.0,1.0,3,0,0,0,0
2021-08-19,Blockdaemon Inc.,1.0,1.0,3,0,0,0,0
2021-08-19,COINQVEST LLC,1.0,1.0,3,0,0,0,0
2021-08-19,Keybase,1.0,1.0,3,0,0,0,0
2021-08-19,LOBSTR,1.0,0.998,5,0,0,0,0
2021-08-19,SatoshiPay,0.996,0.9541,3,0,0,0,0
2021-08-19,Stellar Development Foundation,1.0,1.0,3,0,0,0,0
2021-08-19,Wirex Limited,1.0,1.0,3,0,0,0,0
2021-08-20,Blockdaemon Inc.,1.0,1.0,3,0,0,0,0
2021-08-20,COINQVEST LLC,1.0,1.0,3,0,0,0,0
2021-08-20,Keybase,1.0,1.0,3,0,0,0,0
2021-08-20,LOBSTR,1.0,1.0,5,0,0,0,0
2021-08-20,SatoshiPay,1.0,0.9679,3,0,0,0,0
2021-08-20,Stellar Development Foundation,1.0,1.0,3,0,0,0,0
2021-08-20,Wirex Limited,1.0,1.0,3,0,0,0,0
2021-08-21,Blockdaemon Inc.,1.0,1.0,3,0,0,0,0
2021-08-21,COINQVEST LLC,1.0,1.0,3,0,0,0,0
2021-08-21,Keybase,1.0,1.0,3,0,0,0,0
2021-08-21,LOBSTR,1.0,1.0,5,0,0,0,0
2021-08-21,SatoshiPay,0.9961,0.951,3,0,0,0,0
2021-08-21,Stellar Development Foundation,1.0,1.0,3,0,0,0,0
2021-08-21,Wirex Limited,1.0,1.0,3,0,0,0,0
2021-08-22,Blockdaemon Inc.,1.0,1.0,3,0,0,0,0
2021-08-22,COINQVEST LLC,1.0,1.0,3,0,0,0,0
2021-08-22,Keybase,1.0,1.0,3,0,0,0,0
2021-08-22,LOBSTR,1.0,1.0,5,0,0,0,0
2021-08-22,SatoshiPay,1.0,0.9746,3,0,0,0,0
2021-08-22,Stellar Development Foundation,1.0,1.0,3,0,0,0,0
2021-08-22,Wirex Limited,1.0,1.0,3,0,0,0,0
2021-08-23,Blockdaemon Inc.,1.0,1.0,3,0,0,0,0
2021-08-23,COINQVEST LLC,1.0,0.998,3,0,0,0,0
2021-08-23,Keybase,1.0,1.0,3,0,0,0,0
2021-08-23,LOBSTR,1.0,1.0,5,0,0,0,0
2021-08-23,SatoshiPay,0.994,0.9178,3,0,0,0,0
2021-08-23,Stellar Development Foundation,1.0,0.998,3,0,0,0,0
2021-08-23,Wirex Limited,1.0,1.0,3,0,0,0,0
2021-08-24,Blockdaemon Inc.,1.0,1.0,3,0,0,0,0
2021-08-24,COINQVEST LLC,1.0,1.0,3,0,0,0,0
2021-08-24,Keybase,1.0,1.0,3,0,0,0,0
2021-08-24,LOBSTR,1.0,1.0,5,0,0,0,0
2021-08-24,SatoshiPay,0.9981,0.95,3,0,0,0,0
2021-08-24,Stellar Development Foundation,1.0,1.0,3,0,0,0,0
2021-08-24,Wirex Limited,1.0,1.0,3,0,0,0,0
2021-08-25,Blockdaemon Inc.,1.0,1.0,3,0,0,0,0
2021-08-25,COINQVEST LLC,1.0,1.0,3,0,0,0,0
2021-08-25,Keybase,1.0,1.0,3,0,0,0,0
2021-08-25,LOBSTR,1.0,1.0,5,0,0,0,0
2021-08-25,SatoshiPay,0.9672,0.8092,3,1,0,0,0
2021-08-25,Stellar Development Foundation,1.0,1.0,3,0,0,0,0
2021-08-25,Wirex Limited,1.0,0.9961,3,0,0,0,0
2021-08-26,Blockdaemon Inc.,1.0,1.0,3,0,0,0,0
2021-08-26,COINQVEST LLC,1.0,1.0,3,0,0,0,0
2021-08-26,Keybase,1.0,0.4682,3,1,0,0,0
2021-08-26,LOBSTR,1.0,1.0,5,0,0,0,0
2021-08-26,SatoshiPay,0.9981,0.9191,3,0,0,0,0
2021-08-26,Stellar Development Foundation,1.0,1.0,3,0,0,0,0
2021-08-26,Wirex Limited,1.0,1.0,3,0,0,0,0
2021-08-27,Blockdaemon Inc.,1.0,1.0,3,0,0,0,0
2021-08-27,COINQVEST LLC,1.0,1.0,3,0,0,0,0
2021-08-27,Keybase,1.0,0.7184,3,1,0,0,0
2021-08-27,LOBSTR,1.0,1.0,5,0,0,0,0
2021-08-27,SatoshiPay,0.9981,0.934,3,0,0,0,0
2021-08-27,Stellar Development Foundation,1.0,1.0,3,0,0,0,0
2021-08-27,Wirex Limited,1.0,1.0,3,0,0,0,0
2021-08-28,Blockdaemon Inc.,1.0,1.0,3,0,0,0,0
2021-08-28,COINQVEST LLC,1.0,1.0,3,0,0,0,0
2021-08-28,Keybase,1.0,1.0,3,0,0,0,0
2021-08-28,LOBSTR,1.0,1.0,5,0,0,0,0
2021-08-28,SatoshiPay,0.9962,0.8664,3,1,0,0,0
2021-08-28,Stellar Development Foundation,1.0,1.0,3,0,0,0,0
2021-08-28,Wirex Limited,1.0,1.0,3,0,0,0,0
2021-08-29,Blockdaemon Inc.,1.0,1.0,3,0,0,0,0
2021-08-29,COINQVEST LLC,1.0,1.0,3,0,0,0,0
2021-08-29,Keybase,1.0,1.0,3,0,0,0,0
2021-08-29,LOBSTR,1.0,0.9981,5,0,0,0,0
2021-08-29,SatoshiPay,1.0,0.9811,3,0,0,0,0
2021-08-29,Stellar Development Foundation,1.0,1.0,3,0,0,0,0
2021-08-29,Wirex Limited,1.0,1.0,3,0,0,0,0
2021-08-30,Blockdaemon Inc.,1.0,1.0,3,0,0,0,0
2021-08-30,COINQVEST LLC,1.0,1.0,3,0,0,0,0
2021-08-30,Keybase,1.0,1.0,3,0,0,0,0
2021-08-30,LOBSTR,1.0,0.9771,5,0,0,0,0
2021-08-30,SatoshiPay,0.9943,0.9561,3,0,0,0,0
2021-08-30,Stellar Development Foundation,1.0,1.0,3,0,0,0,0
2021-08-30,Wirex Limited,1.0,1.0,3,0,0,0,0
2021-08-31,Blockdaemon Inc.,1.0,1.0,3,0,0,0,0
2021-08-31,COINQVEST LLC,1.0,1.0,3,0,0,0,0
2021-08-31,Keybase,1.0,1.0,3,0,0,0,0
2021-08-31,LOBSTR,1.0,0.9386,5,0,0,0,0
2021-08-31,SatoshiPay,0.9904,0.8714,3,1,0,0,0
2021-08-31,Stellar Development Foundation,1.0,1.0,3,0,0,0,0
2021-08-31,Wirex Limited,1.0,1.0,3,0,0,0,0
2021-09-01,Blockdaemon Inc.,1.0,1.0,3,0,0,0,0
2021-09-01,COINQVEST LLC,1.0,1.0,3,0,0,0,0
2021-09-01,Keybase,1.0,1.0,3,0,0,0,0
2021-09-01,LOBSTR,1.0,0.9942,5,0,0,0,0
2021-09-01,SatoshiPay,0.6673,0.47,3,1,0,1,0
2021-09-01,Stellar Development Foundation,1.0,1.0,3,0,0,0,0
2021-09-01,Wirex Limited,1.0,1.0,3,0,0,0,0
2021-09-02,Blockdaemon Inc.,1.0,1.0,3,0,0,0,0
2021-09-02,COINQVEST LLC,1.0,0.998,3,0,0,0,0
2021-09-02,Keybase,1.0,1.0,3,0,0,0,0
2021-09-02,LOBSTR,1.0,1.0,5,0,0,0,0
2021-09-02,SatoshiPay,0.998,0.9628,3,0,0,0,0
2021-09-02,Stellar Development Foundation,1.0,1.0,3,0,0,0,0
2021-09-02,Wirex Limited,1.0,1.0,3,0,0,0,0
2021-09-03,Blockdaemon Inc.,1.0,0.9961,3,0,0,0,0
2021-09-03,COINQVEST LLC,1.0,0.9961,3,0,0,0,0
2021-09-03,Keybase,1.0,0.9786,3,0,0,0,0
2021-09-03,LOBSTR,1.0,0.9942,5,0,0,0,0
2021-09-03,SatoshiPay,1.0,0.965,3,0,0,0,0
2021-09-03,Stellar Development Foundation,1.0,1.0,3,0,0,0,0
2021-09-03,Wirex Limited,1.0,1.0,3,0,0,0,0
2021-09-04,Blockdaemon Inc.,1.0,1.0,3,0,0,0,0
2021-09-04,COINQVEST LLC,1.0,0.9981,3,0,0,0,0
2021-09-04,Keybase,1.0,0.9787,3,0,0,0,0
2021-09-04,LOBSTR,1.0,0.9961,5,0,0,0,0
2021-09-04,SatoshiPay,1.0,0.9981,3,0,0,0,0
2021-09-04,Stellar Development Foundation,1.0,1.0,3,0,0,0,0
2021-09-04,Wirex Limited,1.0,1.0,3,0,0,0,0
2021-09-05,Blockdaemon Inc.,1.0,1.0,3,0,0,0,0
2021-09-05,COINQVEST LLC,1.0,0.998,3,0,0,0,0
2021-09-05,Keybase,1.0,0.9842,3,0,0,0,0
2021-09-05,LOBSTR,1.0,0.9941,5,0,0,0,0
2021-09-05,SatoshiPay,1.0,0.5937,3,1,0,0,0
2021-09-05,Stellar Development Foundation,1.0,1.0,3,0,0,0,0
2021-09-05,Wirex Limited,1.0,1.0,3,0,0,0,0
2021-09-06,Blockdaemon Inc.,1.0,1.0,3,0,0,0,0
2021-09-06,COINQVEST LLC,1.0,1.0,3,0,0,0,0
2021-09-06,Keybase,1.0,1.0,3,0,0,0,0
2021-09-06,LOBSTR,1.0,1.0,5,0,0,0,0
2021-09-06,SatoshiPay,1.0,0.9902,3,0,0,0,0
2021-09-06,Stellar Development Foundation,1.0,1.0,3,0,0,0,0
2021-09-06,Wirex Limited,1.0,1.0,3,0,0,0,0
2021-09-07,Blockdaemon Inc.,1.0,1.0,3,0,0,0,0
2021-09-07,COINQVEST LLC,1.0,0.9981,3,0,0,0,0
2021-09-07,Keybase,1.0,1.0,3,0,0,0,0
2021-09-07,LOBSTR,1.0,1.0,5,0,0,0,0
2021-09-07,SatoshiPay,1.0,0.9962,3,0,0,0,0
2021-09-07,Stellar Development Foundation,1.0,1.0,3,0,0,0,0
2021-09-07,Wirex Limited,1.0,0.9962,3,0,0,0,0
2021-09-08,Blockdaemon Inc.,1.0,1.0,3,0,0,0,0
2021-09-08,COINQVEST LLC,1.0,1.0,3,0,0,0,0
2021-09-08,Keybase,1.0,1.0,3,0,0,0,0
2021-09-08,LOBSTR,1.0,1.0,5,0,0,0,0
2021-09-08,SatoshiPay,0.9942,0.9578,3,0,0,0,0
2021-09-08,Stellar Development Foundation,1.0,1.0,3,0,0,0,0
2021-09-08,Wirex Limited,1.0,1.0,3,0,0,0,0
2021-09-09,Blockdaemon Inc.,1.0,1.0,3,0,0,0,0
2021-09-09,COINQVEST LLC,1.0,1.0,3,0,0,0,0
2021-09-09,Keybase,1.0,1.0,3,0,0,0,0
2021-09-09,LOBSTR,1.0,1.0,5,0,0,0,0
2021-09-09,SatoshiPay,1.0,0.8951,3,1,0,0,0
2021-09-09,Stellar Development Foundation,1.0,1.0,3,0,0,0,0
2021-09-09,Wirex Limited,1.0,1.0,3,0,0,0,0
2021-09-10,Blockdaemon Inc.,1.0,1.0,3,0,0,0,0
2021-09-10,COINQVEST LLC,1.0,1.0,3,0,0,0,0
2021-09-10,Keybase,1.0,1.0,3,0,0,0,0
2021-09-10,LOBSTR,1.0,1.0,5,0,0,0,0
2021-09-10,SatoshiPay,0.9635,0.0,3,1,0,1,0
2021-09-10,Stellar Development Foundation,1.0,1.0,3,0,0,0,0
2021-09-10,Wirex Limited,1.0,1.0,3,0,0,0,0
2021-09-11,Blockdaemon Inc.,1.0,1.0,3,0,0,0,0
2021-09-11,COINQVEST LLC,1.0,0.9981,3,0,0,0,0
2021-09-11,Keybase,1.0,1.0,3,0,0,0,0
2021-09-11,LOBSTR,1.0,1.0,5,0,0,0,0
2021-09-11,SatoshiPay,0.9655,0.0,3,1,0,1,0
2021-09-11,Stellar Development Foundation,1.0,1.0,3,0,0,0,0
2021-09-11,Wirex Limited,1.0,1.0,3,0,0,0,0
2021-09-12,Blockdaemon Inc.,1.0,1.0,3,0,0,0,0
2021-09-12,COINQVEST LLC,1.0,1.0,3,0,0,0,0
2021-09-12,Keybase,1.0,1.0,3,0,0,0,0
2021-09-12,LOBSTR,1.0,1.0,5,0,0,0,0
2021-09-12,SatoshiPay,0.9495,0.0,3,1,1,1,0
2021-09-12,Stellar Development Foundation,1.0,1.0,3,0,0,0,0
2021-09-12,Wirex Limited,1.0,1.0,3,0,0,0,0
2021-09-13,Blockdaemon Inc.,1.0,1.0,3,0,0,0,0
2021-09-13,COINQVEST LLC,1.0,1.0,3,0,0,0,0
2021-09-13,Keybase,1.0,0.9981,3,0,0,0,0
2021-09-13,LOBSTR,1.0,1.0,5,0,0,0,0
2021-09-13,SatoshiPay,0.9564,0.0,3,1,1,1,0
2021-09-13,Stellar Development Foundation,1.0,1.0,3,0,0,0,0
2021-09-13,Wirex Limited,1.0,0.9564,3,0,0,0,0
2021-09-14,Blockdaemon Inc.,1.0,1.0,3,0,0,0,0
2021-09-14,COINQVEST LLC,1.0,1.0,3,0,0,0,0
2021-09-14,Keybase,1.0,1.0,3,0,0,0,0
2021-09-14,LOBSTR,1.0,1.0,5,0,0,0,0
2021-09-14,SatoshiPay,0.97,0.0675,3,1,1,1,0
2021-09-14,Stellar Development Foundation,1.0,1.0,3,0,0,0,0
2021-09-14,Wirex Limited,1.0,1.0,3,0,0,0,0
2021-09-15,Blockdaemon Inc.,1.0,1.0,3,0,0,0,0
2021-09-15,COINQVEST LLC,1.0,1.0,3,0,0,0,0
2021-09-15,Keybase,1.0,1.0,3,0,0,0,0
2021-09-15,LOBSTR,1.0,0.9981,5,0,0,0,0
2021-09-15,SatoshiPay,0.9981,0.9605,3,0,1,0,0
2021-09-15,Stellar Development Foundation,1.0,1.0,3,0,0,0,0
2021-09-15,Wirex Limited,1.0,1.0,3,0,0,0,0
2021-09-16,Blockdaemon Inc.,1.0,1.0,3,0,0,0,0
2021-09-16,COINQVEST LLC,1.0,1.0,3,0,0,0,0
2021-09-16,Keybase,1.0,1.0,3,0,0,0,0
2021-09-16,LOBSTR,1.0,0.9981,5,0,0,0,0
2021-09-16,SatoshiPay,0.9981,0.9773,3,0,1,0,0
2021-09-16,Stellar Development Foundation,1.0,1.0,3,0,0,0,0
2021-09-16,Wirex Limited,1.0,1.0,3,0,0,0,0
2021-09-17,Blockdaemon Inc.,1.0,1.0,3,0,0,0,0
2021-09-17,COINQVEST LLC,1.0,1.0,3,0,0,0,0
2021-09-17,Keybase,1.0,1.0,3,0,0,0,0
2021-09-17,LOBSTR,1.0,0.9906,5,0,0,0,0
2021-09-17,SatoshiPay,0.9981,0.968,3,0,1,0,0
2021-09-17,Stellar Development Foundation,1.0,1.0,3,0,0,0,0
2021-09-17,Wirex Limited,1.0,1.0,3,0,0,0,0
2021-09-18,Blockdaemon Inc.,1.0,1.0,3,0,0,0,0
2021-09-18,COINQVEST LLC,1.0,1.0,3,0,0,0,0
2021-09-18,Keybase,1.0,1.0,3,0,0,0,0
2021-09-18,LOBSTR,1.0,0.9944,5,0,0,0,0
2021-09-18,SatoshiPay,0.9981,0.9571,3,0,1,0,0
2021-09-18,Stellar Development Foundation,1.0,1.0,3,0,0,0,0
2021-09-18,Wirex Limited,1.0,1.0,3,0,0,0,0
2021-09-19,Blockdaemon Inc.,1.0,0.9981,3,0,0,0,0
2021-09-19,COINQVEST LLC,1.0,1.0,3,0,0,0,0
2021-09-19,Keybase,1.0,0.9981,3,0,0,0,0
2021-09-19,LOBSTR,1.0,0.9981,5,0,0,0,0
2021-09-19,SatoshiPay,0.9963,0.9813,3,0,0,0,0
2021-09-19,Stellar Development Foundation,1.0,1.0,3,0,0,0,0
2021-09-19,Wirex Limited,1.0,1.0,3,0,0,0,0
2021-09-20,Blockdaemon Inc.,1.0,1.0,3,0,0,0,0
2021-09-20,COINQVEST LLC,1.0,1.0,3,0,0,0,0
2021-09-20,Keybase,1.0,1.0,3,0,0,0,0
2021-09-20,LOBSTR,1.0,1.0,5,0,0,0,0
2021-09-20,SatoshiPay,0.9981,0.9639,3,0,0,0,0
2021-09-20,Stellar Development Foundation,1.0,1.0,3,0,0,0,0
2021-09-20,Wirex Limited,1.0,1.0,3,0,0,0,0
2021-09-21,Blockdaemon Inc.,1.0,1.0,3,0,0,0,0
2021-09-21,COINQVEST LLC,1.0,1.0,3,0,0,0,0
2021-09-21,Keybase,1.0,0.9981,3,0,0,0,0
2021-09-21,LOBSTR,1.0,1.0,5,0,0,0,0
2021-09-21,SatoshiPay,0.9981,0.9809,3,0,0,0,0
2021-09-21,Stellar Development Foundation,1.0,1.0,3,0,0,0,0
2021-09-21,Wirex Limited,1.0,1.0,3,0,0,0,0
2021-09-22,Blockdaemon Inc.,1.0,1.0,3,0,0,0,0
2021-09-22,COINQVEST LLC,1.0,1.0,3,0,0,0,0
2021-09-22,Keybase,1.0,0.998,3,0,0,0,0
2021-09-22,LOBSTR,1.0,0.998,5,0,0,0,0
2021-09-22,SatoshiPay,0.9922,0.9529,3,0,0,0,0
2021-09-22,Stellar Development Foundation,1.0,1.0,3,0,0,0,0
2021-09-22,Wirex Limited,1.0,1.0,3,0,0,0,0
2021-09-23,Blockdaemon Inc.,1.0,1.0,3,0,0,0,0
2021-09-23,COINQVEST LLC,1.0,1.0,3,0,0,0,0
2021-09-23,Keybase,1.0,1.0,3,0,0,0,0
2021-09-23,LOBSTR,1.0,0.9981,5,0,0,0,0
2021-09-23,SatoshiPay,0.9961,0.9691,3,0,0,0,0
2021-09-23,Stellar Development Foundation,1.0,1.0,3,0,0,0,0
2021-09-23,Wirex Limited,1.0,1.0,3,0,0,0,0
2021-09-24,Blockdaemon Inc.,1.0,1.0,3,0,0,0,0
2021-09-24,COINQVEST LLC,1.0,1.0,3,0,0,0,0
2021-09-24,Keybase,1.0,1.0,3,0,0,0,0
2021-09-24,LOBSTR,1.0,1.0,5,0,0,0,0
2021-09-24,SatoshiPay,1.0,0.9551,3,0,0,0,0
2021-09-24,Stellar Development Foundation,1.0,1.0,3,0,0,0,0
2021-09-24,Wirex Limited,1.0,1.0,3,0,0,0,0
2021-09-25,Blockdaemon Inc.,1.0,1.0,3,0,0,0,0
2021-09-25,COINQVEST LLC,1.0,1.0,3,0,0,0,0
2021-09-25,Keybase,1.0,1.0,3,0,0,0,0
2021-09-25,LOBSTR,1.0,0.998,5,0,0,0,0
2021-09-25,SatoshiPay,1.0,0.9665,3,0,0,0,0
2021-09-25,Stellar Development Foundation,1.0,1.0,3,0,0,0,0
2021-09-25,Wirex Limited,1.0,1.0,3,0,0,0,0
2021-09-26,Blockdaemon Inc.,1.0,0.998,3,0,0,0,0
2021-09-26,COINQVEST LLC,1.0,1.0,3,0,0,0,0
2021-09-26,Keybase,1.0,1.0,3,0,0,0,0
2021-09-26,LOBSTR,1.0,1.0,5,0,0,0,0
2021-09-26,SatoshiPay,1.0,0.9588,3,0,0,0,0
2021-09-26,Stellar Development Foundation,1.0,1.0,3,0,0,0,0
2021-09-26,Wirex Limited,1.0,1.0,3,0,0,0,0
2021-09-27,Blockdaemon Inc.,1.0,1.0,3,0,0,0,0
2021-09-27,COINQVEST LLC,1.0,1.0,3,0,0,0,0
2021-09-27,Keybase,1.0,1.0,3,0,0,0,0
2021-09-27,LOBSTR,1.0,1.0,5,0,0,0,0
2021-09-27,SatoshiPay,0.998,0.9416,3,0,0,0,0
2021-09-27,Stellar Development Foundation,1.0,0.998,3,0,0,0,0
2021-09-27,Wirex Limited,1.0,1.0,3,0,0,0,0
2021-09-28,Blockdaemon Inc.,1.0,1.0,3,0,0,0,0
2021-09-28,COINQVEST LLC,1.0,1.0,3,0,0,0,0
2021-09-28,Keybase,1.0,1.0,3,0,0,0,0
2021-09-28,LOBSTR,1.0,1.0,5,0,0,0,0
2021-09-28,SatoshiPay,1.0,0.9573,3,0,0,0,0
2021-09-28,Stellar Development Foundation,1.0,1.0,3,0,0,0,0
2021-09-28,Wirex Limited,1.0,1.0,3,0,0,0,0
2021-09-29,Blockdaemon Inc.,1.0,1.0,3,0,0,0,0
2021-09-29,COINQVEST LLC,1.0,0.998,3,0,0,0,0
2021-09-29,Keybase,1.0,1.0,3,0,0,0,0
2021-09-29,LOBSTR,1.0,1.0,5,0,0,0,0
2021-09-29,SatoshiPay,0.998,0.947,3,0,0,0,0
2021-09-29,Stellar Development Foundation,1.0,1.0,3,0,0,0,0
2021-09-29,Wirex Limited,1.0,0.998,3,0,0,0,0
2021-09-30,Blockdaemon Inc.,1.0,1.0,3,0,0,0,0
2021-09-30,COINQVEST LLC,1.0,1.0,3,0,0,0,0
2021-09-30,Keybase,1.0,1.0,3,0,0,0,0
2021-09-30,LOBSTR,1.0,0.9961,5,0,0,0,0
2021-09-30,SatoshiPay,1.0,0.9172,3,0,0,0,0
2021-09-30,Stellar Development Foundation,1.0,1.0,3,0,0,0,0
2021-09-30,Wirex Limited,1.0,1.0,3,0,0,0,0
2021-10-01,Blockdaemon Inc.,1.0,1.0,3,0,0,0,0
2021-10-01,COINQVEST LLC,1.0,1.0,3,0,0,0,0
2021-10-01,Keybase,1.0,1.0,3,0,0,0,0
2021-10-01,LOBSTR,1.0,0.9918,5,0,0,0,0
2021-10-01,SatoshiPay,0.9959,0.8889,3,1,0,0,0
2021-10-01,Stellar Development Foundation,1.0,1.0,3,0,0,0,0
2021-10-01,Wirex Limited,1.0,1.0,3,0,0,0,0
2021-10-02,Blockdaemon Inc.,1.0,1.0,3,0,0,0,0
2021-10-02,COINQVEST LLC,1.0,0.996,3,0,0,0,0
2021-10-02,Keybase,1.0,1.0,3,0,0,0,0
2021-10-02,LOBSTR,1.0,0.994,5,0,0,0,0
2021-10-02,SatoshiPay,0.996,0.841,3,1,0,0,0
2021-10-02,Stellar Development Foundation,1.0,1.0,3,0,0,0,0
2021-10-02,Wirex Limited,1.0,1.0,3,0,0,0,0
2021-10-03,Blockdaemon Inc.,1.0,1.0,3,0,0,0,0
2021-10-03,COINQVEST LLC,1.0,1.0,3,0,0,0,0
2021-10-03,Keybase,1.0,0.998,3,0,0,0,0
2021-10-03,LOBSTR,1.0,1.0,5,0,0,0,0
2021-10-03,SatoshiPay,1.0,0.0926,3,1,0,1,0
2021-10-03,Stellar Development Foundation,1.0,1.0,3,0,0,0,0
2021-10-03,Wirex Limited,1.0,1.0,3,0,0,0,0
2021-10-04,Blockdaemon Inc.,1.0,1.0,3,0,0,0,0
2021-10-04,COINQVEST LLC,1.0,0.998,3,0,0,0,0
2021-10-04,Keybase,1.0,0.996,3,0,0,0,0
2021-10-04,LOBSTR,1.0,1.0,5,0,0,0,0
2021-10-04,SatoshiPay,0.9921,0.7579,3,1,0,0,0
2021-10-04,Stellar Development Foundation,1.0,1.0,3,0,0,0,0
2021-10-04,Wirex Limited,1.0,1.0,3,0,0,0,0
2021-10-05,Blockdaemon Inc.,1.0,1.0,3,0,0,0,0
2021-10-05,COINQVEST LLC,1.0,1.0,3,0,0,0,0
2021-10-05,Keybase,1.0,1.0,3,0,0,0,0
2021-10-05,LOBSTR,1.0,1.0,5,0,0,0,0
2021-10-05,SatoshiPay,1.0,1.0,3,0,0,0,0
2021-10-05,Stellar Development Foundation,1.0,1.0,3,0,0,0,0
2021-10-05,Wirex Limited,1.0,1.0,3,0,0,0,0
2021-10-06,Blockdaemon Inc.,1.0,1.0,3,0,0,0,0
2021-10-06,COINQVEST LLC,1.0,1.0,3,0,0,0,0
2021-10-06,Keybase,1.0,1.0,3,0,0,0,0
2021-10-06,LOBSTR,1.0,0.996,5,0,0,0,0
2021-10-06,SatoshiPay,1.0,0.98,3,0,0,0,0
2021-10-06,Stellar Development Foundation,1.0,1.0,3,0,0,0,0
2021-10-06,Wirex Limited,1.0,1.0,3,0,0,0,0
2021-10-07,Blockdaemon Inc.,1.0,1.0,3,0,0,0,0
2021-10-07,COINQVEST LLC,1.0,0.998,3,0,0,0,0
2021-10-07,Keybase,1.0,1.0,3,0,0,0,0
2021-10-07,LOBSTR,1.0,1.0,5,0,0,0,0
2021-10-07,SatoshiPay,1.0,1.0,3,0,0,0,0
2021-10-07,Stellar Development Foundation,1.0,1.0,3,0,0,0,0
2021-10-07,Wirex Limited,1.0,1.0,3,0,0,0,0
2021-10-08,Blockdaemon Inc.,1.0,1.0,3,0,0,0,0
2021-10-08,COINQVEST LLC,1.0,0.996,3,0,0,0,0
2021-10-08,Keybase,1.0,1.0,3,0,0,0,0
2021-10-08,LOBSTR,1.0,1.0,5,0,0,0,0
2021-10-08,SatoshiPay,0.9761,0.4016,3,1,0,0,0
2021-10-08,Stellar Development Foundation,1.0,1.0,3,0,0,0,0
2021-10-08,Wirex Limited,1.0,1.0,3,0,0,0,0
2021-10-09,Blockdaemon Inc.,1.0,1.0,3,0,0,0,0
2021-10-09,COINQVEST LLC,1.0,0.998,3,0,0,0,0
2021-10-09,Keybase,1.0,1.0,3,0,0,0,0
2021-10-09,LOBSTR,1.0,1.0,5,0,0,0,0
2021-10-09,SatoshiPay,1.0,0.998,3,0,0,0,0
2021-10-09,Stellar Development Foundation,1.0,1.0,3,0,0,0,0
2021-10-09,Wirex Limited,1.0,1.0,3,0,0,0,0
2021-10-10,Blockdaemon Inc.,1.0,1.0,3,0,0,0,0
2021-10-10,COINQVEST LLC,1.0,1.0,3,0,0,0,0
2021-10-10,Keybase,1.0,0.9475,3,0,0,0,0
2021-10-10,LOBSTR,1.0,1.0,5,0,0,0,0
2021-10-10,SatoshiPay,1.0,1.0,3,0,0,0,0
2021-10-10,Stellar Development Foundation,1.0,1.0,3,0,0,0,0
2021-10-10,Wirex Limited,1.0,1.0,3,0,0,0,0
2021-10-11,Blockdaemon Inc.,1.0,1.0,3,0,0,0,0
2021-10-11,COINQVEST LLC,1.0,1.0,3,0,0,0,0
2021-10-11,Keybase,1.0,0.0,3,1,0,1,0
2021-10-11,LOBSTR,1.0,1.0,5,0,0,0,0
2021-10-11,SatoshiPay,1.0,1.0,3,0,0,0,0
2021-10-11,Stellar Development Foundation,1.0,1.0,3,0,0,0,0
2021-10-11,Wirex Limited,1.0,1.0,3,0,0,0,0
2021-10-12,Blockdaemon Inc.,1.0,1.0,3,0,0,0,0
2021-10-12,COINQVEST LLC,1.0,1.0,3,0,0,0,0
2021-10-12,Keybase,1.0,0.0,3,1,0,1,0
2021-10-12,LOBSTR,1.0,0.9595,5,0,0,0,0
2021-10-12,SatoshiPay,1.0,1.0,3,0,0,0,0
2021-10-12,Stellar Development Foundation,1.0,1.0,3,0,0,0,0
2021-10-12,Wirex Limited,1.0,1.0,3,0,0,0,0
2021-10-13,Blockdaemon Inc.,1.0,1.0,3,0,0,0,0
2021-10-13,COINQVEST LLC,1.0,0.998,3,0,0,0,0
2021-10-13,Keybase,1.0,0.8693,3,1,0,0,0
2021-10-13,LOBSTR,1.0,0.9604,5,0,0,0,0
2021-10-13,SatoshiPay,0.9525,0.9505,3,1,0,0,0
2021-10-13,Stellar Development Foundation,1.0,1.0,3,0,0,0,0
2021-10-13,Wirex Limited,1.0,1.0,3,0,0,0,0
2021-10-14,Blockdaemon Inc.,1.0,1.0,3,0,0,0,0
2021-10-14,COINQVEST LLC,1.0,1.0,3,0,0,0,0
2021-10-14,Keybase,1.0,1.0,3,0,0,0,0
2021-10-14,LOBSTR,1.0,0.984,5,0,0,0,0
2021-10-14,SatoshiPay,1.0,1.0,3,0,0,0,0
2021-10-14,Stellar Development Foundation,1.0,1.0,3,0,0,0,0
2021-10-14,Wirex Limited,1.0,1.0,3,0,0,0,0
2021-10-15,Blockdaemon Inc.,1.0,1.0,3,0,0,0,0
2021-10-15,COINQVEST LLC,1.0,0.998,3,0,0,0,0
2021-10-15,Keybase,1.0,0.9959,3,0,0,0,0
2021-10-15,LOBSTR,1.0,1.0,5,0,0,0,0
2021-10-15,SatoshiPay,1.0,1.0,3,0,0,0,0
2021-10-15,Stellar Development Foundation,1.0,1.0,3,0,0,0,0
2021-10-15,Wirex Limited,1.0,1.0,3,0,0,0,0
2021-10-16,Blockdaemon Inc.,1.0,1.0,3,0,0,0,0
2021-10-16,COINQVEST LLC,1.0,1.0,3,0,0,0,0
2021-10-16,Keybase,1.0,0.9623,3,0,0,0,0
2021-10-16,LOBSTR,1.0,0.9861,5,0,0,0,0
2021-10-16,SatoshiPay,1.0,1.0,3,0,0,0,0
2021-10-16,Stellar Development Foundation,1.0,1.0,3,0,0,0,0
2021-10-16,Wirex Limited,1.0,1.0,3,0,0,0,0
2021-10-17,Blockdaemon Inc.,1.0,1.0,3,0,0,0,0
2021-10-17,COINQVEST LLC,1.0,0.998,3,0,0,0,0
2021-10-17,Keybase,1.0,0.9961,3,0,0,0,0
2021-10-17,LOBSTR,1.0,1.0,5,0,0,0,0
2021-10-17,SatoshiPay,1.0,1.0,3,0,0,0,0
2021-10-17,Stellar Development Foundation,1.0,1.0,3,0,0,0,0
2021-10-17,Wirex Limited,1.0,1.0,3,0,0,0,0
2021-10-18,Blockdaemon Inc.,1.0,1.0,3,0,0,0,0
2021-10-18,COINQVEST LLC,1.0,1.0,3,0,0,0,0
2021-10-18,Keybase,1.0,1.0,3,0,0,0,0
2021-10-18,LOBSTR,1.0,0.9803,5,0,0,0,0
2021-10-18,SatoshiPay,1.0,1.0,3,0,0,0,0
2021-10-18,Stellar Development Foundation,1.0,1.0,3,0,0,0,0
2021-10-18,Wirex Limited,1.0,1.0,3,0,0,0,0
2021-10-19,Blockdaemon Inc.,1.0,1.0,3,0,0,0,0
2021-10-19,COINQVEST LLC,1.0,0.998,3,0,0,0,0
2021-10-19,Keybase,1.0,0.9939,3,0,0,0,0
2021-10-19,LOBSTR,1.0,1.0,5,0,0,0,0
2021-10-19,SatoshiPay,1.0,0.998,3,0,0,0,0
2021-10-19,Stellar Development Foundation,1.0,1.0,3,0,0,0,0
2021-10-19,Wirex Limited,1.0,1.0,3,0,0,0,0
2021-10-20,Blockdaemon Inc.,1.0,1.0,3,0,0,0,0
2021-10-20,COINQVEST LLC,1.0,0.9979,3,0,0,0,0
2021-10-20,Keybase,1.0,1.0,3,0,0,0,0
2021-10-20,LOBSTR,1.0,1.0,5,0,0,0,0
2021-10-20,SatoshiPay,1.0,0.9979,3,0,0,0,0
2021-10-20,Stellar Development Foundation,1.0,1.0,3,0,0,0,0
2021-10-20,Wirex Limited,1.0,0.9938,3,0,0,0,0
2021-10-21,Blockdaemon Inc.,1.0,1.0,3,0,0,0,0
2021-10-21,COINQVEST LLC,1.0,1.0,3,0,0,0,0
2021-10-21,Keybase,1.0,1.0,3,0,0,0,0
2021-10-21,LOBSTR,1.0,0.996,5,0,0,0,0
2021-10-21,SatoshiPay,1.0,1.0,3,0,0,0,0
2021-10-21,Stellar Development Foundation,1.0,1.0,3,0,0,0,0
2021-10-21,Wirex Limited,1.0,1.0,3,0,0,0,0
2021-10-22,Blockdaemon Inc.,1.0,1.0,3,0,0,0,0
2021-10-22,COINQVEST LLC,1.0,0.9961,3,0,0,0,0
2021-10-22,Keybase,1.0,1.0,3,0,0,0,0
2021-10-22,LOBSTR,1.0,0.9941,5,0,0,0,0
2021-10-22,SatoshiPay,1.0,1.0,3,0,0,0,0
2021-10-22,Stellar Development Foundation,1.0,1.0,3,0,0,0,0
2021-10-22,Wirex Limited,1.0,1.0,3,0,0,0,0
2021-10-23,Blockdaemon Inc.,1.0,1.0,3,0,0,0,0
2021-10-23,COINQVEST LLC,1.0,0.998,3,0,0,0,0
2021-10-23,Keybase,1.0,1.0,3,0,0,0,0
2021-10-23,LOBSTR,1.0,0.998,5,0,0,0,0
2021-10-23,SatoshiPay,1.0,1.0,3,0,0,0,0
2021-10-23,Stellar Development Foundation,1.0,1.0,3,0,0,0,0
2021-10-23,Wirex Limited,1.0,1.0,3,0,0,0,0
2021-10-24,Blockdaemon Inc.,1.0,1.0,3,0,0,0,0
2021-10-24,COINQVEST LLC,1.0,0.9981,3,0,0,0,0
2021-10-24,Keybase,1.0,1.0,3,0,0,0,0
2021-10-24,LOBSTR,1.0,1.0,5,0,0,0,0
2021-10-24,SatoshiPay,1.0,1.0,3,0,0,0,0
2021-10-24,Stellar Development Foundation,1.0,1.0,3,0,0,0,0
2021-10-24,Wirex Limited,1.0,1.0,3,0,0,0,0
2021-10-25,Blockdaemon Inc.,1.0,1.0,3,0,0,0,0
2021-10-25,COINQVEST LLC,1.0,0.998,3,0,0,0,0
2021-10-25,Keybase,1.0,1.0,3,0,0,0,0
2021-10-25,LOBSTR,1.0,1.0,5,0,0,0,0
2021-10-25,SatoshiPay,1.0,1.0,3,0,0,0,0
2021-10-25,Stellar Development Foundation,1.0,1.0,3,0,0,0,0
2021-10-25,Wirex Limited,1.0,1.0,3,0,0,0,0
2021-10-26,Blockdaemon Inc.,1.0,1.0,3,0,0,0,0
2021-10-26,COINQVEST LLC,1.0,0.9308,3,0,0,0,0
2021-10-26,Keybase,1.0,0.9939,3,0,0,0,0
2021-10-26,LOBSTR,1.0,1.0,5,0,0,0,0
2021-10-26,SatoshiPay,1.0,1.0,3,0,0,0,0
2021-10-26,Stellar Development Foundation,1.0,1.0,3,0,0,0,0
2021-10-26,Wirex Limited,1.0,1.0,3,0,0,0,0
2021-10-27,Blockdaemon Inc.,1.0,1.0,3,0,0,0,0
2021-10-27,COINQVEST LLC,1.0,0.9979,3,0,0,0,0
2021-10-27,Keybase,1.0,0.9751,3,0,0,0,0
2021-10-27,LOBSTR,1.0,1.0,5,0,0,0,0
2021-10-27,SatoshiPay,1.0,0.9398,3,0,0,0,0
2021-10-27,Stellar Development Foundation,1.0,1.0,3,0,0,0,0
2021-10-27,Wirex Limited,1.0,1.0,3,0,0,0,0
2021-10-28,Blockdaemon Inc.,1.0,1.0,3,0,0,0,0
2021-10-28,COINQVEST LLC,1.0,0.9979,3,0,0,0,0
2021-10-28,Keybase,1.0,1.0,3,0,0,0,0
2021-10-28,LOBSTR,1.0,0.9979,5,0,0,0,0
2021-10-28,SatoshiPay,0.9979,0.9896,3,0,0,0,0
2021-10-28,Stellar Development Foundation,1.0,1.0,3,0,0,0,0
2021-10-28,Wirex Limited,1.0,1.0,3,0,0,0,0
2021-10-29,Blockdaemon Inc.,1.0,1.0,3,0,0,0,0
2021-10-29,COINQVEST LLC,1.0,0.9979,3,0,0,0,0
2021-10-29,Keybase,1.0,1.0,3,0,0,0,0
2021-10-29,LOBSTR,1.0,1.0,5,0,0,0,0
2021-10-29,SatoshiPay,1.0,1.0,3,0,0,0,0
2021-10-29,Stellar Development Foundation,1.0,1.0,3,0,0,0,0
2021-10-29,Wirex Limited,1.0,1.0,3,0,0,0,0
2021-10-30,Blockdaemon Inc.,1.0,1.0,3,0,0,0,0
2021-10-30,COINQVEST LLC,1.0,1.0,3,0,0,0,0
2021-10-30,Keybase,1.0,1.0,3,0,0,0,0
2021-10-30,LOBSTR,1.0,1.0,5,0,0,0,0
2021-10-30,SatoshiPay,1.0,0.998,3,0,0,0,0
2021-10-30,Stellar Development Foundation,1.0,1.0,3,0,0,0,0
2021-10-30,Wirex Limited,1.0,1.0,3,0,0,0,0
2021-10-31,Blockdaemon Inc.,1.0,1.0,3,0,0,0,0
2021-10-31,COINQVEST LLC,0.998,0.9919,3,0,0,0,0
2021-10-31,Keybase,1.0,1.0,3,0,0,0,0
2021-10-31,LOBSTR,1.0,1.0,5,0,0,0,0
2021-10-31,SatoshiPay,1.0,1.0,3,0,0,0,0
2021-10-31,Stellar Development Foundation,1.0,1.0,3,0,0,0,0
2021-10-31,Wirex Limited,1.0,1.0,3,0,0,0,0
2021-11-01,Blockdaemon Inc.,1.0,0.9959,3,0,0,0,0
2021-11-01,COINQVEST LLC,0.9979,0.9979,3,0,0,0,0
2021-11-01,Keybase,1.0,0.9959,3,0,0,0,0
2021-11-01,LOBSTR,1.0,0.9959,5,0,0,0,0
2021-11-01,SatoshiPay,1.0,1.0,3,0,0,0,0
2021-11-01,Stellar Development Foundation,1.0,1.0,3,0,0,0,0
2021-11-01,Wirex Limited,1.0,0.9959,3,0,0,0,0
2021-11-02,Blockdaemon Inc.,1.0,1.0,3,0,0,0,0
2021-11-02,COINQVEST LLC,1.0,0.9958,3,0,0,0,0
2021-11-02,Keybase,1.0,0.9854,3,0,0,0,0
2021-11-02,LOBSTR,1.0,0.977,5,0,0,0,0
2021-11-02,SatoshiPay,1.0,1.0,3,0,0,0,0
2021-11-02,Stellar Development Foundation,1.0,1.0,3,0,0,0,0
2021-11-02,Wirex Limited,1.0,1.0,3,0,0,0,0
2021-11-03,Blockdaemon Inc.,0.9939,0.9714,3,0,0,0,0
2021-11-03,COINQVEST LLC,1.0,0.998,3,0,0,0,0
2021-11-03,Keybase,1.0,0.9755,3,0,0,0,0
2021-11-03,LOBSTR,1.0,0.9632,5,0,0,0,0
2021-11-03,SatoshiPay,1.0,1.0,3,0,0,0,0
2021-11-03,Stellar Development Foundation,1.0,0.9959,3,0,0,0,0
2021-11-03,Wirex Limited,0.9877,0.9816,3,1,0,0,0
2021-11-04,Blockdaemon Inc.,1.0,1.0,3,0,0,0,0
2021-11-04,COINQVEST LLC,1.0,0.9896,3,0,0,0,0
2021-11-04,Keybase,1.0,1.0,3,0,0,0,0
2021-11-04,LOBSTR,1.0,1.0,5,0,0,0,0
2021-11-04,SatoshiPay,1.0,1.0,3,0,0,0,0
2021-11-04,Stellar Development Foundation,1.0,1.0,3,0,0,0,0
2021-11-04,Wirex Limited,1.0,0.9979,3,0,0,0,0
2021-11-05,Blockdaemon Inc.,1.0,1.0,3,0,0,0,0
2021-11-05,COINQVEST LLC,1.0,0.9979,3,0,0,0,0
2021-11-05,Keybase,1.0,1.0,3,0,0,0,0
2021-11-05,LOBSTR,1.0,1.0,5,0,0,0,0
2021-11-05,SatoshiPay,1.0,1.0,3,0,0,0,0
2021-11-05,Stellar Development Foundation,1.0,1.0,3,0,0,0,0
2021-11-05,Wirex Limited,1.0,1.0,3,0,0,0,0
2021-11-06,Blockdaemon Inc.,1.0,1.0,3,0,0,0,0
2021-11-06,COINQVEST LLC,1.0,0.9979,3,0,0,0,0
2021-11-06,Keybase,1.0,1.0,3,0,0,0,0
2021-11-06,LOBSTR,1.0,1.0,5,0,0,0,0
2021-11-06,SatoshiPay,1.0,1.0,3,0,0,0,0
2021-11-06,Stellar Development Foundation,1.0,1.0,3,0,0,0,0
2021-11-06,Wirex Limited,1.0,1.0,3,0,0,0,0
2021-11-07,Blockdaemon Inc.,1.0,1.0,3,0,0,0,0
2021-11-07,COINQVEST LLC,1.0,0.9979,3,0,0,0,0
2021-11-07,Keybase,1.0,1.0,3,0,0,0,0
2021-11-07,LOBSTR,1.0,1.0,5,0,0,0,0
2021-11-07,SatoshiPay,1.0,1.0,3,0,0,0,0
2021-11-07,Stellar Development Foundation,1.0,1.0,3,0,0,0,0
2021-11-07,Wirex Limited,1.0,1.0,3,0,0,0,0
2021-11-08,Blockdaemon Inc.,1.0,1.0,3,0,0,0,0
2021-11-08,COINQVEST LLC,1.0,0.9979,3,0,0,0,0
2021-11-08,Keybase,1.0,1.0,3,0,0,0,0
2021-11-08,LOBSTR,1.0,1.0,5,0,0,0,0
2021-11-08,SatoshiPay,1.0,1.0,3,0,0,0,0
2021-11-08,Stellar Development Foundation,1.0,1.0,3,0,0,0,0
2021-11-08,Wirex Limited,1.0,0.9937,3,0,0,0,0
2021-11-09,Blockdaemon Inc.,1.0,1.0,3,0,0,0,0
2021-11-09,COINQVEST LLC,1.0,0.9979,3,0,0,0,0
2021-11-09,Keybase,1.0,1.0,3,0,0,0,0
2021-11-09,LOBSTR,1.0,1.0,5,0,0,0,0
2021-11-09,SatoshiPay,1.0,1.0,3,0,0,0,0
2021-11-09,Stellar Development Foundation,1.0,1.0,3,0,0,0,0
2021-11-09,Wirex Limited,1.0,1.0,3,0,0,0,0
2021-11-10,Blockdaemon Inc.,1.0,1.0,3,0,0,0,0
2021-11-10,COINQVEST LLC,1.0,0.9979,3,0,0,0,0
2021-11-10,Keybase,1.0,0.9938,3,0,0,0,0
2021-11-10,LOBSTR,1.0,0.9979,5,0,0,0,0
2021-11-10,SatoshiPay,1.0,1.0,3,0,0,0,0
2021-11-10,Stellar Development Foundation,1.0,1.0,3,0,0,0,0
2021-11-10,Wirex Limited,0.9649,0.9525,3,1,0,0,0
2021-11-11,Blockdaemon Inc.,1.0,1.0,3,0,0,0,0
2021-11-11,COINQVEST LLC,1.0,0.9959,3,0,0,0,0
2021-11-11,Keybase,1.0,1.0,3,0,0,0,0
2021-11-11,LOBSTR,1.0,1.0,5,0,0,0,0
2021-11-11,SatoshiPay,1.0,1.0,3,0,0,0,0
2021-11-11,Stellar Development Foundation,1.0,1.0,3,0,0,0,0
2021-11-11,Wirex Limited,1.0,1.0,3,0,0,0,0
2021-11-12,Blockdaemon Inc.,1.0,1.0,3,0,0,0,0
2021-11-12,COINQVEST LLC,1.0,1.0,3,0,0,0,0
2021-11-12,Keybase,1.0,0.9938,3,0,0,0,0
2021-11-12,LOBSTR,1.0,0.9959,5,0,0,0,0
2021-11-12,SatoshiPay,1.0,1.0,3,0,0,0,0
2021-11-12,Stellar Development Foundation,1.0,1.0,3,0,0,0,0
2021-11-12,Wirex Limited,1.0,1.0,3,0,0,0,0
2021-11-13,Blockdaemon Inc.,1.0,1.0,3,0,0,0,0
2021-11-13,COINQVEST LLC,1.0,0.9916,3,0,0,0,0
2021-11-13,Keybase,1.0,0.9958,3,0,0,0,0
2021-11-13,LOBSTR,1.0,1.0,5,0,0,0,0
2021-11-13,SatoshiPay,1.0,1.0,3,0,0,0,0
2021-11-13,Stellar Development Foundation,1.0,1.0,3,0,0,0,0
2021-11-13,Wirex Limited,1.0,1.0,3,0,0,0,0
2021-11-14,Blockdaemon Inc.,1.0,1.0,3,0,0,0,0
2021-11-14,COINQVEST LLC,1.0,0.9979,3,0,0,0,0
2021-11-14,Keybase,1.0,0.9938,3,0,0,0,0
2021-11-14,LOBSTR,1.0,1.0,5,0,0,0,0
2021-11-14,SatoshiPay,1.0,1.0,3,0,0,0,0
2021-11-14,Stellar Development Foundation,1.0,1.0,3,0,0,0,0
2021-11-14,Wirex Limited,1.0,1.0,3,0,0,0,0
2021-11-15,Blockdaemon Inc.,1.0,1.0,3,0,0,0,0
2021-11-15,COINQVEST LLC,1.0,0.9979,3,0,0,0,0
2021-11-15,Keybase,1.0,0.9894,3,0,0,0,0
2021-11-15,LOBSTR,1.0,1.0,5,0,0,0,0
2021-11-15,SatoshiPay,1.0,1.0,3,0,0,0,0
2021-11-15,Stellar Development Foundation,1.0,1.0,3,0,0,0,0
2021-11-15,Wirex Limited,1.0,1.0,3,0,0,0,0
2021-11-16,Blockdaemon Inc.,1.0,1.0,3,0,0,0,0
2021-11-16,COINQVEST LLC,1.0,0.9935,3,0,0,0,0
2021-11-16,Keybase,1.0,0.9632,3,0,0,0,0
2021-11-16,LOBSTR,1.0,1.0,5,0,0,0,0
2021-11-16,SatoshiPay,1.0,1.0,3,0,0,0,0
2021-11-16,Stellar Development Foundation,1.0,1.0,3,0,0,0,0
2021-11-16,Wirex Limited,1.0,1.0,3,0,0,0,0
2021-11-17,Blockdaemon Inc.,1.0,1.0,3,0,0,0,0
2021-11-17,COINQVEST LLC,1.0,0.9936,3,0,0,0,0
2021-11-17,Keybase,1.0,0.9066,3,0,0,0,0
2021-11-17,LOBSTR,1.0,1.0,5,0,0,0,0
2021-11-17,SatoshiPay,1.0,1.0,3,0,0,0,0
2021-11-17,Stellar Development Foundation,1.0,1.0,3,0,0,0,0
2021-11-17,Wirex Limited,1.0,1.0,3,0,0,0,0
2021-11-18,Blockdaemon Inc.,1.0,0.9978,3,0,0,0,0
2021-11-18,COINQVEST LLC,1.0,0.9914,3,0,0,0,0
2021-11-18,Keybase,1.0,0.8207,3,1,0,0,0
2021-11-18,LOBSTR,1.0,1.0,5,0,0,0,0
2021-11-18,SatoshiPay,1.0,1.0,3,0,0,0,0
2021-11-18,Stellar Development Foundation,1.0,1.0,3,0,0,0,0
2021-11-18,Wirex Limited,1.0,1.0,3,0,0,0,0
2021-11-19,Blockdaemon Inc.,0.9979,0.9979,3,0,0,0,0
2021-11-19,COINQVEST LLC,1.0,0.9958,3,0,0,0,0
2021-11-19,Keybase,1.0,0.9137,3,0,0,0,0
2021-11-19,LOBSTR,1.0,1.0,5,0,0,0,0
2021-11-19,SatoshiPay,1.0,1.0,3,0,0,0,0
2021-11-19,Stellar Development Foundation,1.0,1.0,3,0,0,0,0
2021-11-19,Wirex Limited,1.0,1.0,3,0,0,0,0
2021-11-20,Blockdaemon Inc.,1.0,0.9979,3,0,0,0,0
2021-11-20,COINQVEST LLC,1.0,0.9958,3,0,0,0,0
2021-11-20,Keybase,1.0,0.9066,3,0,0,0,0
2021-11-20,LOBSTR,1.0,1.0,5,0,0,0,0
2021-11-20,SatoshiPay,1.0,1.0,3,0,0,0,0
2021-11-20,Stellar Development Foundation,1.0,0.9979,3,0,0,0,0
2021-11-20,Wirex Limited,1.0,1.0,3,0,0,0,0
2021-11-21,Blockdaemon Inc.,1.0,1.0,3,0,0,0,0
2021-11-21,COINQVEST LLC,1.0,0.9958,3,0,0,0,0
2021-11-21,Keybase,1.0,0.9247,3,0,0,0,0
2021-11-21,LOBSTR,1.0,1.0,5,0,0,0,0
2021-11-21,SatoshiPay,1.0,1.0,3,0,0,0,0
2021-11-21,Stellar Development Foundation,1.0,1.0,3,0,0,0,0
2021-11-21,Wirex Limited,1.0,1.0,3,0,0,0,0
2021-11-22,Blockdaemon Inc.,0.9979,0.9958,3,0,0,0,0
2021-11-22,COINQVEST LLC,1.0,0.9936,3,0,0,0,0
2021-11-22,Keybase,1.0,0.8008,3,1,0,0,0
2021-11-22,LOBSTR,1.0,0.9979,5,0,0,0,0
2021-11-22,SatoshiPay,1.0,1.0,3,0,0,0,0
2021-11-22,Stellar Development Foundation,1.0,0.9979,3,0,0,0,0
2021-11-22,Wirex Limited,0.9979,0.9979,3,0,0,0,0
2021-11-23,Blockdaemon Inc.,1.0,0.985,3,0,0,0,0
2021-11-23,COINQVEST LLC,0.9979,0.9936,3,0,0,0,0
2021-11-23,Keybase,0.9979,0.7051,3,1,0,0,0
2021-11-23,LOBSTR,1.0,0.9915,5,0,0,0,0
2021-11-23,SatoshiPay,1.0,1.0,3,0,0,0,0
2021-11-23,Stellar Development Foundation,1.0,0.9957,3,0,0,0,0
2021-11-23,Wirex Limited,0.9979,0.9936,3,0,0,0,0
2021-11-24,Blockdaemon Inc.,1.0,1.0,3,0,0,0,0
2021-11-24,COINQVEST LLC,1.0,0.9935,3,0,0,0,0
2021-11-24,Keybase,1.0,0.7744,3,1,0,0,0
2021-11-24,LOBSTR,1.0,0.9718,5,0,0,0,0
2021-11-24,SatoshiPay,1.0,1.0,3,0,0,0,0
2021-11-24,Stellar Development Foundation,1.0,1.0,3,0,0,0,0
2021-11-24,Wirex Limited,1.0,1.0,3,0,0,0,0
2021-11-25,Blockdaemon Inc.,1.0,0.9979,3,0,0,0,0
2021-11-25,COINQVEST LLC,1.0,0.9957,3,0,0,0,0
2021-11-25,Keybase,1.0,0.7122,3,1,0,0,0
2021-11-25,LOBSTR,1.0,0.9979,5,0,0,0,0
2021-11-25,SatoshiPay,1.0,1.0,3,0,0,0,0
2021-11-25,Stellar Development Foundation,1.0,1.0,3,0,0,0,0
2021-11-25,Wirex Limited,1.0,1.0,3,0,0,0,0
2021-11-26,Blockdaemon Inc.,1.0,1.0,3,0,0,0,0
2021-11-26,COINQVEST LLC,1.0,0.9935,3,0,0,0,0
2021-11-26,Keybase,1.0,0.8978,3,1,0,0,0
2021-11-26,LOBSTR,1.0,1.0,5,0,0,0,0
2021-11-26,SatoshiPay,1.0,1.0,3,0,0,0,0
2021-11-26,Stellar Development Foundation,1.0,1.0,3,0,0,0,0
2021-11-26,Wirex Limited,1.0,0.9978,3,0,0,0,0
2021-11-27,Blockdaemon Inc.,1.0,0.9978,3,0,0,0,0
2021-11-27,COINQVEST LLC,1.0,0.9935,3,0,0,0,0
2021-11-27,Keybase,1.0,0.5752,3,1,0,0,0
2021-11-27,LOBSTR,1.0,0.9978,5,0,0,0,0
2021-11-27,SatoshiPay,1.0,1.0,3,0,0,0,0
2021-11-27,Stellar Development Foundation,1.0,1.0,3,0,0,0,0
2021-11-27,Wirex Limited,1.0,0.9978,3,0,0,0,0
2021-11-28,Blockdaemon Inc.,1.0,1.0,3,0,0,0,0
2021-11-28,COINQVEST LLC,1.0,0.9868,3,0,0,0,0
2021-11-28,Keybase,1.0,0.7269,3,1,0,0,0
2021-11-28,LOBSTR,1.0,1.0,5,0,0,0,0
2021-11-28,SatoshiPay,1.0,1.0,3,0,0,0,0
2021-11-28,Stellar Development Foundation,1.0,1.0,3,0,0,0,0
2021-11-28,Wirex Limited,1.0,1.0,3,0,0,0,0
2021-11-29,Blockdaemon Inc.,1.0,1.0,3,0,0,0,0
2021-11-29,COINQVEST LLC,1.0,0.9957,3,0,0,0,0
2021-11-29,Keybase,1.0,0.7516,3,1,0,0,0
2021-11-29,LOBSTR,1.0,0.9806,5,0,0,0,0
2021-11-29,SatoshiPay,1.0,1.0,3,0,0,0,0
2021-11-29,Stellar Development Foundation,1.0,1.0,3,0,0,0,0
2021-11-29,Wirex Limited,1.0,1.0,3,0,0,0,0
2021-11-30,Blockdaemon Inc.,1.0,1.0,3,0,0,0,0
2021-11-30,COINQVEST LLC,1.0,0.9958,3,0,0,0,0
2021-11-30,Keybase,1.0,0.7813,3,1,0,0,0
2021-11-30,LOBSTR,1.0,0.9724,5,0,0,0,0
2021-11-30,SatoshiPay,1.0,1.0,3,0,0,0,0
2021-11-30,Stellar Development Foundation,1.0,1.0,3,0,0,0,0
2021-11-30,Wirex Limited,1.0,1.0,3,0,0,0,0
2021-12-01,Blockdaemon Inc.,1.0,1.0,3,0,0,0,0
2021-12-01,COINQVEST LLC,1.0,1.0,3,0,0,0,0
2021-12-01,Keybase,1.0,0.9874,3,0,0,0,0
2021-12-01,LOBSTR,1.0,0.9895,5,0,0,0,0
2021-12-01,SatoshiPay,1.0,1.0,3,0,0,0,0
2021-12-01,Stellar Development Foundation,1.0,1.0,3,0,0,0,0
2021-12-01,Wirex Limited,1.0,1.0,3,0,0,0,0
2021-12-02,Blockdaemon Inc.,1.0,1.0,3,0,0,0,0
2021-12-02,COINQVEST LLC,1.0,1.0,3,0,0,0,0
2021-12-02,Keybase,1.0,0.9687,3,0,0,0,0
2021-12-02,LOBSTR,1.0,0.9896,5,0,0,0,0
2021-12-02,SatoshiPay,1.0,1.0,3,0,0,0,0
2021-12-02,Stellar Development Foundation,1.0,1.0,3,0,0,0,0
2021-12-02,Wirex Limited,1.0,1.0,3,0,0,0,0
2021-12-03,Blockdaemon Inc.,1.0,1.0,3,0,0,0,0
2021-12-03,COINQVEST LLC,1.0,0.9979,3,0,0,0,0
2021-12-03,Keybase,1.0,0.9563,3,0,0,0,0
2021-12-03,LOBSTR,1.0,0.9875,5,0,0,0,0
2021-12-03,SatoshiPay,1.0,1.0,3,0,0,0,0
2021-12-03,Stellar Development Foundation,1.0,1.0,3,0,0,0,0
2021-12-03,Wirex Limited,1.0,1.0,3,0,0,0,0
2021-12-04,Blockdaemon Inc.,1.0,1.0,3,0,0,0,0
2021-12-04,COINQVEST LLC,1.0,1.0,3,0,0,0,0
2021-12-04,Keybase,1.0,0.929,3,0,0,0,0
2021-12-04,LOBSTR,1.0,0.9937,5,0,0,0,0
2021-12-04,SatoshiPay,1.0,1.0,3,0,0,0,0
2021-12-04,Stellar Development Foundation,1.0,1.0,3,0,0,0,0
2021-12-04,Wirex Limited,1.0,1.0,3,0,0,0,0
2021-12-05,Blockdaemon Inc.,1.0,1.0,3,0,0,0,0
2021-12-05,COINQVEST LLC,1.0,1.0,3,0,0,0,0
2021-12-05,Keybase,1.0,0.9666,3,0,0,0,0
2021-12-05,LOBSTR,1.0,1.0,5,0,0,0,0
2021-12-05,SatoshiPay,1.0,1.0,3,0,0,0,0
2021-12-05,Stellar Development Foundation,1.0,1.0,3,0,0,0,0
2021-12-05,Wirex Limited,1.0,1.0,3,0,0,0,0
2021-12-06,Blockdaemon Inc.,1.0,1.0,3,0,0,0,0
2021-12-06,COINQVEST LLC,1.0,1.0,3,0,0,0,0
2021-12-06,Keybase,1.0,0.8894,3,1,0,0,0
2021-12-06,LOBSTR,1.0,0.9749,5,0,0,0,0
2021-12-06,SatoshiPay,1.0,1.0,3,0,0,0,0
2021-12-06,Stellar Development Foundation,1.0,1.0,3,0,0,0,0
2021-12-06,Wirex Limited,1.0,1.0,3,0,0,0,0
2021-12-07,Blockdaemon Inc.,1.0,1.0,3,0,0,0,0
2021-12-07,COINQVEST LLC,1.0,1.0,3,0,0,0,0
2021-12-07,Keybase,1.0,0.9104,3,0,0,0,0
2021-12-07,LOBSTR,1.0,0.9417,5,0,0,0,0
2021-12-07,SatoshiPay,1.0,1.0,3,0,0,0,0
2021-12-07,Stellar Development Foundation,1.0,1.0,3,0,0,0,0
2021-12-07,Wirex Limited,1.0,1.0,3,0,0,0,0
2021-12-08,Blockdaemon Inc.,1.0,0.9979,3,0,0,0,0
2021-12-08,COINQVEST LLC,1.0,0.9979,3,0,0,0,0
2021-12-08,Keybase,1.0,0.8977,3,1,0,0,0
2021-12-08,LOBSTR,1.0,0.9645,5,0,0,0,0
2021-12-08,SatoshiPay,1.0,1.0,3,0,0,0,0
2021-12-08,Stellar Development Foundation,1.0,1.0,3,0,0,0,0
2021-12-08,Wirex Limited,1.0,1.0,3,0,0,0,0
2021-12-09,Blockdaemon Inc.,1.0,1.0,3,0,0,0,0
2021-12-09,COINQVEST LLC,1.0,0.9979,3,0,0,0,0
2021-12-09,Keybase,1.0,0.8142,3,1,0,0,0
2021-12-09,LOBSTR,1.0,1.0,5,0,0,0,0
2021-12-09,SatoshiPay,1.0,1.0,3,0,0,0,0
2021-12-09,Stellar Development Foundation,1.0,0.8497,3,1,0,0,0
2021-12-09,Wirex Limited,1.0,1.0,3,0,0,0,0
2021-12-10,Blockdaemon Inc.,1.0,1.0,3,0,0,0,0
2021-12-10,COINQVEST LLC,1.0,1.0,3,0,0,0,0
2021-12-10,Keybase,1.0,0.8708,3,1,0,0,0
2021-12-10,LOBSTR,1.0,0.9917,5,0,0,0,0
2021-12-10,SatoshiPay,1.0,1.0,3,0,0,0,0
2021-12-10,Stellar Development Foundation,1.0,0.2583,3,1,0,0,0
2021-12-10,Wirex Limited,1.0,1.0,3,0,0,0,0
2021-12-11,Blockdaemon Inc.,1.0,1.0,3,0,0,0,0
2021-12-11,COINQVEST LLC,1.0,1.0,3,0,0,0,0
2021-12-11,Keybase,1.0,0.8873,3,1,0,0,0
2021-12-11,LOBSTR,1.0,0.9875,5,0,0,0,0
2021-12-11,SatoshiPay,1.0,1.0,3,0,0,0,0
2021-12-11,Stellar Development Foundation,1.0,1.0,3,0,0,0,0
2021-12-11,Wirex Limited,1.0,1.0,3,0,0,0,0
2021-12-12,Blockdaemon Inc.,1.0,0.9937,3,0,0,0,0
2021-12-12,COINQVEST LLC,1.0,1.0,3,0,0,0,0
2021-12-12,Keybase,1.0,0.9311,3,0,0,0,0
2021-12-12,LOBSTR,1.0,0.9666,5,0,0,0,0
2021-12-12,SatoshiPay,1.0,1.0,3,0,0,0,0
2021-12-12,Stellar Development Foundation,1.0,1.0,3,0,0,0,0
2021-12-12,Wirex Limited,1.0,1.0,3,0,0,0,0
2021-12-13,Blockdaemon Inc.,1.0,1.0,3,0,0,0,0
2021-12-13,COINQVEST LLC,1.0,1.0,3,0,0,0,0
2021-12-13,Keybase,1.0,0.8354,3,1,0,0,0
2021-12-13,LOBSTR,1.0,0.9958,5,0,0,0,0
2021-12-13,SatoshiPay,1.0,1.0,3,0,0,0,0
2021-12-13,Stellar Development Foundation,1.0,1.0,3,0,0,0,0
2021-12-13,Wirex Limited,1.0,1.0,3,0,0,0,0
2021-12-14,Blockdaemon Inc.,1.0,1.0,3,0,0,0,0
2021-12-14,COINQVEST LLC,1.0,1.0,3,0,0,0,0
2021-12-14,Keybase,1.0,0.8958,3,1,0,0,0
2021-12-14,LOBSTR,1.0,0.9979,5,0,0,0,0
2021-12-14,SatoshiPay,1.0,1.0,3,0,0,0,0
2021-12-14,Stellar Development Foundation,1.0,1.0,3,0,0,0,0
2021-12-14,Wirex Limited,1.0,1.0,3,0,0,0,0
2021-12-15,Blockdaemon Inc.,1.0,1.0,3,0,0,0,0
2021-12-15,COINQVEST LLC,1.0,1.0,3,0,0,0,0
2021-12-15,Keybase,1.0,0.8434,3,1,0,0,0
2021-12-15,LOBSTR,1.0,0.9812,5,0,0,0,0
2021-12-15,SatoshiPay,1.0,1.0,3,0,0,0,0
2021-12-15,Stellar Development Foundation,1.0,0.9916,3,0,0,0,0
2021-12-15,Wirex Limited,1.0,1.0,3,0,0,0,0
2021-12-16,Blockdaemon Inc.,1.0,1.0,3,0,0,0,0
2021-12-16,COINQVEST LLC,1.0,1.0,3,0,0,0,0
2021-12-16,Keybase,1.0,0.9187,3,0,0,0,0
2021-12-16,LOBSTR,1.0,0.9729,5,0,0,0,0
2021-12-16,SatoshiPay,1.0,1.0,3,0,0,0,0
2021-12-16,Stellar Development Foundation,1.0,1.0,3,0,0,0,0
2021-12-16,Wirex Limited,0.9938,0.9917,3,0,0,0,0
2021-12-17,Blockdaemon Inc.,1.0,1.0,3,0,0,0,0
2021-12-17,COINQVEST LLC,1.0,1.0,3,0,0,0,0
2021-12-17,Keybase,1.0,0.9081,3,0,0,0,0
2021-12-17,LOBSTR,1.0,0.9916,5,0,0,0,0
2021-12-17,SatoshiPay,1.0,1.0,3,0,0,0,0
2021-12-17,Stellar Development Foundation,1.0,1.0,3,0,0,0,0
2021-12-17,Wirex Limited,1.0,1.0,3,0,0,0,0
2021-12-18,Blockdaemon Inc.,1.0,1.0,3,0,0,0,0
2021-12-18,COINQVEST LLC,1.0,1.0,3,0,0,0,0
2021-12-18,Keybase,1.0,0.8497,3,1,0,0,0
2021-12-18,LOBSTR,1.0,0.9979,5,0,0,0,0
2021-12-18,SatoshiPay,1.0,1.0,3,0,0,0,0
2021-12-18,Stellar Development Foundation,1.0,1.0,3,0,0,0,0
2021-12-18,Wirex Limited,1.0,1.0,3,0,0,0,0
2021-12-19,Blockdaemon Inc.,1.0,1.0,3,0,0,0,0
2021-12-19,COINQVEST LLC,1.0,1.0,3,0,0,0,0
2021-12-19,Keybase,1.0,0.8854,3,1,0,0,0
2021-12-19,LOBSTR,1.0,0.9958,5,0,0,0,0
2021-12-19,SatoshiPay,1.0,1.0,3,0,0,0,0
2021-12-19,Stellar Development Foundation,1.0,1.0,3,0,0,0,0
2021-12-19,Wirex Limited,1.0,1.0,3,0,0,0,0
2021-12-20,Blockdaemon Inc.,1.0,1.0,3,0,0,0,0
2021-12-20,COINQVEST LLC,1.0,1.0,3,0,0,0,0
2021-12-20,Keybase,1.0,0.7871,3,1,0,0,0
2021-12-20,LOBSTR,1.0,0.8894,5,1,0,0,0
2021-12-20,SatoshiPay,1.0,1.0,3,0,0,0,0
2021-12-20,Stellar Development Foundation,1.0,0.618,3,1,0,0,0
2021-12-20,Wirex Limited,1.0,1.0,3,0,0,0,0
2021-12-21,Blockdaemon Inc.,1.0,1.0,3,0,0,0,0
2021-12-21,COINQVEST LLC,1.0,1.0,3,0,0,0,0
2021-12-21,Keybase,1.0,0.8559,3,1,0,0,0
2021-12-21,LOBSTR,1.0,1.0,5,0,0,0,0
2021-12-21,SatoshiPay,1.0,1.0,3,0,0,0,0
2021-12-21,Stellar Development Foundation,1.0,0.8789,3,1,0,0,0
2021-12-21,Wirex Limited,1.0,1.0,3,0,0,0,0
2021-12-22,Blockdaemon Inc.,1.0,1.0,3,0,0,0,0
2021-12-22,COINQVEST LLC,1.0,1.0,3,0,0,0,0
2021-12-22,Keybase,1.0,0.7286,3,1,0,0,0
2021-12-22,LOBSTR,1.0,1.0,5,0,0,0,0
2021-12-22,SatoshiPay,1.0,1.0,3,0,0,0,0
2021-12-22,Stellar Development Foundation,1.0,1.0,3,0,0,0,0
2021-12-22,Wirex Limited,1.0,1.0,3,0,0,0,0
2021-12-23,Blockdaemon Inc.,1.0,1.0,3,0,0,0,0
2021-12-23,COINQVEST LLC,1.0,1.0,3,0,0,0,0
2021-12-23,Keybase,1.0,0.6292,3,1,0,0,0
2021-12-23,LOBSTR,1.0,1.0,5,0,0,0,0
2021-12-23,SatoshiPay,1.0,1.0,3,0,0,0,0
2021-12-23,Stellar Development Foundation,1.0,1.0,3,0,0,0,0
2021-12-23,Wirex Limited,1.0,1.0,3,0,0,0,0
2021-12-24,Blockdaemon Inc.,1.0,1.0,3,0,0,0,0
2021-12-24,COINQVEST LLC,1.0,1.0,3,0,0,0,0
2021-12-24,Keybase,1.0,0.7307,3,1,0,0,0
2021-12-24,LOBSTR,1.0,1.0,5,0,0,0,0
2021-12-24,SatoshiPay,1.0,1.0,3,0,0,0,0
2021-12-24,Stellar Development Foundation,1.0,1.0,3,0,0,0,0
2021-12-24,Wirex Limited,1.0,1.0,3,0,0,0,0
2021-12-25,Blockdaemon Inc.,1.0,1.0,3,0,0,0,0
2021-12-25,COINQVEST LLC,1.0,1.0,3,0,0,0,0
2021-12-25,Keybase,1.0,0.7438,3,1,0,0,0
2021-12-25,LOBSTR,1.0,1.0,5,0,0,0,0
2021-12-25,SatoshiPay,1.0,1.0,3,0,0,0,0
2021-12-25,Stellar Development Foundation,1.0,1.0,3,0,0,0,0
2021-12-25,Wirex Limited,1.0,1.0,3,0,0,0,0
2021-12-26,Blockdaemon Inc.,1.0,1.0,3,0,0,0,0
2021-12-26,COINQVEST LLC,1.0,1.0,3,0,0,0,0
2021-12-26,Keybase,1.0,0.8372,3,1,0,0,0
2021-12-26,LOBSTR,1.0,1.0,5,0,0,0,0
2021-12-26,SatoshiPay,1.0,1.0,3,0,0,0,0
2021-12-26,Stellar Development Foundation,1.0,1.0,3,0,0,0,0
2021-12-26,Wirex Limited,1.0,1.0,3,0,0,0,0
2021-12-27,Blockdaemon Inc.,1.0,1.0,3,0,0,0,0
2021-12-27,COINQVEST LLC,1.0,1.0,3,0,0,0,0
2021-12-27,Keybase,1.0,0.62,3,1,0,0,0
2021-12-27,LOBSTR,1.0,1.0,5,0,0,0,0
2021-12-27,SatoshiPay,1.0,1.0,3,0,0,0,0
2021-12-27,Stellar Development Foundation,1.0,1.0,3,0,0,0,0
2021-12-27,Wirex Limited,1.0,1.0,3,0,0,0,0
2021-12-28,Blockdaemon Inc.,1.0,1.0,3,0,0,0,0
2021-12-28,COINQVEST LLC,1.0,1.0,3,0,0,0,0
2021-12-28,Keybase,1.0,0.7312,3,1,0,0,0
2021-12-28,LOBSTR,1.0,1.0,5,0,0,0,0
2021-12-28,SatoshiPay,1.0,1.0,3,0,0,0,0
2021-12-28,Stellar Development Foundation,1.0,1.0,3,0,0,0,0
2021-12-28,Wirex Limited,1.0,1.0,3,0,0,0,0
2021-12-29,Blockdaemon Inc.,1.0,1.0,3,0,0,0,0
2021-12-29,COINQVEST LLC,1.0,1.0,3,0,0,0,0
2021-12-29,Keybase,1.0,0.5616,3,1,0,0,0
2021-12-29,LOBSTR,1.0,1.0,5,0,0,0,0
2021-12-29,SatoshiPay,1.0,1.0,3,0,0,0,0
2021-12-29,Stellar Development Foundation,1.0,1.0,3,0,0,0,0
2021-12-29,Wirex Limited,1.0,1.0,3,0,0,0,0
2021-12-30,Blockdaemon Inc.,1.0,1.0,3,0,0,0,0
2021-12-30,COINQVEST LLC,1.0,1.0,3,0,0,0,0
2021-12-30,Keybase,1.0,0.5887,3,1,0,0,0
2021-12-30,LOBSTR,1.0,1.0,5,0,0,0,0
2021-12-30,SatoshiPay,1.0,1.0,3,0,0,0,0
2021-12-30,Stellar Development Foundation,1.0,1.0,3,0,0,0,0
2021-12-30,Wirex Limited,1.0,1.0,3,0,0,0,0
2021-12-31,Blockdaemon Inc.,1.0,1.0,3,0,0,0,0
2021-12-31,COINQVEST LLC,1.0,1.0,3,0,0,0,0
2021-12-31,Keybase,1.0,0.7896,3,1,0,0,0
2021-12-31,LOBSTR,1.0,1.0,5,0,0,0,0
2021-12-31,SatoshiPay,1.0,1.0,3,0,0,0,0
2021-12-31,Stellar Development Foundation,1.0,1.0,3,0,0,0,0
2021-12-31,Wirex Limited,1.0,1.0,3,0,0,0,0
2022-01-01,Blockdaemon Inc.,1.0,1.0,3,0,0,0,0
2022-01-01,COINQVEST LLC,1.0,1.0,3,0,0,0,0
2022-01-01,Keybase,1.0,0.4042,3,1,0,0,0
2022-01-01,LOBSTR,1.0,1.0,5,0,0,0,0
2022-01-01,SatoshiPay,1.0,1.0,3,0,0,0,0
2022-01-01,Stellar Development Foundation,1.0,1.0,3,0,0,0,0
2022-01-01,Wirex Limited,1.0,1.0,3,0,0,0,0
2022-01-02,Blockdaemon Inc.,1.0,1.0,3,0,0,0,0
2022-01-02,COINQVEST LLC,1.0,1.0,3,0,0,0,0
2022-01-02,Keybase,1.0,0.6722,3,1,0,0,0
2022-01-02,LOBSTR,1.0,0.9958,5,0,0,0,0
2022-01-02,SatoshiPay,1.0,1.0,3,0,0,0,0
2022-01-02,Stellar Development Foundation,1.0,1.0,3,0,0,0,0
2022-01-02,Wirex Limited,1.0,1.0,3,0,0,0,0
2022-01-03,Blockdaemon Inc.,1.0,1.0,3,0,0,0,0
2022-01-03,COINQVEST LLC,1.0,1.0,3,0,0,0,0
2022-01-03,Keybase,1.0,0.4656,3,1,0,0,0
2022-01-03,LOBSTR,1.0,0.9896,5,0,0,0,0
2022-01-03,SatoshiPay,1.0,1.0,3,0,0,0,0
2022-01-03,Stellar Development Foundation,1.0,1.0,3,0,0,0,0
2022-01-03,Wirex Limited,1.0,1.0,3,0,0,0,0
2022-01-04,Blockdaemon Inc.,1.0,1.0,3,0,0,0,0
2022-01-04,COINQVEST LLC,1.0,1.0,3,0,0,0,0
2022-01-04,Keybase,1.0,0.3979,3,1,0,0,0
2022-01-04,LOBSTR,1.0,0.9979,5,0,0,0,0
2022-01-04,SatoshiPay,1.0,1.0,3,0,0,0,0
2022-01-04,Stellar Development Foundation,1.0,1.0,3,0,0,0,0
2022-01-04,Wirex Limited,1.0,1.0,3,0,0,0,0
2022-01-05,Blockdaemon Inc.,1.0,1.0,3,0,0,0,0
2022-01-05,COINQVEST LLC,1.0,1.0,3,0,0,0,0
2022-01-05,Keybase,1.0,0.2042,3,1,0,0,0
2022-01-05,LOBSTR,1.0,0.9938,5,0,0,0,0
2022-01-05,SatoshiPay,1.0,1.0,3,0,0,0,0
2022-01-05,Stellar Development Foundation,1.0,1.0,3,0,0,0,0
2022-01-05,Wirex Limited,1.0,1.0,3,0,0,0,0
2022-01-06,Blockdaemon Inc.,1.0,1.0,3,0,0,0,0
2022-01-06,COINQVEST LLC,1.0,1.0,3,0,0,0,0
2022-01-06,Keybase,1.0,0.3695,3,1,0,0,0
2022-01-06,LOBSTR,1.0,0.9937,5,0,0,0,0
2022-01-06,SatoshiPay,1.0,1.0,3,0,0,0,0
2022-01-06,Stellar Development Foundation,1.0,1.0,3,0,0,0,0
2022-01-06,Wirex Limited,1.0,1.0,3,0,0,0,0
2022-01-07,Blockdaemon Inc.,1.0,1.0,3,0,0,0,0
2022-01-07,COINQVEST LLC,1.0,1.0,3,0,0,0,0
2022-01-07,Keybase,1.0,0.3521,3,1,0,0,0
2022-01-07,LOBSTR,1.0,0.9938,5,0,0,0,0
2022-01-07,SatoshiPay,1.0,1.0,3,0,0,0,0
2022-01-07,Stellar Development Foundation,1.0,1.0,3,0,0,0,0
2022-01-07,Wirex Limited,1.0,1.0,3,0,0,0,0
2022-01-08,Blockdaemon Inc.,1.0,1.0,3,0,0,0,0
2022-01-08,COINQVEST LLC,1.0,1.0,3,0,0,0,0
2022-01-08,Keybase,1.0,0.0708,3,1,0,1,0
2022-01-08,LOBSTR,1.0,1.0,5,0,0,0,0
2022-01-08,SatoshiPay,1.0,1.0,3,0,0,0,0
2022-01-08,Stellar Development Foundation,1.0,1.0,3,0,0,0,0
2022-01-08,Wirex Limited,1.0,1.0,3,0,0,0,0
2022-01-09,Blockdaemon Inc.,1.0,1.0,3,0,0,0,0
2022-01-09,COINQVEST LLC,1.0,1.0,3,0,0,0,0
2022-01-09,Keybase,1.0,0.3173,3,1,0,0,0
2022-01-09,LOBSTR,1.0,1.0,5,0,0,0,0
2022-01-09,SatoshiPay,1.0,1.0,3,0,0,0,0
2022-01-09,Stellar Development Foundation,1.0,1.0,3,0,0,0,0
2022-01-09,Wirex Limited,1.0,1.0,3,0,0,0,0
2022-01-10,Blockdaemon Inc.,1.0,1.0,3,0,0,0,0
2022-01-10,COINQVEST LLC,1.0,1.0,3,0,0,0,0
2022-01-10,Keybase,1.0,0.3854,3,1,0,0,0
2022-01-10,LOBSTR,1.0,1.0,5,0,0,0,0
2022-01-10,SatoshiPay,1.0,1.0,3,0,0,0,0
2022-01-10,Stellar Development Foundation,1.0,1.0,3,0,0,0,0
2022-01-10,Wirex Limited,1.0,1.0,3,0,0,0,0
2022-01-11,Blockdaemon Inc.,1.0,1.0,3,0,0,0,0
2022-01-11,COINQVEST LLC,1.0,1.0,3,0,0,0,0
2022-01-11,Keybase,1.0,0.5073,3,1,0,0,0
2022-01-11,LOBSTR,1.0,1.0,5,0,0,0,0
2022-01-11,SatoshiPay,1.0,1.0,3,0,0,0,0
2022-01-11,Stellar Development Foundation,1.0,1.0,3,0,0,0,0
2022-01-11,Wirex Limited,1.0,1.0,3,0,0,0,0
2022-01-12,Blockdaemon Inc.,1.0,1.0,3,0,0,0,0
2022-01-12,COINQVEST LLC,1.0,1.0,3,0,0,0,0
2022-01-12,Keybase,1.0,0.5992,3,1,0,0,0
2022-01-12,LOBSTR,1.0,1.0,5,0,0,0,0
2022-01-12,SatoshiPay,1.0,1.0,3,0,0,0,0
2022-01-12,Stellar Development Foundation,1.0,1.0,3,0,0,0,0
2022-01-12,Wirex Limited,1.0,1.0,3,0,0,0,0
2022-01-13,Blockdaemon Inc.,1.0,1.0,3,0,0,0,0
2022-01-13,COINQVEST LLC,1.0,1.0,3,0,0,0,0
2022-01-13,Keybase,1.0,0.5354,3,1,0,0,0
2022-01-13,LOBSTR,1.0,1.0,5,0,0,0,0
2022-01-13,SatoshiPay,1.0,1.0,3,0,0,0,0
2022-01-13,Stellar Development Foundation,1.0,1.0,3,0,0,0,0
2022-01-13,Wirex Limited,1.0,1.0,3,0,0,0,0
2022-01-14,Blockdaemon Inc.,1.0,1.0,3,0,0,0,0
2022-01-14,COINQVEST LLC,1.0,1.0,3,0,0,0,0
2022-01-14,Keybase,1.0,0.3946,3,1,0,0,0
2022-01-14,LOBSTR,1.0,1.0,5,0,0,0,0
2022-01-14,SatoshiPay,1.0,1.0,3,0,0,0,0
2022-01-14,Stellar Development Foundation,1.0,1.0,3,0,0,0,0
2022-01-14,Wirex Limited,1.0,1.0,3,0,0,0,0
2022-01-15,Blockdaemon Inc.,1.0,1.0,3,0,0,0,0
2022-01-15,COINQVEST LLC,1.0,1.0,3,0,0,0,0
2022-01-15,Keybase,1.0,0.8163,3,1,0,0,0
2022-01-15,LOBSTR,1.0,1.0,5,0,0,0,0
2022-01-15,SatoshiPay,1.0,1.0,3,0,0,0,0
2022-01-15,Stellar Development Foundation,1.0,1.0,3,0,0,0,0
2022-01-15,Wirex Limited,1.0,1.0,3,0,0,0,0
2022-01-16,Blockdaemon Inc.,1.0,1.0,3,0,0,0,0
2022-01-16,COINQVEST LLC,1.0,1.0,3,0,0,0,0
2022-01-16,Keybase,1.0,0.7917,3,1,0,0,0
2022-01-16,LOBSTR,1.0,1.0,5,0,0,0,0
2022-01-16,SatoshiPay,1.0,1.0,3,0,0,0,0
2022-01-16,Stellar Development Foundation,1.0,1.0,3,0,0,0,0
2022-01-16,Wirex Limited,1.0,1.0,3,0,0,0,0
2022-01-17,Blockdaemon Inc.,1.0,1.0,3,0,0,0,0
2022-01-17,COINQVEST LLC,1.0,1.0,3,0,0,0,0
2022-01-17,Keybase,1.0,0.7043,3,1,0,0,0
2022-01-17,LOBSTR,1.0,0.9957,5,0,0,0,0
2022-01-17,SatoshiPay,1.0,1.0,3,0,0,0,0
2022-01-17,Stellar Development Foundation,1.0,1.0,3,0,0,0,0
2022-01-17,Wirex Limited,1.0,1.0,3,0,0,0,0
2022-01-18,Blockdaemon Inc.,1.0,1.0,3,0,0,0,0
2022-01-18,COINQVEST LLC,1.0,1.0,3,0,0,0,0
2022-01-18,Keybase,1.0,0.7787,3,1,0,0,0
2022-01-18,LOBSTR,1.0,1.0,5,0,0,0,0
2022-01-18,SatoshiPay,1.0,1.0,3,0,0,0,0
2022-01-18,Stellar Development Foundation,1.0,1.0,3,0,0,0,0
2022-01-18,Wirex Limited,1.0,1.0,3,0,0,0,0
2022-01-19,Blockdaemon Inc.,1.0,1.0,3,0,0,0,0
2022-01-19,COINQVEST LLC,1.0,1.0,3,0,0,0,0
2022-01-19,Keybase,1.0,0.6229,3,1,0,0,0
2022-01-19,LOBSTR,1.0,1.0,5,0,0,0,0
2022-01-19,SatoshiPay,1.0,1.0,3,0,0,0,0
2022-01-19,Stellar Development Foundation,1.0,1.0,3,0,0,0,0
2022-01-19,Wirex Limited,1.0,1.0,3,0,0,0,0
2022-01-20,Blockdaemon Inc.,1.0,0.9958,3,0,0,0,0
2022-01-20,COINQVEST LLC,1.0,0.9979,3,0,0,0,0
2022-01-20,Keybase,1.0,0.8142,3,1,0,0,0
2022-01-20,LOBSTR,1.0,0.9937,5,0,0,0,0
2022-01-20,SatoshiPay,1.0,1.0,3,0,0,0,0
2022-01-20,Stellar Development Foundation,1.0,1.0,3,0,0,0,0
2022-01-20,Wirex Limited,1.0,1.0,3,0,0,0,0
2022-01-21,Blockdaemon Inc.,1.0,0.9979,3,0,0,0,0
2022-01-21,COINQVEST LLC,1.0,1.0,3,0,0,0,0
2022-01-21,Keybase,1.0,0.858,3,1,0,0,0
2022-01-21,LOBSTR,1.0,1.0,5,0,0,0,0
2022-01-21,SatoshiPay,1.0,1.0,3,0,0,0,0
2022-01-21,Stellar Development Foundation,1.0,0.9958,3,0,0,0,0
2022-01-21,Wirex Limited,1.0,1.0,3,0,0,0,0
2022-01-22,Blockdaemon Inc.,1.0,1.0,3,0,0,0,0
2022-01-22,COINQVEST LLC,1.0,1.0,3,0,0,0,0
2022-01-22,Keybase,1.0,0.8417,3,1,0,0,0
2022-01-22,LOBSTR,1.0,1.0,5,0,0,0,0
2022-01-22,SatoshiPay,1.0,1.0,3,0,0,0,0
2022-01-22,Stellar Development Foundation,1.0,0.9938,3,0,0,0,0
2022-01-22,Wirex Limited,1.0,1.0,3,0,0,0,0
2022-01-23,Blockdaemon Inc.,1.0,1.0,3,0,0,0,0
2022-01-23,COINQVEST LLC,1.0,1.0,3,0,0,0,0
2022-01-23,Keybase,1.0,0.8083,3,1,0,0,0
2022-01-23,LOBSTR,1.0,1.0,5,0,0,0,0
2022-01-23,SatoshiPay,1.0,1.0,3,0,0,0,0
2022-01-23,Stellar Development Foundation,1.0,1.0,3,0,0,0,0
2022-01-23,Wirex Limited,1.0,1.0,3,0,0,0,0
2022-01-24,Blockdaemon Inc.,1.0,0.9687,3,0,0,0,0
2022-01-24,COINQVEST LLC,1.0,1.0,3,0,0,0,0
2022-01-24,Keybase,1.0,0.7411,3,1,0,0,0
2022-01-24,LOBSTR,1.0,1.0,5,0,0,0,0
2022-01-24,SatoshiPay,1.0,1.0,3,0,0,0,0
2022-01-24,Stellar Development Foundation,1.0,1.0,3,0,0,0,0
2022-01-24,Wirex Limited,1.0,1.0,3,0,0,0,0
2022-01-25,Blockdaemon Inc.,1.0,0.9979,3,0,0,0,0
2022-01-25,COINQVEST LLC,1.0,0.9979,3,0,0,0,0
2022-01-25,Keybase,1.0,0.6715,3,1,0,0,0
2022-01-25,LOBSTR,1.0,1.0,5,0,0,0,0
2022-01-25,SatoshiPay,1.0,1.0,3,0,0,0,0
2022-01-25,Stellar Development Foundation,1.0,1.0,3,0,0,0,0
2022-01-25,Wirex Limited,1.0,1.0,3,0,0,0,0
2022-01-26,Blockdaemon Inc.,1.0,1.0,3,0,0,0,0
2022-01-26,COINQVEST LLC,1.0,1.0,3,0,0,0,0
2022-01-26,Keybase,1.0,0.7704,3,1,0,0,0
2022-01-26,LOBSTR,1.0,1.0,5,0,0,0,0
2022-01-26,SatoshiPay,1.0,1.0,3,0,0,0,0
2022-01-26,Stellar Development Foundation,1.0,1.0,3,0,0,0,0
2022-01-26,Wirex Limited,1.0,1.0,3,0,0,0,0
2022-01-27,Blockdaemon Inc.,1.0,1.0,3,0,0,0,0
2022-01-27,COINQVEST LLC,1.0,1.0,3,0,0,0,0
2022-01-27,Keybase,1.0,0.7866,3,1,0,0,0
2022-01-27,LOBSTR,1.0,0.9979,5,0,0,0,0
2022-01-27,SatoshiPay,1.0,1.0,3,0,0,0,0
2022-01-27,Stellar Development Foundation,1.0,1.0,3,0,0,0,0
2022-01-27,Wirex Limited,1.0,1.0,3,0,0,0,0
2022-01-28,Blockdaemon Inc.,1.0,0.9958,3,0,0,0,0
2022-01-28,COINQVEST LLC,1.0,1.0,3,0,0,0,0
2022-01-28,Keybase,1.0,0.7161,3,1,0,0,0
2022-01-28,LOBSTR,1.0,1.0,5,0,0,0,0
2022-01-28,SatoshiPay,1.0,1.0,3,0,0,0,0
2022-01-28,Stellar Development Foundation,1.0,1.0,3,0,0,0,0
2022-01-28,Wirex Limited,1.0,1.0,3,0,0,0,0
2022-01-29,Blockdaemon Inc.,1.0,1.0,3,0,0,0,0
2022-01-29,COINQVEST LLC,1.0,1.0,3,0,0,0,0
2022-01-29,Keybase,1.0,0.7641,3,1,0,0,0
2022-01-29,LOBSTR,1.0,1.0,5,0,0,0,0
2022-01-29,SatoshiPay,1.0,1.0,3,0,0,0,0
2022-01-29,Stellar Development Foundation,1.0,1.0,3,0,0,0,0
2022-01-29,Wirex Limited,1.0,1.0,3,0,0,0,0
2022-01-30,Blockdaemon Inc.,1.0,0.9979,3,0,0,0,0
2022-01-30,COINQVEST LLC,1.0,1.0,3,0,0,0,0
2022-01-30,Keybase,1.0,0.7063,3,1,0,0,0
2022-01-30,LOBSTR,1.0,1.0,5,0,0,0,0
2022-01-30,SatoshiPay,1.0,1.0,3,0,0,0,0
2022-01-30,Stellar Development Foundation,1.0,1.0,3,0,0,0,0
2022-01-30,Wirex Limited,1.0,1.0,3,0,0,0,0
2022-01-31,Blockdaemon Inc.,1.0,1.0,3,0,0,0,0
2022-01-31,COINQVEST LLC,1.0,1.0,3,0,0,0,0
2022-01-31,Keybase,1.0,0.7557,3,1,0,0,0
2022-01-31,LOBSTR,1.0,1.0,5,0,0,0,0
2022-01-31,SatoshiPay,1.0,1.0,3,0,0,0,0
2022-01-31,Stellar Development Foundation,1.0,1.0,3,0,0,0,0
2022-01-31,Wirex Limited,1.0,1.0,3,0,0,0,0
2022-02-01,Blockdaemon Inc.,1.0,0.9979,3,0,0,0,0
2022-02-01,COINQVEST LLC,1.0,1.0,3,0,0,0,0
2022-02-01,Keybase,1.0,0.6409,3,1,0,0,0
2022-02-01,LOBSTR,1.0,0.9603,5,0,0,0,0
2022-02-01,SatoshiPay,1.0,1.0,3,0,0,0,0
2022-02-01,Stellar Development Foundation,1.0,1.0,3,0,0,0,0
2022-02-01,Wirex Limited,1.0,1.0,3,0,0,0,0
2022-02-02,Blockdaemon Inc.,1.0,1.0,3,0,0,0,0
2022-02-02,COINQVEST LLC,1.0,1.0,3,0,0,0,0
2022-02-02,Keybase,1.0,0.643,3,1,0,0,0
2022-02-02,LOBSTR,1.0,0.9937,5,0,0,0,0
2022-02-02,SatoshiPay,1.0,1.0,3,0,0,0,0
2022-02-02,Stellar Development Foundation,1.0,1.0,3,0,0,0,0
2022-02-02,Wirex Limited,1.0,1.0,3,0,0,0,0
2022-02-03,Blockdaemon Inc.,1.0,1.0,3,0,0,0,0
2022-02-03,COINQVEST LLC,1.0,1.0,3,0,0,0,0
2022-02-03,Keybase,1.0,0.645,3,1,0,0,0
2022-02-03,LOBSTR,1.0,0.9979,5,0,0,0,0
2022-02-03,SatoshiPay,1.0,1.0,3,0,0,0,0
2022-02-03,Stellar Development Foundation,1.0,1.0,3,0,0,0,0
2022-02-03,Wirex Limited,1.0,1.0,3,0,0,0,0
2022-02-04,Blockdaemon Inc.,1.0,1.0,3,0,0,0,0
2022-02-04,COINQVEST LLC,1.0,1.0,3,0,0,0,0
2022-02-04,Keybase,1.0,0.4319,3,1,0,0,0
2022-02-04,LOBSTR,1.0,0.9916,5,0,0,0,0
2022-02-04,SatoshiPay,1.0,1.0,3,0,0,0,0
2022-02-04,Stellar Development Foundation,1.0,1.0,3,0,0,0,0
2022-02-04,Wirex Limited,1.0,1.0,3,0,0,0,0
2022-02-05,Blockdaemon Inc.,1.0,1.0,3,0,0,0,0
2022-02-05,COINQVEST LLC,1.0,1.0,3,0,0,0,0
2022-02-05,Keybase,1.0,0.5542,3,1,0,0,0
2022-02-05,LOBSTR,1.0,0.9979,5,0,0,0,0
2022-02-05,SatoshiPay,1.0,1.0,3,0,0,0,0
2022-02-05,Stellar Development Foundation,1.0,1.0,3,0,0,0,0
2022-02-05,Wirex Limited,1.0,1.0,3,0,0,0,0
2022-02-06,Blockdaemon Inc.,1.0,1.0,3,0,0,0,0
2022-02-06,COINQVEST LLC,1.0,1.0,3,0,0,0,0
2022-02-06,Keybase,1.0,0.5335,3,1,0,0,0
2022-02-06,LOBSTR,1.0,0.977,5,0,0,0,0
2022-02-06,SatoshiPay,1.0,1.0,3,0,0,0,0
2022-02-06,Stellar Development Foundation,1.0,1.0,3,0,0,0,0
2022-02-06,Wirex Limited,1.0,1.0,3,0,0,0,0
2022-02-07,Blockdaemon Inc.,1.0,1.0,3,0,0,0,0
2022-02-07,COINQVEST LLC,1.0,1.0,3,0,0,0,0
2022-02-07,Keybase,1.0,0.4489,3,1,0,0,0
2022-02-07,LOBSTR,1.0,0.7578,5,1,0,0,0
2022-02-07,SatoshiPay,1.0,1.0,3,0,0,0,0
2022-02-07,Stellar Development Foundation,1.0,1.0,3,0,0,0,0
2022-02-07,Wirex Limited,1.0,1.0,3,0,0,0,0
2022-02-08,Blockdaemon Inc.,1.0,0.9958,3,0,0,0,0
2022-02-08,COINQVEST LLC,1.0,1.0,3,0,0,0,0
2022-02-08,Keybase,1.0,0.3716,3,1,0,0,0
2022-02-08,LOBSTR,1.0,0.9019,5,0,0,0,0
2022-02-08,SatoshiPay,1.0,1.0,3,0,0,0,0
2022-02-08,Stellar Development Foundation,1.0,1.0,3,0,0,0,0
2022-02-08,Wirex Limited,1.0,0.9979,3,0,0,0,0
2022-02-09,Blockdaemon Inc.,1.0,1.0,3,0,0,0,0
2022-02-09,COINQVEST LLC,1.0,1.0,3,0,0,0,0
2022-02-09,Keybase,1.0,0.5428,3,1,0,0,0
2022-02-09,LOBSTR,1.0,1.0,5,0,0,0,0
2022-02-09,SatoshiPay,1.0,1.0,3,0,0,0,0
2022-02-09,Stellar Development Foundation,1.0,1.0,3,0,0,0,0
2022-02-09,Wirex Limited,1.0,1.0,3,0,0,0,0
2022-02-10,Blockdaemon Inc.,1.0,1.0,3,0,0,0,0
2022-02-10,COINQVEST LLC,1.0,1.0,3,0,0,0,0
2022-02-10,Keybase,1.0,0.6527,3,1,0,0,0
2022-02-10,LOBSTR,1.0,0.9958,5,0,0,0,0
2022-02-10,SatoshiPay,1.0,1.0,3,0,0,0,0
2022-02-10,Stellar Development Foundation,1.0,1.0,3,0,0,0,0
2022-02-10,Wirex Limited,1.0,1.0,3,0,0,0,0
2022-02-11,Blockdaemon Inc.,1.0,1.0,3,0,0,0,0
2022-02-11,COINQVEST LLC,1.0,1.0,3,0,0,0,0
2022-02-11,Keybase,1.0,0.4583,3,1,0,0,0
2022-02-11,LOBSTR,1.0,1.0,5,0,0,0,0
2022-02-11,SatoshiPay,1.0,1.0,3,0,0,0,0
2022-02-11,Stellar Development Foundation,1.0,1.0,3,0,0,0,0
2022-02-11,Wirex Limited,1.0,1.0,3,0,0,0,0
2022-02-12,Blockdaemon Inc.,1.0,0.9979,3,0,0,0,0
2022-02-12,COINQVEST LLC,1.0,1.0,3,0,0,0,0
2022-02-12,Keybase,1.0,0.6025,3,1,0,0,0
2022-02-12,LOBSTR,1.0,1.0,5,0,0,0,0
2022-02-12,SatoshiPay,1.0,1.0,3,0,0,0,0
2022-02-12,Stellar Development Foundation,1.0,1.0,3,0,0,0,0
2022-02-12,Wirex Limited,1.0,1.0,3,0,0,0,0
2022-02-13,Blockdaemon Inc.,1.0,1.0,3,0,0,0,0
2022-02-13,COINQVEST LLC,1.0,1.0,3,0,0,0,0
2022-02-13,Keybase,1.0,0.6367,3,1,0,0,0
2022-02-13,LOBSTR,1.0,1.0,5,0,0,0,0
2022-02-13,SatoshiPay,1.0,1.0,3,0,0,0,0
2022-02-13,Stellar Development Foundation,1.0,1.0,3,0,0,0,0
2022-02-13,Wirex Limited,1.0,1.0,3,0,0,0,0
2022-02-14,Blockdaemon Inc.,1.0,0.9979,3,0,0,0,0
2022-02-14,COINQVEST LLC,1.0,1.0,3,0,0,0,0
2022-02-14,Keybase,1.0,0.4593,3,1,0,0,0
2022-02-14,LOBSTR,1.0,1.0,5,0,0,0,0
2022-02-14,SatoshiPay,1.0,1.0,3,0,0,0,0
2022-02-14,Stellar Development Foundation,1.0,1.0,3,0,0,0,0
2022-02-14,Wirex Limited,1.0,1.0,3,0,0,0,0
2022-02-15,Blockdaemon Inc.,1.0,1.0,3,0,0,0,0
2022-02-15,COINQVEST LLC,1.0,1.0,3,0,0,0,0
2022-02-15,Keybase,1.0,0.3,3,1,0,0,0
2022-02-15,LOBSTR,1.0,1.0,5,0,0,0,0
2022-02-15,SatoshiPay,1.0,1.0,3,0,0,0,0
2022-02-15,Stellar Development Foundation,1.0,1.0,3,0,0,0,0
2022-02-15,Wirex Limited,1.0,1.0,3,0,0,0,0
2022-02-16,Blockdaemon Inc.,1.0,1.0,3,0,0,0,0
2022-02-16,COINQVEST LLC,1.0,1.0,3,0,0,0,0
2022-02-16,Keybase,1.0,0.4614,3,1,0,0,0
2022-02-16,LOBSTR,1.0,1.0,5,0,0,0,0
2022-02-16,SatoshiPay,1.0,1.0,3,0,0,0,0
2022-02-16,Stellar Development Foundation,1.0,1.0,3,0,0,0,0
2022-02-16,Wirex Limited,1.0,1.0,3,0,0,0,0
2022-02-17,Blockdaemon Inc.,1.0,0.9958,3,0,0,0,0
2022-02-17,COINQVEST LLC,1.0,1.0,3,0,0,0,0
2022-02-17,Keybase,1.0,0.2171,3,1,0,0,0
2022-02-17,LOBSTR,1.0,1.0,5,0,0,0,0
2022-02-17,SatoshiPay,1.0,1.0,3,0,0,0,0
2022-02-17,Stellar Development Foundation,1.0,1.0,3,0,0,0,0
2022-02-17,Wirex Limited,1.0,1.0,3,0,0,0,0
2022-02-18,Blockdaemon Inc.,1.0,0.9958,3,0,0,0,0
2022-02-18,COINQVEST LLC,1.0,1.0,3,0,0,0,0
2022-02-18,Keybase,1.0,0.1545,3,1,0,0,0
2022-02-18,LOBSTR,1.0,1.0,5,0,0,0,0
2022-02-18,SatoshiPay,1.0,1.0,3,0,0,0,0
2022-02-18,Stellar Development Foundation,1.0,1.0,3,0,0,0,0
2022-02-18,Wirex Limited,1.0,1.0,3,0,0,0,0
2022-02-19,Blockdaemon Inc.,1.0,1.0,3,0,0,0,0
2022-02-19,COINQVEST LLC,1.0,1.0,3,0,0,0,0
2022-02-19,Keybase,1.0,0.309,3,1,0,0,0
2022-02-19,LOBSTR,1.0,1.0,5,0,0,0,0
2022-02-19,SatoshiPay,1.0,1.0,3,0,0,0,0
2022-02-19,Stellar Development Foundation,1.0,1.0,3,0,0,0,0
2022-02-19,Wirex Limited,1.0,1.0,3,0,0,0,0
2022-02-20,Blockdaemon Inc.,1.0,1.0,3,0,0,0,0
2022-02-20,COINQVEST LLC,1.0,1.0,3,0,0,0,0
2022-02-20,Keybase,1.0,0.0,3,1,0,1,0
2022-02-20,LOBSTR,1.0,0.9979,5,0,0,0,0
2022-02-20,SatoshiPay,1.0,1.0,3,0,0,0,0
2022-02-20,Stellar Development Foundation,1.0,1.0,3,0,0,0,0
2022-02-20,Wirex Limited,1.0,1.0,3,0,0,0,0
2022-02-21,Blockdaemon Inc.,1.0,1.0,3,0,0,0,0
2022-02-21,COINQVEST LLC,1.0,1.0,3,0,0,0,0
2022-02-21,Keybase,1.0,0.0,3,1,0,1,0
2022-02-21,LOBSTR,1.0,1.0,5,0,0,0,0
2022-02-21,SatoshiPay,1.0,1.0,3,0,0,0,0
2022-02-21,Stellar Development Foundation,1.0,1.0,3,0,0,0,0
2022-02-21,Wirex Limited,1.0,1.0,3,0,0,0,0
2022-02-22,Blockdaemon Inc.,1.0,1.0,3,0,0,0,0
2022-02-22,COINQVEST LLC,1.0,1.0,3,0,0,0,0
2022-02-22,Keybase,1.0,0.0,3,1,0,1,0
2022-02-22,LOBSTR,1.0,1.0,5,0,0,0,0
2022-02-22,SatoshiPay,1.0,1.0,3,0,0,0,0
2022-02-22,Stellar Development Foundation,1.0,1.0,3,0,0,0,0
2022-02-22,Wirex Limited,1.0,1.0,3,0,0,0,0
2022-02-23,Blockdaemon Inc.,1.0,0.9979,3,0,0,0,0
2022-02-23,COINQVEST LLC,1.0,1.0,3,0,0,0,0
2022-02-23,Keybase,1.0,0.0,3,1,0,1,0
2022-02-23,LOBSTR,1.0,1.0,5,0,0,0,0
2022-02-23,SatoshiPay,1.0,1.0,3,0,0,0,0
2022-02-23,Stellar Development Foundation,1.0,1.0,3,0,0,0,0
2022-02-23,Wirex Limited,1.0,1.0,3,0,0,0,0
2022-02-24,Blockdaemon Inc.,1.0,0.9916,3,0,0,0,0
2022-02-24,COINQVEST LLC,1.0,1.0,3,0,0,0,0
2022-02-24,Keybase,1.0,0.0,3,1,0,1,0
2022-02-24,LOBSTR,1.0,0.9854,5,0,0,0,0
2022-02-24,SatoshiPay,1.0,1.0,3,0,0,0,0
2022-02-24,Stellar Development Foundation,1.0,1.0,3,0,0,0,0
2022-02-24,Wirex Limited,1.0,1.0,3,0,0,0,0
2022-02-25,Blockdaemon Inc.,1.0,0.9958,3,0,0,0,0
2022-02-25,COINQVEST LLC,1.0,0.9979,3,0,0,0,0
2022-02-25,Keybase,1.0,0.0,3,1,0,1,0
2022-02-25,LOBSTR,1.0,1.0,5,0,0,0,0
2022-02-25,SatoshiPay,1.0,1.0,3,0,0,0,0
2022-02-25,Stellar Development Foundation,1.0,1.0,3,0,0,0,0
2022-02-25,Wirex Limited,1.0,1.0,3,0,0,0,0
2022-02-26,Blockdaemon Inc.,1.0,0.9979,3,0,0,0,0
2022-02-26,COINQVEST LLC,1.0,1.0,3,0,0,0,0
2022-02-26,Keybase,1.0,0.0,3,1,0,1,0
2022-02-26,LOBSTR,1.0,0.9666,5,0,0,0,0
2022-02-26,SatoshiPay,1.0,1.0,3,0,0,0,0
2022-02-26,Stellar Development Foundation,1.0,1.0,3,0,0,0,0
2022-02-26,Wirex Limited,1.0,1.0,3,0,0,0,0
2022-02-27,Blockdaemon Inc.,1.0,0.9916,3,0,0,0,0
2022-02-27,COINQVEST LLC,1.0,1.0,3,0,0,0,0
2022-02-27,Keybase,1.0,1.0,2,0,0,0,0
2022-02-27,LOBSTR,1.0,0.9937,5,0,0,0,0
2022-02-27,SatoshiPay,1.0,1.0,3,0,0,0,0
2022-02-27,Stellar Development Foundation,1.0,1.0,3,0,0,0,0
2022-02-27,Wirex Limited,1.0,1.0,3,0,0,0,0
2022-02-28,Blockdaemon Inc.,1.0,0.9874,3,0,0,0,0
2022-02-28,COINQVEST LLC,1.0,1.0,3,0,0,0,0
2022-02-28,Keybase,1.0,0.0,3,1,0,1,0
2022-02-28,LOBSTR,1.0,0.855,5,1,0,0,0
2022-02-28,SatoshiPay,1.0,1.0,3,0,0,0,0
2022-02-28,Stellar Development Foundation,1.0,1.0,3,0,0,0,0
2022-02-28,Wirex Limited,1.0,1.0,3,0,0,0,0
2022-03-01,Blockdaemon Inc.,1.0,0.977,3,0,0,0,0
2022-03-01,COINQVEST LLC,1.0,1.0,3,0,0,0,0
2022-03-01,Keybase,1.0,0.0,3,1,0,1,0
2022-03-01,LOBSTR,1.0,0.9081,5,0,0,0,0
2022-03-01,SatoshiPay,1.0,1.0,3,0,0,0,0
2022-03-01,Stellar Development Foundation,1.0,1.0,3,0,0,0,0
2022-03-01,Wirex Limited,1.0,1.0,3,0,0,0,0
2022-03-02,Blockdaemon Inc.,1.0,1.0,3,0,0,0,0
2022-03-02,COINQVEST LLC,1.0,0.9979,3,0,0,0,0
2022-03-02,Keybase,1.0,0.0,3,1,0,1,0
2022-03-02,LOBSTR,1.0,1.0,5,0,0,0,0
2022-03-02,SatoshiPay,1.0,1.0,3,0,0,0,0
2022-03-02,Stellar Development Foundation,1.0,1.0,3,0,0,0,0
2022-03-02,Wirex Limited,1.0,1.0,3,0,0,0,0
2022-03-03,Blockdaemon Inc.,1.0,1.0,3,0,0,0,0
2022-03-03,COINQVEST LLC,1.0,1.0,3,0,0,0,0
2022-03-03,Keybase,1.0,0.0,3,1,0,1,0
2022-03-03,LOBSTR,1.0,0.9916,5,0,0,0,0
2022-03-03,SatoshiPay,1.0,1.0,3,0,0,0,0
2022-03-03,Stellar Development Foundation,1.0,1.0,3,0,0,0,0
2022-03-03,Wirex Limited,1.0,1.0,3,0,0,0,0
2022-03-04,Blockdaemon Inc.,1.0,1.0,3,0,0,0,0
2022-03-04,COINQVEST LLC,1.0,1.0,3,0,0,0,0
2022-03-04,Keybase,1.0,0.0,3,1,0,1,0
2022-03-04,LOBSTR,1.0,0.9603,5,0,0,0,0
2022-03-04,SatoshiPay,1.0,1.0,3,0,0,0,0
2022-03-04,Stellar Development Foundation,1.0,1.0,3,0,0,0,0
2022-03-04,Wirex Limited,1.0,1.0,3,0,0,0,0
2022-03-05,Blockdaemon Inc.,1.0,0.9937,3,0,0,0,0
2022-03-05,COINQVEST LLC,1.0,1.0,3,0,0,0,0
2022-03-05,Keybase,1.0,0.0,3,1,0,1,0
2022-03-05,LOBSTR,1.0,0.9937,5,0,0,0,0
2022-03-05,SatoshiPay,1.0,1.0,3,0,0,0,0
2022-03-05,Stellar Development Foundation,1.0,1.0,3,0,0,0,0
2022-03-05,Wirex Limited,1.0,1.0,3,0,0,0,0
2022-03-06,Blockdaemon Inc.,1.0,1.0,3,0,0,0,0
2022-03-06,COINQVEST LLC,1.0,1.0,3,0,0,0,0
2022-03-06,Keybase,1.0,0.0,3,1,0,1,0
2022-03-06,LOBSTR,1.0,1.0,5,0,0,0,0
2022-03-06,SatoshiPay,1.0,1.0,3,0,0,0,0
2022-03-06,Stellar Development Foundation,1.0,1.0,3,0,0,0,0
2022-03-06,Wirex Limited,1.0,1.0,3,0,0,0,0
2022-03-07,Blockdaemon Inc.,1.0,1.0,3,0,0,0,0
2022-03-07,COINQVEST LLC,1.0,1.0,3,0,0,0,0
2022-03-07,Keybase,1.0,0.0,3,1,0,1,0
2022-03-07,LOBSTR,1.0,0.9937,5,0,0,0,0
2022-03-07,SatoshiPay,1.0,1.0,3,0,0,0,0
2022-03-07,Stellar Development Foundation,1.0,1.0,3,0,0,0,0
2022-03-07,Wirex Limited,1.0,1.0,3,0,0,0,0
2022-03-08,Blockdaemon Inc.,1.0,1.0,3,0,0,0,0
2022-03-08,COINQVEST LLC,1.0,1.0,3,0,0,0,0
2022-03-08,Keybase,1.0,0.0,3,1,0,1,0
2022-03-08,LOBSTR,1.0,0.9958,5,0,0,0,0
2022-03-08,Public Node,1.0,1.0,3,0,0,0,0
2022-03-08,SatoshiPay,1.0,1.0,3,0,0,0,0
2022-03-08,Stellar Development Foundation,1.0,1.0,3,0,0,0,0
2022-03-08,Wirex Limited,1.0,1.0,3,0,0,0,0
2022-03-09,Blockdaemon Inc.,1.0,1.0,3,0,0,0,0
2022-03-09,COINQVEST LLC,1.0,1.0,3,0,0,0,0
2022-03-09,Keybase,1.0,0.0,3,1,0,1,0
2022-03-09,LOBSTR,1.0,0.9957,5,0,0,0,0
2022-03-09,Public Node,1.0,1.0,3,0,0,0,0
2022-03-09,SatoshiPay,1.0,1.0,3,0,0,0,0
2022-03-09,Stellar Development Foundation,1.0,1.0,3,0,0,0,0
2022-03-09,Wirex Limited,1.0,1.0,3,0,0,0,0
2022-03-10,Blockdaemon Inc.,1.0,1.0,3,0,0,0,0
2022-03-10,COINQVEST LLC,1.0,0.9979,3,0,0,0,0
2022-03-10,Keybase,1.0,0.0,3,1,0,1,0
2022-03-10,LOBSTR,1.0,0.9937,5,0,0,0,0
2022-03-10,Public Node,1.0,1.0,3,0,0,0,0
2022-03-10,SatoshiPay,1.0,1.0,3,0,0,0,0
2022-03-10,Stellar Development Foundation,1.0,1.0,3,0,0,0,0
2022-03-10,Wirex Limited,1.0,1.0,3,0,0,0,0
2022-03-11,Blockdaemon Inc.,1.0,1.0,3,0,0,0,0
2022-03-11,COINQVEST LLC,1.0,1.0,3,0,0,0,0
2022-03-11,Keybase,1.0,0.0,3,1,0,1,0
2022-03-11,LOBSTR,1.0,1.0,5,0,0,0,0
2022-03-11,Public Node,1.0,1.0,3,0,0,0,0
2022-03-11,SatoshiPay,1.0,1.0,3,0,0,0,0
2022-03-11,Stellar Development Foundation,1.0,1.0,3,0,0,0,0
2022-03-11,Wirex Limited,1.0,1.0,3,0,0,0,0
2022-03-12,Blockdaemon Inc.,1.0,0.9958,3,0,0,0,0
2022-03-12,COINQVEST LLC,1.0,1.0,3,0,0,0,0
2022-03-12,Keybase,1.0,0.0,3,1,0,1,0
2022-03-12,LOBSTR,1.0,1.0,5,0,0,0,0
2022-03-12,Public Node,1.0,1.0,3,0,0,0,0
2022-03-12,SatoshiPay,1.0,1.0,3,0,0,0,0
2022-03-12,Stellar Development Foundation,1.0,1.0,3,0,0,0,0
2022-03-12,Wirex Limited,1.0,1.0,3,0,0,0,0
2022-03-13,Blockdaemon Inc.,1.0,1.0,3,0,0,0,0
2022-03-13,COINQVEST LLC,1.0,1.0,3,0,0,0,0
2022-03-13,Keybase,1.0,0.0,3,1,0,1,0
2022-03-13,LOBSTR,1.0,0.9916,5,0,0,0,0
2022-03-13,Public Node,1.0,1.0,3,0,0,0,0
2022-03-13,SatoshiPay,1.0,1.0,3,0,0,0,0
2022-03-13,Stellar Development Foundation,1.0,1.0,3,0,0,0,0
2022-03-13,Wirex Limited,1.0,1.0,3,0,0,0,0
2022-03-14,Blockdaemon Inc.,1.0,0.9958,3,0,0,0,0
2022-03-14,COINQVEST LLC,1.0,1.0,3,0,0,0,0
2022-03-14,LOBSTR,1.0,0.9979,5,0,0,0,0
2022-03-14,Public Node,1.0,1.0,3,0,0,0,0
2022-03-14,SatoshiPay,1.0,1.0,3,0,0,0,0
2022-03-14,Stellar Development Foundation,1.0,1.0,3,0,0,0,0
2022-03-14,Wirex Limited,1.0,0.937,3,0,0,0,0
2022-03-15,Blockdaemon Inc.,1.0,0.9875,3,0,0,0,0
2022-03-15,COINQVEST LLC,1.0,1.0,3,0,0,0,0
2022-03-15,LOBSTR,1.0,0.9958,5,0,0,0,0
2022-03-15,Public Node,1.0,1.0,3,0,0,0,0
2022-03-15,SatoshiPay,1.0,1.0,3,0,0,0,0
2022-03-15,Stellar Development Foundation,1.0,1.0,3,0,0,0,0
2022-03-15,Wirex Limited,1.0,1.0,3,0,0,0,0
2022-03-16,Blockdaemon Inc.,1.0,0.9979,3,0,0,0,0
2022-03-16,COINQVEST LLC,1.0,1.0,3,0,0,0,0
2022-03-16,LOBSTR,1.0,1.0,5,0,0,0,0
2022-03-16,Public Node,1.0,1.0,3,0,0,0,0
2022-03-16,SatoshiPay,1.0,1.0,3,0,0,0,0
2022-03-16,Stellar Development Foundation,1.0,1.0,3,0,0,0,0
2022-03-16,Wirex Limited,1.0,0.9937,3,0,0,0,0
2022-03-17,Blockdaemon Inc.,1.0,1.0,3,0,0,0,0
2022-03-17,COINQVEST LLC,1.0,1.0,3,0,0,0,0
2022-03-17,LOBSTR,1.0,1.0,5,0,0,0,0
2022-03-17,Public Node,1.0,1.0,3,0,0,0,0
2022-03-17,SatoshiPay,1.0,1.0,3,0,0,0,0
2022-03-17,Stellar Development Foundation,1.0,1.0,3,0,0,0,0
2022-03-17,Wirex Limited,1.0,1.0,3,0,0,0,0
2022-03-18,Blockdaemon Inc.,1.0,1.0,3,0,0,0,0
2022-03-18,COINQVEST LLC,1.0,0.9979,3,0,0,0,0
2022-03-18,LOBSTR,1.0,0.9979,5,0,0,0,0
2022-03-18,Public Node,1.0,1.0,3,0,0,0,0
2022-03-18,SatoshiPay,1.0,1.0,3,0,0,0,0
2022-03-18,Stellar Development Foundation,1.0,1.0,3,0,0,0,0
2022-03-18,Wirex Limited,1.0,1.0,3,0,0,0,0
2022-03-19,Blockdaemon Inc.,1.0,1.0,3,0,0,0,0
2022-03-19,COINQVEST LLC,1.0,1.0,3,0,0,0,0
2022-03-19,LOBSTR,1.0,1.0,5,0,0,0,0
2022-03-19,Public Node,1.0,1.0,3,0,0,0,0
2022-03-19,SatoshiPay,1.0,1.0,3,0,0,0,0
2022-03-19,Stellar Development Foundation,1.0,1.0,3,0,0,0,0
2022-03-19,Wirex Limited,1.0,1.0,3,0,0,0,0
2022-03-20,Blockdaemon Inc.,1.0,1.0,3,0,0,0,0
2022-03-20,COINQVEST LLC,1.0,1.0,3,0,0,0,0
2022-03-20,LOBSTR,1.0,0.9937,5,0,0,0,0
2022-03-20,Public Node,1.0,1.0,3,0,0,0,0
2022-03-20,SatoshiPay,1.0,1.0,3,0,0,0,0
2022-03-20,Stellar Development Foundation,1.0,1.0,3,0,0,0,0
2022-03-20,Wirex Limited,1.0,1.0,3,0,0,0,0
2022-03-21,Blockdaemon Inc.,1.0,1.0,3,0,0,0,0
2022-03-21,COINQVEST LLC,1.0,1.0,3,0,0,0,0
2022-03-21,LOBSTR,1.0,1.0,5,0,0,0,0
2022-03-21,Public Node,1.0,1.0,3,0,0,0,0
2022-03-21,SatoshiPay,1.0,1.0,3,0,0,0,0
2022-03-21,Stellar Development Foundation,1.0,1.0,3,0,0,0,0
2022-03-21,Wirex Limited,1.0,1.0,3,0,0,0,0
2022-03-22,Blockdaemon Inc.,1.0,1.0,3,0,0,0,0
2022-03-22,COINQVEST LLC,1.0,1.0,3,0,0,0,0
2022-03-22,LOBSTR,1.0,1.0,5,0,0,0,0
2022-03-22,Public Node,1.0,1.0,3,0,0,0,0
2022-03-22,SatoshiPay,1.0,1.0,3,0,0,0,0
2022-03-22,Stellar Development Foundation,1.0,1.0,3,0,0,0,0
2022-03-22,Wirex Limited,1.0,1.0,3,0,0,0,0
2022-03-23,Blockdaemon Inc.,1.0,1.0,3,0,0,0,0
2022-03-23,COINQVEST LLC,1.0,1.0,3,0,0,0,0
2022-03-23,LOBSTR,1.0,1.0,5,0,0,0,0
2022-03-23,Public Node,1.0,1.0,3,0,0,0,0
2022-03-23,SatoshiPay,1.0,1.0,3,0,0,0,0
2022-03-23,Stellar Development Foundation,1.0,1.0,3,0,0,0,0
2022-03-23,Wirex Limited,1.0,1.0,3,0,0,0,0
2022-03-24,Blockdaemon Inc.,1.0,1.0,3,0,0,0,0
2022-03-24,COINQVEST LLC,1.0,1.0,3,0,0,0,0
2022-03-24,LOBSTR,1.0,1.0,5,0,0,0,0
2022-03-24,Public Node,1.0,1.0,3,0,0,0,0
2022-03-24,SatoshiPay,1.0,1.0,3,0,0,0,0
2022-03-24,Stellar Development Foundation,1.0,1.0,3,0,0,0,0
2022-03-24,Wirex Limited,1.0,1.0,3,0,0,0,0
2022-03-25,Blockdaemon Inc.,1.0,1.0,3,0,0,0,0
2022-03-25,COINQVEST LLC,1.0,1.0,3,0,0,0,0
2022-03-25,LOBSTR,1.0,1.0,5,0,0,0,0
2022-03-25,Public Node,1.0,1.0,3,0,0,0,0
2022-03-25,SatoshiPay,1.0,1.0,3,0,0,0,0
2022-03-25,Stellar Development Foundation,1.0,1.0,3,0,0,0,0
2022-03-25,Wirex Limited,1.0,1.0,3,0,0,0,0
2022-03-26,Blockdaemon Inc.,1.0,1.0,3,0,0,0,0
2022-03-26,COINQVEST LLC,1.0,1.0,3,0,0,0,0
2022-03-26,LOBSTR,1.0,1.0,5,0,0,0,0
2022-03-26,Public Node,1.0,1.0,3,0,0,0,0
2022-03-26,SatoshiPay,1.0,1.0,3,0,0,0,0
2022-03-26,Stellar Development Foundation,1.0,1.0,3,0,0,0,0
2022-03-26,Wirex Limited,1.0,1.0,3,0,0,0,0
2022-03-27,Blockdaemon Inc.,1.0,1.0,3,0,0,0,0
2022-03-27,COINQVEST LLC,1.0,1.0,3,0,0,0,0
2022-03-27,LOBSTR,1.0,0.9938,5,0,0,0,0
2022-03-27,Public Node,1.0,1.0,3,0,0,0,0
2022-03-27,SatoshiPay,1.0,1.0,3,0,0,0,0
2022-03-27,Stellar Development Foundation,1.0,1.0,3,0,0,0,0
2022-03-27,Wirex Limited,1.0,1.0,3,0,0,0,0
2022-03-28,Blockdaemon Inc.,1.0,1.0,3,0,0,0,0
2022-03-28,COINQVEST LLC,1.0,1.0,3,0,0,0,0
2022-03-28,LOBSTR,1.0,0.9833,5,0,0,0,0
2022-03-28,Public Node,1.0,1.0,3,0,0,0,0
2022-03-28,SatoshiPay,1.0,1.0,3,0,0,0,0
2022-03-28,Stellar Development Foundation,1.0,1.0,3,0,0,0,0
2022-03-28,Wirex Limited,1.0,1.0,3,0,0,0,0
2022-03-29,Blockdaemon Inc.,1.0,1.0,3,0,0,0,0
2022-03-29,COINQVEST LLC,1.0,1.0,3,0,0,0,0
2022-03-29,LOBSTR,1.0,0.9979,5,0,0,0,0
2022-03-29,Public Node,1.0,1.0,3,0,0,0,0
2022-03-29,SatoshiPay,1.0,1.0,3,0,0,0,0
2022-03-29,Stellar Development Foundation,1.0,1.0,3,0,0,0,0
2022-03-29,Wirex Limited,1.0,1.0,3,0,0,0,0
2022-03-30,Blockdaemon Inc.,1.0,1.0,3,0,0,0,0
2022-03-30,COINQVEST LLC,1.0,1.0,3,0,0,0,0
2022-03-30,LOBSTR,1.0,1.0,5,0,0,0,0
2022-03-30,Public Node,1.0,1.0,3,0,0,0,0
2022-03-30,SatoshiPay,1.0,1.0,3,0,0,0,0
2022-03-30,Stellar Development Foundation,1.0,1.0,3,0,0,0,0
2022-03-30,Wirex Limited,1.0,0.9979,3,0,0,0,0
2022-03-31,Blockdaemon Inc.,1.0,1.0,3,0,0,0,0
2022-03-31,COINQVEST LLC,1.0,0.9979,3,0,0,0,0
2022-03-31,LOBSTR,1.0,1.0,5,0,0,0,0
2022-03-31,Public Node,1.0,1.0,3,0,0,0,0
2022-03-31,SatoshiPay,1.0,1.0,3,0,0,0,0
2022-03-31,Stellar Development Foundation,1.0,1.0,3,0,0,0,0
2022-03-31,Wirex Limited,1.0,1.0,3,0,0,0,0
2022-04-01,Blockdaemon Inc.,1.0,1.0,3,0,0,0,0
2022-04-01,COINQVEST LLC,1.0,1.0,3,0,0,0,0
2022-04-01,LOBSTR,1.0,0.9749,5,0,0,0,0
2022-04-01,Public Node,1.0,1.0,3,0,0,0,0
2022-04-01,SatoshiPay,1.0,1.0,3,0,0,0,0
2022-04-01,Stellar Development Foundation,1.0,1.0,3,0,0,0,0
2022-04-01,Wirex Limited,1.0,1.0,3,0,0,0,0
2022-04-02,Blockdaemon Inc.,1.0,1.0,3,0,0,0,0
2022-04-02,COINQVEST LLC,1.0,1.0,3,0,0,0,0
2022-04-02,LOBSTR,1.0,0.8434,5,1,0,0,0
2022-04-02,Public Node,1.0,1.0,3,0,0,0,0
2022-04-02,SatoshiPay,1.0,1.0,3,0,0,0,0
2022-04-02,Stellar Development Foundation,1.0,1.0,3,0,0,0,0
2022-04-02,Wirex Limited,1.0,0.9958,3,0,0,0,0
2022-04-03,Blockdaemon Inc.,1.0,1.0,3,0,0,0,0
2022-04-03,COINQVEST LLC,1.0,1.0,3,0,0,0,0
2022-04-03,LOBSTR,1.0,1.0,5,0,0,0,0
2022-04-03,Public Node,1.0,1.0,3,0,0,0,0
2022-04-03,SatoshiPay,1.0,1.0,3,0,0,0,0
2022-04-03,Stellar Development Foundation,1.0,1.0,3,0,0,0,0
2022-04-03,Wirex Limited,1.0,1.0,3,0,0,0,0
2022-04-04,Blockdaemon Inc.,1.0,1.0,3,0,0,0,0
2022-04-04,COINQVEST LLC,1.0,1.0,3,0,0,0,0
2022-04-04,LOBSTR,1.0,1.0,5,0,0,0,0
2022-04-04,Public Node,1.0,1.0,3,0,0,0,0
2022-04-04,SatoshiPay,1.0,1.0,3,0,0,0,0
2022-04-04,Stellar Development Foundation,1.0,1.0,3,0,0,0,0
2022-04-04,Wirex Limited,1.0,1.0,3,0,0,0,0
2022-04-05,Blockdaemon Inc.,1.0,1.0,3,0,0,0,0
2022-04-05,COINQVEST LLC,1.0,1.0,3,0,0,0,0
2022-04-05,LOBSTR,1.0,1.0,5,0,0,0,0
2022-04-05,Public Node,1.0,1.0,3,0,0,0,0
2022-04-05,SatoshiPay,1.0,1.0,3,0,0,0,0
2022-04-05,Stellar Development Foundation,1.0,1.0,3,0,0,0,0
2022-04-05,Wirex Limited,1.0,1.0,3,0,0,0,0
2022-04-06,Blockdaemon Inc.,1.0,1.0,3,0,0,0,0
2022-04-06,COINQVEST LLC,1.0,1.0,3,0,0,0,0
2022-04-06,LOBSTR,1.0,1.0,5,0,0,0,0
2022-04-06,Public Node,1.0,1.0,3,0,0,0,0
2022-04-06,SatoshiPay,1.0,1.0,3,0,0,0,0
2022-04-06,Stellar Development Foundation,1.0,1.0,3,0,0,0,0
2022-04-06,Wirex Limited,1.0,1.0,3,0,0,0,0
2022-04-07,Blockdaemon Inc.,1.0,1.0,3,0,0,0,0
2022-04-07,COINQVEST LLC,1.0,1.0,3,0,0,0,0
2022-04-07,LOBSTR,1.0,0.9874,5,0,0,0,0
2022-04-07,Public Node,1.0,1.0,3,0,0,0,0
2022-04-07,SatoshiPay,1.0,1.0,3,0,0,0,0
2022-04-07,Stellar Development Foundation,1.0,1.0,3,0,0,0,0
2022-04-07,Wirex Limited,1.0,0.9979,3,0,0,0,0
2022-04-08,Blockdaemon Inc.,1.0,1.0,3,0,0,0,0
2022-04-08,COINQVEST LLC,1.0,1.0,3,0,0,0,0
2022-04-08,LOBSTR,1.0,1.0,5,0,0,0,0
2022-04-08,Public Node,1.0,1.0,3,0,0,0,0
2022-04-08,SatoshiPay,1.0,1.0,3,0,0,0,0
2022-04-08,Stellar Development Foundation,1.0,0.9958,3,0,0,0,0
2022-04-08,Wirex Limited,1.0,0.9979,3,0,0,0,0
2022-04-09,Blockdaemon Inc.,1.0,1.0,3,0,0,0,0
2022-04-09,COINQVEST LLC,1.0,1.0,3,0,0,0,0
2022-04-09,LOBSTR,1.0,0.9854,5,0,0,0,0
2022-04-09,Public Node,1.0,1.0,3,0,0,0,0
2022-04-09,SatoshiPay,1.0,1.0,3,0,0,0,0
2022-04-09,Stellar Development Foundation,1.0,1.0,3,0,0,0,0
2022-04-09,Wirex Limited,1.0,0.9916,3,0,0,0,0
2022-04-10,Blockdaemon Inc.,1.0,1.0,3,0,0,0,0
2022-04-10,COINQVEST LLC,1.0,1.0,3,0,0,0,0
2022-04-10,LOBSTR,1.0,1.0,5,0,0,0,0
2022-04-10,Public Node,1.0,1.0,3,0,0,0,0
2022-04-10,SatoshiPay,1.0,1.0,3,0,0,0,0
2022-04-10,Stellar Development Foundation,1.0,1.0,3,0,0,0,0
2022-04-10,Wirex Limited,1.0,1.0,3,0,0,0,0
2022-04-11,Blockdaemon Inc.,1.0,1.0,3,0,0,0,0
2022-04-11,COINQVEST LLC,1.0,1.0,3,0,0,0,0
2022-04-11,LOBSTR,1.0,0.9854,5,0,0,0,0
2022-04-11,Public Node,1.0,1.0,3,0,0,0,0
2022-04-11,SatoshiPay,1.0,1.0,3,0,0,0,0
2022-04-11,Stellar Development Foundation,1.0,1.0,3,0,0,0,0
2022-04-11,Wirex Limited,1.0,0.9979,3,0,0,0,0
2022-04-12,Blockdaemon Inc.,1.0,1.0,3,0,0,0,0
2022-04-12,COINQVEST LLC,1.0,1.0,3,0,0,0,0
2022-04-12,LOBSTR,1.0,1.0,5,0,0,0,0
2022-04-12,Public Node,1.0,1.0,3,0,0,0,0
2022-04-12,SatoshiPay,1.0,1.0,3,0,0,0,0
2022-04-12,Stellar Development Foundation,1.0,1.0,3,0,0,0,0
2022-04-12,Wirex Limited,1.0,0.9979,3,0,0,0,0
2022-04-13,Blockdaemon Inc.,1.0,1.0,3,0,0,0,0
2022-04-13,COINQVEST LLC,1.0,0.9958,3,0,0,0,0
2022-04-13,LOBSTR,1.0,0.9937,5,0,0,0,0
2022-04-13,Public Node,1.0,1.0,3,0,0,0,0
2022-04-13,SatoshiPay,1.0,1.0,3,0,0,0,0
2022-04-13,Stellar Development Foundation,1.0,1.0,3,0,0,0,0
2022-04-13,Wirex Limited,1.0,0.9896,3,0,0,0,0
2022-04-14,Blockdaemon Inc.,1.0,1.0,3,0,0,0,0
2022-04-14,COINQVEST LLC,1.0,0.9979,3,0,0,0,0
2022-04-14,LOBSTR,1.0,0.9979,5,0,0,0,0
2022-04-14,Public Node,1.0,1.0,3,0,0,0,0
2022-04-14,SatoshiPay,1.0,1.0,3,0,0,0,0
2022-04-14,Stellar Development Foundation,1.0,1.0,3,0,0,0,0
2022-04-14,Wirex Limited,1.0,0.9854,3,0,0,0,0
2022-04-15,Blockdaemon Inc.,1.0,1.0,3,0,0,0,0
2022-04-15,COINQVEST LLC,1.0,1.0,3,0,0,0,0
2022-04-15,LOBSTR,1.0,1.0,5,0,0,0,0
2022-04-15,Public Node,1.0,1.0,3,0,0,0,0
2022-04-15,SatoshiPay,1.0,1.0,3,0,0,0,0
2022-04-15,Stellar Development Foundation,1.0,1.0,3,0,0,0,0
2022-04-15,Wirex Limited,0.9958,0.9896,3,0,0,0,0
2022-04-16,Blockdaemon Inc.,1.0,1.0,3,0,0,0,0
2022-04-16,COINQVEST LLC,1.0,1.0,3,0,0,0,0
2022-04-16,LOBSTR,1.0,1.0,5,0,0,0,0
2022-04-16,Public Node,1.0,1.0,3,0,0,0,0
2022-04-16,SatoshiPay,1.0,1.0,3,0,0,0,0
2022-04-16,Stellar Development Foundation,1.0,1.0,3,0,0,0,0
2022-04-16,Wirex Limited,0.9979,0.9958,3,0,0,0,0
2022-04-17,Blockdaemon Inc.,1.0,1.0,3,0,0,0,0
2022-04-17,COINQVEST LLC,1.0,1.0,3,0,0,0,0
2022-04-17,LOBSTR,1.0,0.9937,5,0,0,0,0
2022-04-17,Public Node,1.0,1.0,3,0,0,0,0
2022-04-17,SatoshiPay,1.0,1.0,3,0,0,0,0
2022-04-17,Stellar Development Foundation,1.0,1.0,3,0,0,0,0
2022-04-17,Wirex Limited,1.0,1.0,3,0,0,0,0
2022-04-18,Blockdaemon Inc.,1.0,1.0,3,0,0,0,0
2022-04-18,COINQVEST LLC,1.0,1.0,3,0,0,0,0
2022-04-18,LOBSTR,1.0,1.0,5,0,0,0,0
2022-04-18,Public Node,1.0,1.0,3,0,0,0,0
2022-04-18,SatoshiPay,1.0,1.0,3,0,0,0,0
2022-04-18,Stellar Development Foundation,1.0,1.0,3,0,0,0,0
2022-04-18,Wirex Limited,1.0,1.0,3,0,0,0,0
2022-04-19,Blockdaemon Inc.,1.0,1.0,3,0,0,0,0
2022-04-19,COINQVEST LLC,1.0,1.0,3,0,0,0,0
2022-04-19,LOBSTR,1.0,0.9979,5,0,0,0,0
2022-04-19,Public Node,1.0,1.0,3,0,0,0,0
2022-04-19,SatoshiPay,1.0,1.0,3,0,0,0,0
2022-04-19,Stellar Development Foundation,1.0,1.0,3,0,0,0,0
2022-04-19,Wirex Limited,1.0,0.9937,3,0,0,0,0
2022-04-20,Blockdaemon Inc.,1.0,1.0,3,0,0,0,0
2022-04-20,COINQVEST LLC,1.0,1.0,3,0,0,0,0
2022-04-20,LOBSTR,1.0,1.0,5,0,0,0,0
2022-04-20,Public Node,1.0,1.0,3,0,0,0,0
2022-04-20,SatoshiPay,1.0,1.0,3,0,0,0,0
2022-04-20,Stellar Development Foundation,1.0,1.0,3,0,0,0,0
2022-04-20,Wirex Limited,1.0,0.9916,3,0,0,0,0
2022-04-21,Blockdaemon Inc.,1.0,1.0,3,0,0,0,0
2022-04-21,COINQVEST LLC,1.0,1.0,3,0,0,0,0
2022-04-21,LOBSTR,1.0,0.9958,5,0,0,0,0
2022-04-21,Public Node,1.0,1.0,3,0,0,0,0
2022-04-21,SatoshiPay,1.0,1.0,3,0,0,0,0
2022-04-21,Stellar Development Foundation,1.0,1.0,3,0,0,0,0
2022-04-21,Wirex Limited,1.0,0.9958,3,0,0,0,0
2022-04-22,Blockdaemon Inc.,1.0,1.0,3,0,0,0,0
2022-04-22,COINQVEST LLC,1.0,0.9812,3,0,0,0,0
2022-04-22,LOBSTR,1.0,0.9646,5,0,0,0,0
2022-04-22,Public Node,1.0,1.0,3,0,0,0,0
2022-04-22,SatoshiPay,1.0,1.0,3,0,0,0,0
2022-04-22,Stellar Development Foundation,1.0,1.0,3,0,0,0,0
2022-04-22,Wirex Limited,1.0,1.0,3,0,0,0,0
2022-04-23,Blockdaemon Inc.,1.0,1.0,3,0,0,0,0
2022-04-23,COINQVEST LLC,1.0,1.0,3,0,0,0,0
2022-04-23,LOBSTR,1.0,0.9791,5,0,0,0,0
2022-04-23,Public Node,1.0,1.0,3,0,0,0,0
2022-04-23,SatoshiPay,1.0,1.0,3,0,0,0,0
2022-04-23,Stellar Development Foundation,1.0,1.0,3,0,0,0,0
2022-04-23,Wirex Limited,1.0,0.9875,3,0,0,0,0
2022-04-24,Blockdaemon Inc.,1.0,1.0,3,0,0,0,0
2022-04-24,COINQVEST LLC,1.0,1.0,3,0,0,0,0
2022-04-24,LOBSTR,1.0,0.952,5,0,0,0,0
2022-04-24,Public Node,1.0,1.0,3,0,0,0,0
2022-04-24,SatoshiPay,1.0,1.0,3,0,0,0,0
2022-04-24,Stellar Development Foundation,1.0,1.0,3,0,0,0,0
2022-04-24,Wirex Limited,1.0,0.9916,3,0,0,0,0
2022-04-25,Blockdaemon Inc.,1.0,1.0,3,0,0,0,0
2022-04-25,COINQVEST LLC,1.0,1.0,3,0,0,0,0
2022-04-25,LOBSTR,1.0,0.9979,5,0,0,0,0
2022-04-25,Public Node,1.0,1.0,3,0,0,0,0
2022-04-25,SatoshiPay,1.0,1.0,3,0,0,0,0
2022-04-25,Stellar Development Foundation,1.0,1.0,3,0,0,0,0
2022-04-25,Wirex Limited,1.0,1.0,3,0,0,0,0
2022-04-26,Blockdaemon Inc.,1.0,1.0,3,0,0,0,0
2022-04-26,COINQVEST LLC,1.0,1.0,3,0,0,0,0
2022-04-26,LOBSTR,1.0,1.0,5,0,0,0,0
2022-04-26,Public Node,1.0,1.0,3,0,0,0,0
2022-04-26,SatoshiPay,1.0,1.0,3,0,0,0,0
2022-04-26,Stellar Development Foundation,1.0,1.0,3,0,0,0,0
2022-04-26,Wirex Limited,1.0,1.0,3,0,0,0,0
2022-04-27,Blockdaemon Inc.,1.0,1.0,3,0,0,0,0
2022-04-27,COINQVEST LLC,1.0,1.0,3,0,0,0,0
2022-04-27,LOBSTR,1.0,1.0,5,0,0,0,0
2022-04-27,Public Node,1.0,1.0,3,0,0,0,0
2022-04-27,SatoshiPay,1.0,1.0,3,0,0,0,0
2022-04-27,Stellar Development Foundation,1.0,1.0,3,0,0,0,0
2022-04-27,Wirex Limited,1.0,0.9979,3,0,0,0,0
2022-04-28,Blockdaemon Inc.,1.0,1.0,3,0,0,0,0
2022-04-28,COINQVEST LLC,1.0,0.9979,3,0,0,0,0
2022-04-28,LOBSTR,1.0,0.9979,5,0,0,0,0
2022-04-28,Public Node,1.0,1.0,3,0,0,0,0
2022-04-28,SatoshiPay,1.0,1.0,3,0,0,0,0
2022-04-28,Stellar Development Foundation,1.0,1.0,3,0,0,0,0
2022-04-28,Wirex Limited,0.9937,0.9896,3,0,0,0,0
2022-04-29,Blockdaemon Inc.,1.0,1.0,3,0,0,0,0
2022-04-29,COINQVEST LLC,1.0,1.0,3,0,0,0,0
2022-04-29,LOBSTR,1.0,0.9979,5,0,0,0,0
2022-04-29,Public Node,1.0,1.0,3,0,0,0,0
2022-04-29,SatoshiPay,1.0,1.0,3,0,0,0,0
2022-04-29,Stellar Development Foundation,1.0,1.0,3,0,0,0,0
2022-04-29,Wirex Limited,0.9958,0.9916,3,0,0,0,0
2022-04-30,Blockdaemon Inc.,1.0,1.0,3,0,0,0,0
2022-04-30,COINQVEST LLC,1.0,1.0,3,0,0,0,0
2022-04-30,LOBSTR,1.0,1.0,5,0,0,0,0
2022-04-30,Public Node,1.0,1.0,3,0,0,0,0
2022-04-30,SatoshiPay,1.0,1.0,3,0,0,0,0
2022-04-30,Stellar Development Foundation,1.0,1.0,3,0,0,0,0
2022-04-30,Wirex Limited,0.9896,0.9812,3,1,0,0,0
2022-05-01,Blockdaemon Inc.,1.0,1.0,3,0,0,0,0
2022-05-01,COINQVEST LLC,1.0,1.0,3,0,0,0,0
2022-05-01,LOBSTR,1.0,1.0,5,0,0,0,0
2022-05-01,Public Node,1.0,1.0,3,0,0,0,0
2022-05-01,SatoshiPay,1.0,1.0,3,0,0,0,0
2022-05-01,Stellar Development Foundation,1.0,1.0,3,0,0,0,0
2022-05-01,Wirex Limited,0.9979,0.9875,3,0,0,0,0
2022-05-02,Blockdaemon Inc.,1.0,1.0,3,0,0,0,0
2022-05-02,COINQVEST LLC,1.0,1.0,3,0,0,0,0
2022-05-02,LOBSTR,1.0,1.0,5,0,0,0,0
2022-05-02,Public Node,1.0,1.0,3,0,0,0,0
2022-05-02,SatoshiPay,1.0,1.0,3,0,0,0,0
2022-05-02,Stellar Development Foundation,1.0,1.0,3,0,0,0,0
2022-05-02,Wirex Limited,1.0,0.9854,3,0,0,0,0
2022-05-03,Blockdaemon Inc.,1.0,1.0,3,0,0,0,0
2022-05-03,COINQVEST LLC,1.0,1.0,3,0,0,0,0
2022-05-03,LOBSTR,1.0,0.9979,5,0,0,0,0
2022-05-03,Public Node,1.0,1.0,3,0,0,0,0
2022-05-03,SatoshiPay,1.0,1.0,3,0,0,0,0
2022-05-03,Stellar Development Foundation,1.0,1.0,3,0,0,0,0
2022-05-03,Wirex Limited,1.0,0.9165,3,0,0,0,0
2022-05-04,Blockdaemon Inc.,1.0,1.0,3,0,0,0,0
2022-05-04,COINQVEST LLC,1.0,1.0,3,0,0,0,0
2022-05-04,LOBSTR,1.0,0.9729,5,0,0,0,0
2022-05-04,Public Node,1.0,1.0,3,0,0,0,0
2022-05-04,SatoshiPay,1.0,1.0,3,0,0,0,0
2022-05-04,Stellar Development Foundation,1.0,1.0,3,0,0,0,0
2022-05-04,Wirex Limited,0.9979,0.8622,3,1,0,0,0
2022-05-05,Blockdaemon Inc.,1.0,1.0,3,0,0,0,0
2022-05-05,COINQVEST LLC,1.0,0.9916,3,0,0,0,0
2022-05-05,LOBSTR,1.0,0.8975,5,1,0,0,0
2022-05-05,Public Node,1.0,1.0,3,0,0,0,0
2022-05-05,SatoshiPay,1.0,1.0,3,0,0,0,0
2022-05-05,Stellar Development Foundation,1.0,1.0,3,0,0,0,0
2022-05-05,Wirex Limited,0.9979,0.9958,3,0,0,0,0
2022-05-06,Blockdaemon Inc.,1.0,1.0,3,0,0,0,0
2022-05-06,COINQVEST LLC,1.0,1.0,3,0,0,0,0
2022-05-06,LOBSTR,1.0,0.9708,5,0,0,0,0
2022-05-06,Public Node,1.0,0.9937,3,0,0,0,0
2022-05-06,SatoshiPay,1.0,1.0,3,0,0,0,0
2022-05-06,Stellar Development Foundation,1.0,1.0,3,0,0,0,0
2022-05-06,Wirex Limited,1.0,1.0,3,0,0,0,0
2022-05-07,Blockdaemon Inc.,1.0,1.0,3,0,0,0,0
2022-05-07,COINQVEST LLC,1.0,1.0,3,0,0,0,0
2022-05-07,LOBSTR,1.0,0.9916,5,0,0,0,0
2022-05-07,Public Node,1.0,1.0,3,0,0,0,0
2022-05-07,SatoshiPay,1.0,1.0,3,0,0,0,0
2022-05-07,Stellar Development Foundation,1.0,1.0,3,0,0,0,0
2022-05-07,Wirex Limited,1.0,1.0,3,0,0,0,0
2022-05-08,Blockdaemon Inc.,1.0,1.0,3,0,0,0,0
2022-05-08,COINQVEST LLC,1.0,1.0,3,0,0,0,0
2022-05-08,LOBSTR,1.0,1.0,5,0,0,0,0
2022-05-08,Public Node,1.0,1.0,3,0,0,0,0
2022-05-08,SatoshiPay,1.0,1.0,3,0,0,0,0
2022-05-08,Stellar Development Foundation,1.0,1.0,3,0,0,0,0
2022-05-08,Wirex Limited,1.0,1.0,3,0,0,0,0
2022-05-09,Blockdaemon Inc.,1.0,1.0,3,0,0,0,0
2022-05-09,COINQVEST LLC,1.0,1.0,3,0,0,0,0
2022-05-09,LOBSTR,1.0,0.9958,5,0,0,0,0
2022-05-09,Public Node,1.0,1.0,3,0,0,0,0
2022-05-09,SatoshiPay,1.0,1.0,3,0,0,0,0
2022-05-09,Stellar Development Foundation,1.0,1.0,3,0,0,0,0
2022-05-09,Wirex Limited,1.0,1.0,3,0,0,0,0
2022-05-10,Blockdaemon Inc.,1.0,1.0,3,0,0,0,0
2022-05-10,COINQVEST LLC,1.0,1.0,3,0,0,0,0
2022-05-10,LOBSTR,1.0,0.9749,5,0,0,0,0
2022-05-10,Public Node,1.0,1.0,3,0,0,0,0
2022-05-10,SatoshiPay,1.0,1.0,3,0,0,0,0
2022-05-10,Stellar Development Foundation,1.0,1.0,3,0,0,0,0
2022-05-10,Wirex Limited,1.0,0.9415,3,0,0,0,0
2022-05-11,Blockdaemon Inc.,1.0,1.0,3,0,0,0,0
2022-05-11,COINQVEST LLC,1.0,1.0,3,0,0,0,0
2022-05-11,LOBSTR,1.0,0.9728,5,0,0,0,0
2022-05-11,Public Node,1.0,1.0,3,0,0,0,0
2022-05-11,SatoshiPay,1.0,1.0,3,0,0,0,0
2022-05-11,Stellar Development Foundation,1.0,1.0,3,0,0,0,0
2022-05-11,Wirex Limited,1.0,0.9477,3,0,0,0,0
2022-05-12,Blockdaemon Inc.,1.0,1.0,3,0,0,0,0
2022-05-12,COINQVEST LLC,1.0,1.0,3,0,0,0,0
2022-05-12,LOBSTR,1.0,0.9895,5,0,0,0,0
2022-05-12,Public Node,1.0,1.0,3,0,0,0,0
2022-05-12,SatoshiPay,1.0,1.0,3,0,0,0,0
2022-05-12,Stellar Development Foundation,1.0,1.0,3,0,0,0,0
2022-05-12,Wirex Limited,1.0,0.9686,3,0,0,0,0
2022-05-13,Blockdaemon Inc.,1.0,1.0,3,0,0,0,0
2022-05-13,COINQVEST LLC,1.0,1.0,3,0,0,0,0
2022-05-13,LOBSTR,1.0,0.9938,5,0,0,0,0
2022-05-13,Public Node,1.0,1.0,3,0,0,0,0
2022-05-13,SatoshiPay,1.0,1.0,3,0,0,0,0
2022-05-13,Stellar Development Foundation,1.0,1.0,3,0,0,0,0
2022-05-13,Wirex Limited,1.0,1.0,3,0,0,0,0
2022-05-14,Blockdaemon Inc.,1.0,1.0,3,0,0,0,0
2022-05-14,COINQVEST LLC,1.0,1.0,3,0,0,0,0
2022-05-14,LOBSTR,1.0,0.9979,5,0,0,0,0
2022-05-14,Public Node,1.0,1.0,3,0,0,0,0
2022-05-14,SatoshiPay,1.0,1.0,3,0,0,0,0
2022-05-14,Stellar Development Foundation,1.0,1.0,3,0,0,0,0
2022-05-14,Wirex Limited,1.0,1.0,3,0,0,0,0
2022-05-15,Blockdaemon Inc.,1.0,1.0,3,0,0,0,0
2022-05-15,COINQVEST LLC,1.0,1.0,3,0,0,0,0
2022-05-15,LOBSTR,1.0,1.0,5,0,0,0,0
2022-05-15,Public Node,1.0,1.0,3,0,0,0,0
2022-05-15,SatoshiPay,1.0,1.0,3,0,0,0,0
2022-05-15,Stellar Development Foundation,1.0,1.0,3,0,0,0,0
2022-05-15,Wirex Limited,1.0,1.0,3,0,0,0,0
2022-05-16,Blockdaemon Inc.,1.0,1.0,3,0,0,0,0
2022-05-16,COINQVEST LLC,1.0,0.9979,3,0,0,0,0
2022-05-16,LOBSTR,1.0,0.9979,5,0,0,0,0
2022-05-16,Public Node,1.0,1.0,3,0,0,0,0
2022-05-16,SatoshiPay,1.0,1.0,3,0,0,0,0
2022-05-16,Stellar Development Foundation,1.0,1.0,3,0,0,0,0
2022-05-16,Wirex Limited,1.0,1.0,3,0,0,0,0
2022-05-17,Blockdaemon Inc.,1.0,1.0,3,0,0,0,0
2022-05-17,COINQVEST LLC,1.0,1.0,3,0,0,0,0
2022-05-17,LOBSTR,1.0,0.3724,5,1,0,0,0
2022-05-17,Public Node,1.0,1.0,3,0,0,0,0
2022-05-17,SatoshiPay,1.0,1.0,3,0,0,0,0
2022-05-17,Stellar Development Foundation,1.0,1.0,3,0,0,0,0
2022-05-17,Wirex Limited,1.0,1.0,3,0,0,0,0
2022-05-18,Blockdaemon Inc.,1.0,1.0,3,0,0,0,0
2022-05-18,COINQVEST LLC,1.0,1.0,3,0,0,0,0
2022-05-18,LOBSTR,1.0,0.9019,5,0,0,0,0
2022-05-18,Public Node,1.0,1.0,3,0,0,0,0
2022-05-18,SatoshiPay,1.0,1.0,3,0,0,0,0
2022-05-18,Stellar Development Foundation,1.0,1.0,3,0,0,0,0
2022-05-18,Wirex Limited,0.977,0.9729,3,1,0,0,0
2022-05-19,Blockdaemon Inc.,1.0,1.0,3,0,0,0,0
2022-05-19,COINQVEST LLC,1.0,1.0,3,0,0,0,0
2022-05-19,LOBSTR,1.0,0.9979,5,0,0,0,0
2022-05-19,Public Node,1.0,1.0,3,0,0,0,0
2022-05-19,SatoshiPay,1.0,1.0,3,0,0,0,0
2022-05-19,Stellar Development Foundation,1.0,1.0,3,0,0,0,0
2022-05-19,Wirex Limited,1.0,1.0,3,0,0,0,0
2022-05-20,Blockdaemon Inc.,1.0,1.0,3,0,0,0,0
2022-05-20,COINQVEST LLC,1.0,1.0,3,0,0,0,0
2022-05-20,LOBSTR,1.0,1.0,5,0,0,0,0
2022-05-20,Public Node,1.0,1.0,3,0,0,0,0
2022-05-20,SatoshiPay,1.0,1.0,3,0,0,0,0
2022-05-20,Stellar Development Foundation,1.0,1.0,3,0,0,0,0
2022-05-20,Wirex Limited,1.0,1.0,3,0,0,0,0
2022-05-21,Blockdaemon Inc.,1.0,1.0,3,0,0,0,0
2022-05-21,COINQVEST LLC,1.0,0.9979,3,0,0,0,0
2022-05-21,LOBSTR,1.0,1.0,5,0,0,0,0
2022-05-21,Public Node,1.0,1.0,3,0,0,0,0
2022-05-21,SatoshiPay,1.0,1.0,3,0,0,0,0
2022-05-21,Stellar Development Foundation,1.0,1.0,3,0,0,0,0
2022-05-21,Wirex Limited,1.0,1.0,3,0,0,0,0
2022-05-22,Blockdaemon Inc.,1.0,1.0,3,0,0,0,0
2022-05-22,COINQVEST LLC,1.0,0.9979,3,0,0,0,0
2022-05-22,LOBSTR,1.0,1.0,5,0,0,0,0
2022-05-22,Public Node,1.0,1.0,3,0,0,0,0
2022-05-22,SatoshiPay,1.0,1.0,3,0,0,0,0
2022-05-22,Stellar Development Foundation,1.0,1.0,3,0,0,0,0
2022-05-22,Wirex Limited,1.0,1.0,3,0,0,0,0
2022-05-23,Blockdaemon Inc.,1.0,1.0,3,0,0,0,0
2022-05-23,COINQVEST LLC,1.0,1.0,3,0,0,0,0
2022-05-23,LOBSTR,1.0,1.0,5,0,0,0,0
2022-05-23,Public Node,1.0,1.0,3,0,0,0,0
2022-05-23,SatoshiPay,1.0,1.0,3,0,0,0,0
2022-05-23,Stellar Development Foundation,1.0,1.0,3,0,0,0,0
2022-05-23,Wirex Limited,1.0,1.0,3,0,0,0,0
2022-05-24,Blockdaemon Inc.,1.0,1.0,3,0,0,0,0
2022-05-24,COINQVEST LLC,1.0,0.9791,3,0,0,0,0
2022-05-24,LOBSTR,1.0,1.0,5,0,0,0,0
2022-05-24,Public Node,1.0,1.0,3,0,0,0,0
2022-05-24,SatoshiPay,1.0,1.0,3,0,0,0,0
2022-05-24,Stellar Development Foundation,1.0,1.0,3,0,0,0,0
2022-05-24,Wirex Limited,1.0,1.0,3,0,0,0,0
2022-05-25,Blockdaemon Inc.,1.0,1.0,3,0,0,0,0
2022-05-25,COINQVEST LLC,1.0,1.0,3,0,0,0,0
2022-05-25,LOBSTR,1.0,1.0,5,0,0,0,0
2022-05-25,Public Node,1.0,1.0,3,0,0,0,0
2022-05-25,SatoshiPay,1.0,0.9958,3,0,0,0,0
2022-05-25,Stellar Development Foundation,1.0,1.0,3,0,0,0,0
2022-05-25,Wirex Limited,1.0,1.0,3,0,0,0,0
2022-05-26,Blockdaemon Inc.,1.0,1.0,3,0,0,0,0
2022-05-26,COINQVEST LLC,1.0,0.9958,3,0,0,0,0
2022-05-26,LOBSTR,1.0,0.9392,5,0,0,0,0
2022-05-26,Public Node,1.0,1.0,3,0,0,0,0
2022-05-26,SatoshiPay,1.0,0.9539,3,0,0,0,0
2022-05-26,Stellar Development Foundation,1.0,1.0,3,0,0,0,0
2022-05-26,Wirex Limited,1.0,1.0,3,0,0,0,0
2022-05-27,Blockdaemon Inc.,1.0,1.0,3,0,0,0,0
2022-05-27,COINQVEST LLC,1.0,1.0,3,0,0,0,0
2022-05-27,LOBSTR,1.0,1.0,5,0,0,0,0
2022-05-27,Public Node,1.0,1.0,3,0,0,0,0
2022-05-27,SatoshiPay,1.0,1.0,3,0,0,0,0
2022-05-27,Stellar Development Foundation,1.0,1.0,3,0,0,0,0
2022-05-27,Wirex Limited,1.0,1.0,3,0,0,0,0
2022-05-28,Blockdaemon Inc.,1.0,1.0,3,0,0,0,0
2022-05-28,COINQVEST LLC,1.0,1.0,3,0,0,0,0
2022-05-28,LOBSTR,1.0,1.0,5,0,0,0,0
2022-05-28,Public Node,1.0,1.0,3,0,0,0,0
2022-05-28,SatoshiPay,1.0,1.0,3,0,0,0,0
2022-05-28,Stellar Development Foundation,1.0,1.0,3,0,0,0,0
2022-05-28,Wirex Limited,1.0,1.0,3,0,0,0,0
2022-05-29,Blockdaemon Inc.,1.0,1.0,3,0,0,0,0
2022-05-29,COINQVEST LLC,1.0,1.0,3,0,0,0,0
2022-05-29,LOBSTR,1.0,1.0,5,0,0,0,0
2022-05-29,Public Node,1.0,1.0,3,0,0,0,0
2022-05-29,SatoshiPay,1.0,1.0,3,0,0,0,0
2022-05-29,Stellar Development Foundation,1.0,1.0,3,0,0,0,0
2022-05-29,Wirex Limited,1.0,1.0,3,0,0,0,0
2022-05-30,Blockdaemon Inc.,1.0,1.0,3,0,0,0,0
2022-05-30,COINQVEST LLC,1.0,1.0,3,0,0,0,0
2022-05-30,LOBSTR,1.0,1.0,5,0,0,0,0
2022-05-30,Public Node,1.0,1.0,3,0,0,0,0
2022-05-30,SatoshiPay,1.0,1.0,3,0,0,0,0
2022-05-30,Stellar Development Foundation,1.0,1.0,3,0,0,0,0
2022-05-30,Wirex Limited,1.0,1.0,3,0,0,0,0
2022-05-31,Blockdaemon Inc.,1.0,1.0,3,0,0,0,0
2022-05-31,COINQVEST LLC,1.0,1.0,3,0,0,0,0
2022-05-31,LOBSTR,1.0,1.0,5,0,0,0,0
2022-05-31,Public Node,1.0,1.0,3,0,0,0,0
2022-05-31,SatoshiPay,1.0,1.0,3,0,0,0,0
2022-05-31,Stellar Development Foundation,1.0,1.0,3,0,0,0,0
2022-05-31,Wirex Limited,1.0,1.0,3,0,0,0,0
2022-06-01,Blockdaemon Inc.,1.0,1.0,3,0,0,0,0
2022-06-01,COINQVEST LLC,1.0,1.0,3,0,0,0,0
2022-06-01,LOBSTR,1.0,0.9937,5,0,0,0,0
2022-06-01,Public Node,1.0,1.0,3,0,0,0,0
2022-06-01,SatoshiPay,1.0,1.0,3,0,0,0,0
2022-06-01,Stellar Development Foundation,1.0,1.0,3,0,0,0,0
2022-06-01,Wirex Limited,1.0,1.0,3,0,0,0,0
2022-06-02,Blockdaemon Inc.,1.0,1.0,3,0,0,0,0
2022-06-02,COINQVEST LLC,1.0,1.0,3,0,0,0,0
2022-06-02,LOBSTR,1.0,1.0,5,0,0,0,0
2022-06-02,Public Node,1.0,1.0,3,0,0,0,0
2022-06-02,SatoshiPay,1.0,1.0,3,0,0,0,0
2022-06-02,Stellar Development Foundation,1.0,1.0,3,0,0,0,0
2022-06-02,Wirex Limited,1.0,1.0,3,0,0,0,0
2022-06-03,Blockdaemon Inc.,1.0,1.0,3,0,0,0,0
2022-06-03,COINQVEST LLC,1.0,1.0,3,0,0,0,0
2022-06-03,LOBSTR,1.0,1.0,5,0,0,0,0
2022-06-03,Public Node,1.0,0.9979,3,0,0,0,0
2022-06-03,SatoshiPay,1.0,1.0,3,0,0,0,0
2022-06-03,Stellar Development Foundation,1.0,1.0,3,0,0,0,0
2022-06-03,Wirex Limited,1.0,1.0,3,0,0,0,0
2022-06-04,Blockdaemon Inc.,1.0,1.0,3,0,0,0,0
2022-06-04,COINQVEST LLC,1.0,1.0,3,0,0,0,0
2022-06-04,LOBSTR,1.0,0.9686,5,0,0,0,0
2022-06-04,Public Node,1.0,1.0,3,0,0,0,0
2022-06-04,SatoshiPay,1.0,1.0,3,0,0,0,0
2022-06-04,Stellar Development Foundation,1.0,1.0,3,0,0,0,0
2022-06-04,Wirex Limited,1.0,1.0,3,0,0,0,0
2022-06-05,Blockdaemon Inc.,1.0,1.0,3,0,0,0,0
2022-06-05,COINQVEST LLC,1.0,0.9979,3,0,0,0,0
2022-06-05,LOBSTR,1.0,1.0,5,0,0,0,0
2022-06-05,Public Node,1.0,1.0,3,0,0,0,0
2022-06-05,SatoshiPay,1.0,1.0,3,0,0,0,0
2022-06-05,Stellar Development Foundation,1.0,1.0,3,0,0,0,0
2022-06-05,Wirex Limited,1.0,1.0,3,0,0,0,0
2022-06-06,Blockdaemon Inc.,1.0,1.0,3,0,0,0,0
2022-06-06,COINQVEST LLC,1.0,1.0,3,0,0,0,0
2022-06-06,LOBSTR,1.0,1.0,5,0,0,0,0
2022-06-06,Public Node,1.0,1.0,3,0,0,0,0
2022-06-06,SatoshiPay,1.0,1.0,3,0,0,0,0
2022-06-06,Stellar Development Foundation,1.0,1.0,3,0,0,0,0
2022-06-06,Wirex Limited,1.0,1.0,3,0,0,0,0
2022-06-07,Blockdaemon Inc.,1.0,1.0,3,0,0,0,0
2022-06-07,COINQVEST LLC,1.0,1.0,3,0,0,0,0
2022-06-07,LOBSTR,1.0,1.0,5,0,0,0,0
2022-06-07,Public Node,1.0,1.0,3,0,0,0,0
2022-06-07,SatoshiPay,1.0,1.0,3,0,0,0,0
2022-06-07,Stellar Development Foundation,1.0,1.0,3,0,0,0,0
2022-06-07,Wirex Limited,0.9456,0.9142,3,1,0,0,0
2022-06-08,Blockdaemon Inc.,1.0,1.0,3,0,0,0,0
2022-06-08,COINQVEST LLC,1.0,1.0,3,0,0,0,0
2022-06-08,LOBSTR,1.0,1.0,5,0,0,0,0
2022-06-08,Public Node,1.0,1.0,3,0,0,0,0
2022-06-08,SatoshiPay,1.0,1.0,3,0,0,0,0
2022-06-08,Stellar Development Foundation,1.0,1.0,3,0,0,0,0
2022-06-08,Wirex Limited,1.0,1.0,3,0,0,0,0
2022-06-09,Blockdaemon Inc.,1.0,1.0,3,0,0,0,0
2022-06-09,COINQVEST LLC,1.0,1.0,3,0,0,0,0
2022-06-09,LOBSTR,1.0,1.0,5,0,0,0,0
2022-06-09,Public Node,1.0,1.0,3,0,0,0,0
2022-06-09,SatoshiPay,1.0,1.0,3,0,0,0,0
2022-06-09,Stellar Development Foundation,1.0,1.0,3,0,0,0,0
2022-06-09,Wirex Limited,1.0,1.0,3,0,0,0,0
2022-06-10,Blockdaemon Inc.,1.0,1.0,3,0,0,0,0
2022-06-10,COINQVEST LLC,1.0,1.0,3,0,0,0,0
2022-06-10,LOBSTR,1.0,1.0,5,0,0,0,0
2022-06-10,Public Node,1.0,1.0,3,0,0,0,0
2022-06-10,SatoshiPay,1.0,1.0,3,0,0,0,0
2022-06-10,Stellar Development Foundation,1.0,1.0,3,0,0,0,0
2022-06-10,Wirex Limited,1.0,1.0,3,0,0,0,0
2022-06-11,Blockdaemon Inc.,1.0,1.0,3,0,0,0,0
2022-06-11,COINQVEST LLC,1.0,0.9958,3,0,0,0,0
2022-06-11,LOBSTR,1.0,1.0,5,0,0,0,0
2022-06-11,Public Node,1.0,1.0,3,0,0,0,0
2022-06-11,SatoshiPay,1.0,1.0,3,0,0,0,0
2022-06-11,Stellar Development Foundation,1.0,1.0,3,0,0,0,0
2022-06-11,Wirex Limited,1.0,1.0,3,0,0,0,0
2022-06-12,Blockdaemon Inc.,1.0,1.0,3,0,0,0,0
2022-06-12,COINQVEST LLC,1.0,0.9958,3,0,0,0,0
2022-06-12,LOBSTR,1.0,1.0,5,0,0,0,0
2022-06-12,Public Node,1.0,1.0,3,0,0,0,0
2022-06-12,SatoshiPay,1.0,1.0,3,0,0,0,0
2022-06-12,Stellar Development Foundation,1.0,1.0,3,0,0,0,0
2022-06-12,Wirex Limited,1.0,1.0,3,0,0,0,0
2022-06-13,Blockdaemon Inc.,1.0,1.0,3,0,0,0,0
2022-06-13,COINQVEST LLC,1.0,1.0,3,0,0,0,0
2022-06-13,LOBSTR,1.0,1.0,5,0,0,0,0
2022-06-13,Public Node,1.0,1.0,3,0,0,0,0
2022-06-13,SatoshiPay,1.0,1.0,3,0,0,0,0
2022-06-13,Stellar Development Foundation,1.0,1.0,3,0,0,0,0
2022-06-13,Wirex Limited,1.0,1.0,3,0,0,0,0
2022-06-14,Blockdaemon Inc.,1.0,1.0,3,0,0,0,0
2022-06-14,COINQVEST LLC,1.0,1.0,3,0,0,0,0
2022-06-14,LOBSTR,1.0,1.0,5,0,0,0,0
2022-06-14,Public Node,1.0,1.0,3,0,0,0,0
2022-06-14,SatoshiPay,1.0,1.0,3,0,0,0,0
2022-06-14,Stellar Development Foundation,1.0,1.0,3,0,0,0,0
2022-06-14,Wirex Limited,1.0,1.0,3,0,0,0,0
2022-06-15,Blockdaemon Inc.,1.0,1.0,3,0,0,0,0
2022-06-15,COINQVEST LLC,1.0,1.0,3,0,0,0,0
2022-06-15,LOBSTR,1.0,1.0,5,0,0,0,0
2022-06-15,Public Node,1.0,1.0,3,0,0,0,0
2022-06-15,SatoshiPay,1.0,1.0,3,0,0,0,0
2022-06-15,Stellar Development Foundation,1.0,1.0,3,0,0,0,0
2022-06-15,Wirex Limited,1.0,1.0,3,0,0,0,0
2022-06-16,Blockdaemon Inc.,1.0,1.0,3,0,0,0,0
2022-06-16,COINQVEST LLC,1.0,0.9979,3,0,0,0,0
2022-06-16,LOBSTR,1.0,1.0,5,0,0,0,0
2022-06-16,Public Node,1.0,1.0,3,0,0,0,0
2022-06-16,SatoshiPay,1.0,1.0,3,0,0,0,0
2022-06-16,Stellar Development Foundation,1.0,1.0,3,0,0,0,0
2022-06-16,Wirex Limited,1.0,1.0,3,0,0,0,0
2022-06-17,Blockdaemon Inc.,1.0,1.0,3,0,0,0,0
2022-06-17,COINQVEST LLC,1.0,1.0,3,0,0,0,0
2022-06-17,LOBSTR,1.0,1.0,5,0,0,0,0
2022-06-17,Public Node,1.0,1.0,3,0,0,0,0
2022-06-17,SatoshiPay,1.0,1.0,3,0,0,0,0
2022-06-17,Stellar Development Foundation,1.0,1.0,3,0,0,0,0
2022-06-17,Wirex Limited,1.0,1.0,3,0,0,0,0
2022-06-18,Blockdaemon Inc.,1.0,1.0,3,0,0,0,0
2022-06-18,COINQVEST LLC,1.0,0.9979,3,0,0,0,0
2022-06-18,LOBSTR,1.0,0.9937,5,0,0,0,0
2022-06-18,Public Node,1.0,1.0,3,0,0,0,0
2022-06-18,SatoshiPay,1.0,1.0,3,0,0,0,0
2022-06-18,Stellar Development Foundation,1.0,1.0,3,0,0,0,0
2022-06-18,Wirex Limited,1.0,1.0,3,0,0,0,0
2022-06-19,Blockdaemon Inc.,1.0,1.0,3,0,0,0,0
2022-06-19,COINQVEST LLC,1.0,0.9979,3,0,0,0,0
2022-06-19,LOBSTR,1.0,0.9979,5,0,0,0,0
2022-06-19,Public Node,1.0,1.0,3,0,0,0,0
2022-06-19,SatoshiPay,1.0,1.0,3,0,0,0,0
2022-06-19,Stellar Development Foundation,1.0,1.0,3,0,0,0,0
2022-06-19,Wirex Limited,1.0,1.0,3,0,0,0,0
2022-06-20,Blockdaemon Inc.,1.0,1.0,3,0,0,0,0
2022-06-20,COINQVEST LLC,1.0,1.0,3,0,0,0,0
2022-06-20,LOBSTR,1.0,1.0,5,0,0,0,0
2022-06-20,Public Node,1.0,1.0,3,0,0,0,0
2022-06-20,SatoshiPay,1.0,1.0,3,0,0,0,0
2022-06-20,Stellar Development Foundation,1.0,1.0,3,0,0,0,0
2022-06-20,Wirex Limited,1.0,1.0,3,0,0,0,0
2022-06-21,Blockdaemon Inc.,1.0,1.0,3,0,0,0,0
2022-06-21,COINQVEST LLC,1.0,1.0,3,0,0,0,0
2022-06-21,LOBSTR,1.0,0.9937,5,0,0,0,0
2022-06-21,Public Node,1.0,1.0,3,0,0,0,0
2022-06-21,SatoshiPay,1.0,1.0,3,0,0,0,0
2022-06-21,Stellar Development Foundation,1.0,1.0,3,0,0,0,0
2022-06-21,Wirex Limited,1.0,1.0,3,0,0,0,0
2022-06-22,Blockdaemon Inc.,1.0,1.0,3,0,0,0,0
2022-06-22,COINQVEST LLC,1.0,1.0,3,0,0,0,0
2022-06-22,LOBSTR,1.0,1.0,5,0,0,0,0
2022-06-22,Public Node,1.0,1.0,3,0,0,0,0
2022-06-22,SatoshiPay,1.0,1.0,3,0,0,0,0
2022-06-22,Stellar Development Foundation,1.0,1.0,3,0,0,0,0
2022-06-22,Wirex Limited,1.0,1.0,3,0,0,0,0
2022-06-23,Blockdaemon Inc.,1.0,1.0,3,0,0,0,0
2022-06-23,COINQVEST LLC,1.0,1.0,3,0,0,0,0
2022-06-23,LOBSTR,1.0,1.0,5,0,0,0,0
2022-06-23,Public Node,1.0,1.0,3,0,0,0,0
2022-06-23,SatoshiPay,1.0,1.0,3,0,0,0,0
2022-06-23,Stellar Development Foundation,1.0,1.0,3,0,0,0,0
2022-06-23,Wirex Limited,1.0,1.0,3,0,0,0,0
2022-06-24,Blockdaemon Inc.,1.0,1.0,3,0,0,0,0
2022-06-24,COINQVEST LLC,1.0,0.991,3,0,0,0,0
2022-06-24,LOBSTR,1.0,1.0,5,0,0,0,0
2022-06-24,Public Node,1.0,1.0,3,0,0,0,0
2022-06-24,SatoshiPay,1.0,1.0,3,0,0,0,0
2022-06-24,Stellar Development Foundation,1.0,1.0,3,0,0,0,0
2022-06-24,Wirex Limited,1.0,1.0,3,0,0,0,0
2022-06-25,Blockdaemon Inc.,1.0,1.0,3,0,0,0,0
2022-06-25,COINQVEST LLC,1.0,0.9975,3,0,0,0,0
2022-06-25,LOBSTR,1.0,1.0,5,0,0,0,0
2022-06-25,Public Node,1.0,1.0,3,0,0,0,0
2022-06-25,SatoshiPay,1.0,1.0,3,0,0,0,0
2022-06-25,Stellar Development Foundation,1.0,1.0,3,0,0,0,0
2022-06-25,Wirex Limited,1.0,1.0,3,0,0,0,0
2022-06-26,Blockdaemon Inc.,1.0,1.0,3,0,0,0,0
2022-06-26,COINQVEST LLC,1.0,1.0,3,0,0,0,0
2022-06-26,LOBSTR,1.0,1.0,5,0,0,0,0
2022-06-26,Public Node,1.0,1.0,3,0,0,0,0
2022-06-26,SatoshiPay,1.0,1.0,3,0,0,0,0
2022-06-26,Stellar Development Foundation,1.0,1.0,3,0,0,0,0
2022-06-26,Wirex Limited,1.0,1.0,3,0,0,0,0
2022-06-27,Blockdaemon Inc.,1.0,1.0,3,0,0,0,0
2022-06-27,COINQVEST LLC,1.0,1.0,3,0,0,0,0
2022-06-27,LOBSTR,1.0,1.0,5,0,0,0,0
2022-06-27,Public Node,1.0,1.0,3,0,0,0,0
2022-06-27,SatoshiPay,1.0,1.0,3,0,0,0,0
2022-06-27,Stellar Development Foundation,1.0,1.0,3,0,0,0,0
2022-06-27,Wirex Limited,1.0,1.0,3,0,0,0,0
2022-06-28,Blockdaemon Inc.,1.0,1.0,3,0,0,0,0
2022-06-28,COINQVEST LLC,1.0,1.0,3,0,0,0,0
2022-06-28,LOBSTR,1.0,1.0,5,0,0,0,0
2022-06-28,Public Node,1.0,1.0,3,0,0,0,0
2022-06-28,SatoshiPay,1.0,1.0,3,0,0,0,0
2022-06-28,Stellar Development Foundation,1.0,1.0,3,0,0,0,0
2022-06-28,Wirex Limited,1.0,1.0,3,0,0,0,0
2022-06-29,Blockdaemon Inc.,1.0,1.0,3,0,0,0,0
2022-06-29,COINQVEST LLC,1.0,1.0,3,0,0,0,0
2022-06-29,LOBSTR,1.0,1.0,5,0,0,0,0
2022-06-29,Public Node,1.0,1.0,3,0,0,0,0
2022-06-29,SatoshiPay,1.0,1.0,3,0,0,0,0
2022-06-29,Stellar Development Foundation,1.0,1.0,3,0,0,0,0
2022-06-29,Wirex Limited,1.0,1.0,3,0,0,0,0
2022-06-30,Blockdaemon Inc.,1.0,1.0,3,0,0,0,0
2022-06-30,COINQVEST LLC,1.0,0.9979,3,0,0,0,0
2022-06-30,LOBSTR,1.0,1.0,5,0,0,0,0
2022-06-30,Public Node,1.0,1.0,3,0,0,0,0
2022-06-30,SatoshiPay,1.0,1.0,3,0,0,0,0
2022-06-30,Stellar Development Foundation,1.0,1.0,3,0,0,0,0
2022-06-30,Wirex Limited,1.0,1.0,3,0,0,0,0
2022-07-01,Blockdaemon Inc.,1.0,1.0,3,0,0,0,0
2022-07-01,COINQVEST LLC,1.0,1.0,3,0,0,0,0
2022-07-01,LOBSTR,1.0,1.0,5,0,0,0,0
2022-07-01,Public Node,1.0,1.0,3,0,0,0,0
2022-07-01,SatoshiPay,1.0,1.0,3,0,0,0,0
2022-07-01,Stellar Development Foundation,1.0,1.0,3,0,0,0,0
2022-07-01,Wirex Limited,1.0,1.0,3,0,0,0,0
2022-07-02,Blockdaemon Inc.,1.0,1.0,3,0,0,0,0
2022-07-02,COINQVEST LLC,1.0,0.9979,3,0,0,0,0
2022-07-02,LOBSTR,1.0,1.0,5,0,0,0,0
2022-07-02,Public Node,1.0,1.0,3,0,0,0,0
2022-07-02,SatoshiPay,1.0,1.0,3,0,0,0,0
2022-07-02,Stellar Development Foundation,1.0,1.0,3,0,0,0,0
2022-07-02,Wirex Limited,1.0,1.0,3,0,0,0,0
2022-07-03,Blockdaemon Inc.,1.0,1.0,3,0,0,0,0
2022-07-03,COINQVEST LLC,1.0,1.0,3,0,0,0,0
2022-07-03,LOBSTR,1.0,1.0,5,0,0,0,0
2022-07-03,Public Node,1.0,1.0,3,0,0,0,0
2022-07-03,SatoshiPay,1.0,1.0,3,0,0,0,0
2022-07-03,Stellar Development Foundation,1.0,1.0,3,0,0,0,0
2022-07-03,Wirex Limited,1.0,1.0,3,0,0,0,0
2022-07-04,Blockdaemon Inc.,1.0,1.0,3,0,0,0,0
2022-07-04,COINQVEST LLC,1.0,1.0,3,0,0,0,0
2022-07-04,LOBSTR,1.0,1.0,5,0,0,0,0
2022-07-04,Public Node,1.0,1.0,3,0,0,0,0
2022-07-04,SatoshiPay,1.0,1.0,3,0,0,0,0
2022-07-04,Stellar Development Foundation,1.0,1.0,3,0,0,0,0
2022-07-04,Wirex Limited,1.0,1.0,3,0,0,0,0
2022-07-05,Blockdaemon Inc.,1.0,1.0,3,0,0,0,0
2022-07-05,COINQVEST LLC,1.0,1.0,3,0,0,0,0
2022-07-05,LOBSTR,1.0,1.0,5,0,0,0,0
2022-07-05,Public Node,1.0,1.0,3,0,0,0,0
2022-07-05,SatoshiPay,1.0,1.0,3,0,0,0,0
2022-07-05,Stellar Development Foundation,1.0,1.0,3,0,0,0,0
2022-07-05,Wirex Limited,1.0,1.0,3,0,0,0,0
2022-07-06,Blockdaemon Inc.,1.0,1.0,3,0,0,0,0
2022-07-06,COINQVEST LLC,1.0,1.0,3,0,0,0,0
2022-07-06,LOBSTR,1.0,1.0,5,0,0,0,0
2022-07-06,Public Node,1.0,1.0,3,0,0,0,0
2022-07-06,SatoshiPay,1.0,1.0,3,0,0,0,0
2022-07-06,Stellar Development Foundation,1.0,1.0,3,0,0,0,0
2022-07-06,Wirex Limited,1.0,1.0,3,0,0,0,0
2022-07-07,Blockdaemon Inc.,1.0,1.0,3,0,0,0,0
2022-07-07,COINQVEST LLC,1.0,1.0,3,0,0,0,0
2022-07-07,LOBSTR,1.0,0.9749,5,0,0,0,0
2022-07-07,Public Node,1.0,1.0,3,0,0,0,0
2022-07-07,SatoshiPay,1.0,1.0,3,0,0,0,0
2022-07-07,Stellar Development Foundation,1.0,1.0,3,0,0,0,0
2022-07-07,Wirex Limited,1.0,1.0,3,0,0,0,0
2022-07-08,Blockdaemon Inc.,1.0,1.0,3,0,0,0,0
2022-07-08,COINQVEST LLC,1.0,1.0,3,0,0,0,0
2022-07-08,LOBSTR,1.0,1.0,5,0,0,0,0
2022-07-08,Public Node,1.0,1.0,3,0,0,0,0
2022-07-08,SatoshiPay,1.0,1.0,3,0,0,0,0
2022-07-08,Stellar Development Foundation,1.0,1.0,3,0,0,0,0
2022-07-08,Wirex Limited,1.0,1.0,3,0,0,0,0
2022-07-09,Blockdaemon Inc.,1.0,1.0,3,0,0,0,0
2022-07-09,COINQVEST LLC,1.0,0.9958,3,0,0,0,0
2022-07-09,LOBSTR,1.0,1.0,5,0,0,0,0
2022-07-09,Public Node,1.0,1.0,3,0,0,0,0
2022-07-09,SatoshiPay,1.0,1.0,3,0,0,0,0
2022-07-09,Stellar Development Foundation,1.0,1.0,3,0,0,0,0
2022-07-09,Wirex Limited,1.0,1.0,3,0,0,0,0
2022-07-10,Blockdaemon Inc.,1.0,1.0,3,0,0,0,0
2022-07-10,COINQVEST LLC,1.0,1.0,3,0,0,0,0
2022-07-10,LOBSTR,1.0,1.0,5,0,0,0,0
2022-07-10,Public Node,1.0,1.0,3,0,0,0,0
2022-07-10,SatoshiPay,1.0,1.0,3,0,0,0,0
2022-07-10,Stellar Development Foundation,1.0,1.0,3,0,0,0,0
2022-07-10,Wirex Limited,1.0,0.2033,3,1,0,0,0
2022-07-11,Blockdaemon Inc.,1.0,1.0,3,0,0,0,0
2022-07-11,COINQVEST LLC,1.0,1.0,3,0,0,0,0
2022-07-11,LOBSTR,1.0,1.0,5,0,0,0,0
2022-07-11,Public Node,1.0,1.0,3,0,0,0,0
2022-07-11,SatoshiPay,1.0,1.0,3,0,0,0,0
2022-07-11,Stellar Development Foundation,1.0,1.0,3,0,0,0,0
2022-07-11,Wirex Limited,1.0,0.0,3,1,0,1,0
2022-07-12,Blockdaemon Inc.,1.0,1.0,3,0,0,0,0
2022-07-12,COINQVEST LLC,1.0,1.0,3,0,0,0,0
2022-07-12,LOBSTR,1.0,1.0,5,0,0,0,0
2022-07-12,Public Node,1.0,1.0,3,0,0,0,0
2022-07-12,SatoshiPay,1.0,1.0,3,0,0,0,0
2022-07-12,Stellar Development Foundation,1.0,1.0,3,0,0,0,0
2022-07-12,Wirex Limited,1.0,0.0,3,1,0,1,0
2022-07-13,Blockdaemon Inc.,1.0,1.0,3,0,0,0,0
2022-07-13,COINQVEST LLC,1.0,0.9964,3,0,0,0,0
2022-07-13,LOBSTR,1.0,1.0,5,0,0,0,0
2022-07-13,Public Node,1.0,1.0,3,0,0,0,0
2022-07-13,SatoshiPay,1.0,1.0,3,0,0,0,0
2022-07-13,Stellar Development Foundation,1.0,1.0,3,0,0,0,0
2022-07-13,Wirex Limited,0.2464,0.0,3,1,0,1,0
2022-07-14,Blockdaemon Inc.,1.0,1.0,3,0,0,0,0
2022-07-14,COINQVEST LLC,1.0,1.0,3,0,0,0,0
2022-07-14,LOBSTR,1.0,1.0,5,0,0,0,0
2022-07-14,Public Node,1.0,1.0,3,0,0,0,0
2022-07-14,SatoshiPay,1.0,1.0,3,0,0,0,0
2022-07-14,Stellar Development Foundation,1.0,1.0,3,0,0,0,0
2022-07-14,Wirex Limited,1.0,0.0,3,1,0,1,0
2022-07-15,Blockdaemon Inc.,1.0,1.0,3,0,0,0,0
2022-07-15,COINQVEST LLC,1.0,1.0,3,0,0,0,0
2022-07-15,LOBSTR,1.0,1.0,5,0,0,0,0
2022-07-15,Public Node,1.0,1.0,3,0,0,0,0
2022-07-15,SatoshiPay,1.0,1.0,3,0,0,0,0
2022-07-15,Stellar Development Foundation,1.0,1.0,3,0,0,0,0
2022-07-15,Wirex Limited,1.0,0.3603,3,1,0,0,0
2022-07-16,Blockdaemon Inc.,1.0,1.0,3,0,0,0,0
2022-07-16,COINQVEST LLC,1.0,1.0,3,0,0,0,0
2022-07-16,LOBSTR,1.0,1.0,5,0,0,0,0
2022-07-16,Public Node,1.0,1.0,3,0,0,0,0
2022-07-16,SatoshiPay,1.0,1.0,3,0,0,0,0
2022-07-16,Stellar Development Foundation,1.0,1.0,3,0,0,0,0
2022-07-16,Wirex Limited,1.0,1.0,3,0,0,0,0
2022-07-17,Blockdaemon Inc.,1.0,1.0,3,0,0,0,0
2022-07-17,COINQVEST LLC,1.0,1.0,3,0,0,0,0
2022-07-17,LOBSTR,1.0,1.0,5,0,0,0,0
2022-07-17,Public Node,1.0,1.0,3,0,0,0,0
2022-07-17,SatoshiPay,1.0,1.0,3,0,0,0,0
2022-07-17,Stellar Development Foundation,1.0,1.0,3,0,0,0,0
2022-07-17,Wirex Limited,1.0,1.0,3,0,0,0,0
2022-07-18,Blockdaemon Inc.,1.0,1.0,3,0,0,0,0
2022-07-18,COINQVEST LLC,1.0,1.0,3,0,0,0,0
2022-07-18,LOBSTR,1.0,1.0,5,0,0,0,0
2022-07-18,Public Node,1.0,1.0,3,0,0,0,0
2022-07-18,SatoshiPay,1.0,1.0,3,0,0,0,0
2022-07-18,Stellar Development Foundation,1.0,1.0,3,0,0,0,0
2022-07-18,Wirex Limited,1.0,1.0,3,0,0,0,0
2022-07-19,Blockdaemon Inc.,1.0,1.0,3,0,0,0,0
2022-07-19,COINQVEST LLC,1.0,1.0,3,0,0,0,0
2022-07-19,LOBSTR,1.0,1.0,5,0,0,0,0
2022-07-19,Public Node,1.0,1.0,3,0,0,0,0
2022-07-19,SatoshiPay,1.0,1.0,3,0,0,0,0
2022-07-19,Stellar Development Foundation,1.0,1.0,3,0,0,0,0
2022-07-19,Wirex Limited,1.0,1.0,3,0,0,0,0
2022-07-20,Blockdaemon Inc.,1.0,1.0,3,0,0,0,0
2022-07-20,COINQVEST LLC,1.0,1.0,3,0,0,0,0
2022-07-20,LOBSTR,1.0,1.0,5,0,0,0,0
2022-07-20,Public Node,1.0,1.0,3,0,0,0,0
2022-07-20,SatoshiPay,1.0,1.0,3,0,0,0,0
2022-07-20,Stellar Development Foundation,1.0,1.0,3,0,0,0,0
2022-07-20,Wirex Limited,1.0,1.0,3,0,0,0,0
2022-07-21,Blockdaemon Inc.,1.0,1.0,3,0,0,0,0
2022-07-21,COINQVEST LLC,1.0,1.0,3,0,0,0,0
2022-07-21,LOBSTR,1.0,1.0,5,0,0,0,0
2022-07-21,Public Node,1.0,1.0,3,0,0,0,0
2022-07-21,SatoshiPay,1.0,1.0,3,0,0,0,0
2022-07-21,Stellar Development Foundation,1.0,1.0,3,0,0,0,0
2022-07-21,Wirex Limited,1.0,1.0,3,0,0,0,0
2022-07-22,Blockdaemon Inc.,1.0,1.0,3,0,0,0,0
2022-07-22,COINQVEST LLC,1.0,1.0,3,0,0,0,0
2022-07-22,LOBSTR,1.0,1.0,5,0,0,0,0
2022-07-22,Public Node,1.0,1.0,3,0,0,0,0
2022-07-22,SatoshiPay,1.0,1.0,3,0,0,0,0
2022-07-22,Stellar Development Foundation,1.0,1.0,3,0,0,0,0
2022-07-22,Wirex Limited,1.0,1.0,3,0,0,0,0
2022-07-23,Blockdaemon Inc.,1.0,1.0,3,0,0,0,0
2022-07-23,COINQVEST LLC,1.0,1.0,3,0,0,0,0
2022-07-23,LOBSTR,1.0,1.0,5,0,0,0,0
2022-07-23,Public Node,1.0,1.0,3,0,0,0,0
2022-07-23,SatoshiPay,1.0,1.0,3,0,0,0,0
2022-07-23,Stellar Development Foundation,1.0,1.0,3,0,0,0,0
2022-07-23,Wirex Limited,1.0,1.0,3,0,0,0,0
2022-07-24,Blockdaemon Inc.,1.0,1.0,3,0,0,0,0
2022-07-24,COINQVEST LLC,1.0,0.9958,3,0,0,0,0
2022-07-24,LOBSTR,1.0,1.0,5,0,0,0,0
2022-07-24,Public Node,1.0,1.0,3,0,0,0,0
2022-07-24,SatoshiPay,1.0,1.0,3,0,0,0,0
2022-07-24,Stellar Development Foundation,1.0,1.0,3,0,0,0,0
2022-07-24,Wirex Limited,1.0,0.675,3,1,0,0,0
2022-07-25,Blockdaemon Inc.,1.0,1.0,3,0,0,0,0
2022-07-25,COINQVEST LLC,1.0,0.9973,3,0,0,0,0
2022-07-25,LOBSTR,1.0,1.0,5,0,0,0,0
2022-07-25,Public Node,1.0,1.0,3,0,0,0,0
2022-07-25,SatoshiPay,1.0,1.0,3,0,0,0,0
2022-07-25,Stellar Development Foundation,1.0,1.0,3,0,0,0,0
2022-07-25,Wirex Limited,1.0,0.0,3,1,0,1,0
2022-07-26,Blockdaemon Inc.,1.0,1.0,3,0,0,0,0
2022-07-26,COINQVEST LLC,1.0,1.0,3,0,0,0,0
2022-07-26,LOBSTR,1.0,1.0,5,0,0,0,0
2022-07-26,Public Node,1.0,1.0,3,0,0,0,0
2022-07-26,SatoshiPay,1.0,1.0,3,0,0,0,0
2022-07-26,Stellar Development Foundation,1.0,1.0,3,0,0,0,0
2022-07-26,Wirex Limited,0.5887,0.0,3,1,0,1,0
2022-07-27,Blockdaemon Inc.,1.0,1.0,3,0,0,0,0
2022-07-27,COINQVEST LLC,0.9979,0.9958,3,0,0,0,0
2022-07-27,LOBSTR,1.0,1.0,5,0,0,0,0
2022-07-27,Public Node,1.0,1.0,3,0,0,0,0
2022-07-27,SatoshiPay,1.0,1.0,3,0,0,0,0
2022-07-27,Stellar Development Foundation,1.0,1.0,3,0,0,0,0
2022-07-27,Wirex Limited,0.2213,0.0,3,1,0,1,0
2022-07-28,Blockdaemon Inc.,1.0,1.0,3,0,0,0,0
2022-07-28,COINQVEST LLC,1.0,1.0,3,0,0,0,0
2022-07-28,LOBSTR,1.0,1.0,5,0,0,0,0
2022-07-28,Public Node,1.0,1.0,3,0,0,0,0
2022-07-28,SatoshiPay,1.0,1.0,3,0,0,0,0
2022-07-28,Stellar Development Foundation,1.0,1.0,3,0,0,0,0
2022-07-28,Wirex Limited,1.0,0.0,3,1,0,1,0
2022-07-29,Blockdaemon Inc.,1.0,1.0,3,0,0,0,0
2022-07-29,COINQVEST LLC,1.0,1.0,3,0,0,0,0
2022-07-29,LOBSTR,1.0,1.0,5,0,0,0,0
2022-07-29,Public Node,1.0,1.0,3,0,0,0,0
2022-07-29,SatoshiPay,1.0,1.0,3,0,0,0,0
2022-07-29,Stellar Development Foundation,1.0,1.0,3,0,0,0,0
2022-07-29,Wirex Limited,1.0,0.4676,3,1,0,0,0
2022-07-30,Blockdaemon Inc.,1.0,1.0,3,0,0,0,0
2022-07-30,COINQVEST LLC,1.0,0.9958,3,0,0,0,0
2022-07-30,LOBSTR,1.0,1.0,5,0,0,0,0
2022-07-30,Public Node,1.0,1.0,3,0,0,0,0
2022-07-30,SatoshiPay,1.0,1.0,3,0,0,0,0
2022-07-30,Stellar Development Foundation,1.0,1.0,3,0,0,0,0
2022-07-30,Wirex Limited,1.0,1.0,3,0,0,0,0
2022-07-31,Blockdaemon Inc.,1.0,1.0,3,0,0,0,0
2022-07-31,COINQVEST LLC,1.0,0.9979,3,0,0,0,0
2022-07-31,LOBSTR,1.0,1.0,5,0,0,0,0
2022-07-31,Public Node,1.0,1.0,3,0,0,0,0
2022-07-31,SatoshiPay,1.0,1.0,3,0,0,0,0
2022-07-31,Stellar Development Foundation,1.0,1.0,3,0,0,0,0
2022-07-31,Wirex Limited,1.0,1.0,3,0,0,0,0
2022-08-01,Blockdaemon Inc.,1.0,1.0,3,0,0,0,0
2022-08-01,COINQVEST LLC,1.0,0.9979,3,0,0,0,0
2022-08-01,LOBSTR,1.0,1.0,5,0,0,0,0
2022-08-01,Public Node,1.0,1.0,3,0,0,0,0
2022-08-01,SatoshiPay,1.0,1.0,3,0,0,0,0
2022-08-01,Stellar Development Foundation,1.0,1.0,3,0,0,0,0
2022-08-01,Wirex Limited,1.0,0.5741,3,1,0,0,0
2022-08-02,Blockdaemon Inc.,1.0,1.0,3,0,0,0,0
2022-08-02,COINQVEST LLC,1.0,0.9958,3,0,0,0,0
2022-08-02,LOBSTR,1.0,1.0,5,0,0,0,0
2022-08-02,Public Node,1.0,1.0,3,0,0,0,0
2022-08-02,SatoshiPay,1.0,1.0,3,0,0,0,0
2022-08-02,Stellar Development Foundation,1.0,1.0,3,0,0,0,0
2022-08-02,Wirex Limited,1.0,0.595,3,1,0,0,0
2022-08-03,Blockdaemon Inc.,1.0,1.0,3,0,0,0,0
2022-08-03,COINQVEST LLC,1.0,1.0,3,0,0,0,0
2022-08-03,LOBSTR,1.0,1.0,5,0,0,0,0
2022-08-03,Public Node,1.0,1.0,3,0,0,0,0
2022-08-03,SatoshiPay,1.0,1.0,3,0,0,0,0
2022-08-03,Stellar Development Foundation,1.0,1.0,3,0,0,0,0
2022-08-03,Wirex Limited,1.0,0.7557,3,1,0,0,0
2022-08-04,Blockdaemon Inc.,1.0,1.0,3,0,0,0,0
2022-08-04,COINQVEST LLC,1.0,1.0,3,0,0,0,0
2022-08-04,LOBSTR,1.0,1.0,5,0,0,0,0
2022-08-04,Public Node,1.0,1.0,3,0,0,0,0
2022-08-04,SatoshiPay,1.0,1.0,3,0,0,0,0
2022-08-04,Stellar Development Foundation,1.0,1.0,3,0,0,0,0
2022-08-04,Wirex Limited,1.0,0.9979,3,0,0,0,0
2022-08-05,Blockdaemon Inc.,1.0,1.0,3,0,0,0,0
2022-08-05,COINQVEST LLC,1.0,0.9958,3,0,0,0,0
2022-08-05,LOBSTR,1.0,1.0,5,0,0,0,0
2022-08-05,Public Node,1.0,1.0,3,0,0,0,0
2022-08-05,SatoshiPay,1.0,1.0,3,0,0,0,0
2022-08-05,Stellar Development Foundation,1.0,1.0,3,0,0,0,0
2022-08-05,Wirex Limited,1.0,0.643,3,1,0,0,0
2022-08-06,Blockdaemon Inc.,1.0,1.0,3,0,0,0,0
2022-08-06,COINQVEST LLC,1.0,1.0,3,0,0,0,0
2022-08-06,LOBSTR,1.0,1.0,5,0,0,0,0
2022-08-06,Public Node,1.0,1.0,3,0,0,0,0
2022-08-06,SatoshiPay,1.0,1.0,3,0,0,0,0
2022-08-06,Stellar Development Foundation,1.0,1.0,3,0,0,0,0
2022-08-06,Wirex Limited,1.0,1.0,3,0,0,0,0
2022-08-07,Blockdaemon Inc.,1.0,1.0,3,0,0,0,0
2022-08-07,COINQVEST LLC,1.0,0.9937,3,0,0,0,0
2022-08-07,LOBSTR,1.0,1.0,5,0,0,0,0
2022-08-07,Public Node,1.0,1.0,3,0,0,0,0
2022-08-07,SatoshiPay,1.0,1.0,3,0,0,0,0
2022-08-07,Stellar Development Foundation,1.0,1.0,3,0,0,0,0
2022-08-07,Wirex Limited,1.0,0.9979,3,0,0,0,0
2022-08-08,Blockdaemon Inc.,1.0,1.0,3,0,0,0,0
2022-08-08,COINQVEST LLC,1.0,0.9958,3,0,0,0,0
2022-08-08,LOBSTR,1.0,1.0,5,0,0,0,0
2022-08-08,Public Node,1.0,1.0,3,0,0,0,0
2022-08-08,SatoshiPay,1.0,1.0,3,0,0,0,0
2022-08-08,Stellar Development Foundation,1.0,1.0,3,0,0,0,0
2022-08-08,Wirex Limited,1.0,0.5,3,1,0,0,0
2022-08-09,Blockdaemon Inc.,1.0,1.0,3,0,0,0,0
2022-08-09,COINQVEST LLC,1.0,1.0,3,0,0,0,0
2022-08-09,LOBSTR,1.0,1.0,5,0,0,0,0
2022-08-09,Public Node,1.0,1.0,3,0,0,0,0
2022-08-09,SatoshiPay,1.0,1.0,3,0,0,0,0
2022-08-09,Stellar Development Foundation,1.0,1.0,3,0,0,0,0
2022-08-09,Wirex Limited,1.0,0.9833,3,0,0,0,0
2022-08-10,Blockdaemon Inc.,1.0,1.0,3,0,0,0,0
2022-08-10,COINQVEST LLC,1.0,1.0,3,0,0,0,0
2022-08-10,LOBSTR,1.0,1.0,5,0,0,0,0
2022-08-10,Public Node,1.0,1.0,3,0,0,0,0
2022-08-10,SatoshiPay,1.0,1.0,3,0,0,0,0
2022-08-10,Stellar Development Foundation,1.0,1.0,3,0,0,0,0
2022-08-10,Wirex Limited,1.0,1.0,3,0,0,0,0
2022-08-11,Blockdaemon Inc.,1.0,1.0,3,0,0,0,0
2022-08-11,COINQVEST LLC,1.0,0.9958,3,0,0,0,0
2022-08-11,LOBSTR,1.0,1.0,5,0,0,0,0
2022-08-11,Public Node,1.0,1.0,3,0,0,0,0
2022-08-11,SatoshiPay,1.0,1.0,3,0,0,0,0
2022-08-11,Stellar Development Foundation,1.0,1.0,3,0,0,0,0
2022-08-11,Wirex Limited,1.0,1.0,3,0,0,0,0
2022-08-12,Blockdaemon Inc.,1.0,1.0,3,0,0,0,0
2022-08-12,COINQVEST LLC,1.0,0.9979,3,0,0,0,0
2022-08-12,LOBSTR,1.0,1.0,5,0,0,0,0
2022-08-12,Public Node,1.0,1.0,3,0,0,0,0
2022-08-12,SatoshiPay,1.0,1.0,3,0,0,0,0
2022-08-12,Stellar Development Foundation,1.0,1.0,3,0,0,0,0
2022-08-12,Wirex Limited,1.0,1.0,3,0,0,0,0
2022-08-13,Blockdaemon Inc.,1.0,1.0,3,0,0,0,0
2022-08-13,COINQVEST LLC,1.0,0.9958,3,0,0,0,0
2022-08-13,LOBSTR,1.0,1.0,5,0,0,0,0
2022-08-13,Public Node,1.0,1.0,3,0,0,0,0
2022-08-13,SatoshiPay,1.0,1.0,3,0,0,0,0
2022-08-13,Stellar Development Foundation,1.0,1.0,3,0,0,0,0
2022-08-13,Wirex Limited,1.0,1.0,3,0,0,0,0
2022-08-14,Blockdaemon Inc.,1.0,1.0,3,0,0,0,0
2022-08-14,COINQVEST LLC,1.0,0.9958,3,0,0,0,0
2022-08-14,LOBSTR,1.0,1.0,5,0,0,0,0
2022-08-14,Public Node,1.0,1.0,3,0,0,0,0
2022-08-14,SatoshiPay,1.0,1.0,3,0,0,0,0
2022-08-14,Stellar Development Foundation,1.0,1.0,3,0,0,0,0
2022-08-14,Wirex Limited,1.0,1.0,3,0,0,0,0
2022-08-15,Blockdaemon Inc.,1.0,1.0,3,0,0,0,0
2022-08-15,COINQVEST LLC,1.0,0.9958,3,0,0,0,0
2022-08-15,LOBSTR,1.0,1.0,5,0,0,0,0
2022-08-15,Public Node,1.0,1.0,3,0,0,0,0
2022-08-15,SatoshiPay,1.0,1.0,3,0,0,0,0
2022-08-15,Stellar Development Foundation,1.0,1.0,3,0,0,0,0
2022-08-15,Wirex Limited,1.0,1.0,3,0,0,0,0
2022-08-16,Blockdaemon Inc.,1.0,1.0,3,0,0,0,0
2022-08-16,COINQVEST LLC,1.0,0.9937,3,0,0,0,0
2022-08-16,LOBSTR,1.0,1.0,5,0,0,0,0
2022-08-16,Public Node,1.0,1.0,3,0,0,0,0
2022-08-16,SatoshiPay,1.0,1.0,3,0,0,0,0
2022-08-16,Stellar Development Foundation,1.0,1.0,3,0,0,0,0
2022-08-16,Wirex Limited,1.0,1.0,3,0,0,0,0
2022-08-17,Blockdaemon Inc.,1.0,1.0,3,0,0,0,0
2022-08-17,COINQVEST LLC,1.0,0.9979,3,0,0,0,0
2022-08-17,LOBSTR,1.0,1.0,5,0,0,0,0
2022-08-17,Public Node,1.0,1.0,3,0,0,0,0
2022-08-17,SatoshiPay,1.0,1.0,3,0,0,0,0
2022-08-17,Stellar Development Foundation,1.0,1.0,3,0,0,0,0
2022-08-17,Wirex Limited,1.0,1.0,3,0,0,0,0
2022-08-18,Blockdaemon Inc.,1.0,1.0,3,0,0,0,0
2022-08-18,COINQVEST LLC,1.0,0.9916,3,0,0,0,0
2022-08-18,LOBSTR,1.0,1.0,5,0,0,0,0
2022-08-18,Public Node,1.0,1.0,3,0,0,0,0
2022-08-18,SatoshiPay,1.0,1.0,3,0,0,0,0
2022-08-18,Stellar Development Foundation,1.0,1.0,3,0,0,0,0
2022-08-18,Wirex Limited,1.0,1.0,3,0,0,0,0
2022-08-19,Blockdaemon Inc.,1.0,1.0,3,0,0,0,0
2022-08-19,COINQVEST LLC,1.0,0.9833,3,0,0,0,0
2022-08-19,LOBSTR,1.0,0.2756,5,1,0,0,0
2022-08-19,Public Node,1.0,1.0,3,0,0,0,0
2022-08-19,SatoshiPay,1.0,1.0,3,0,0,0,0
2022-08-19,Stellar Development Foundation,1.0,1.0,3,0,0,0,0
2022-08-19,Wirex Limited,1.0,1.0,3,0,0,0,0
2022-08-20,Blockdaemon Inc.,1.0,1.0,3,0,0,0,0
2022-08-20,COINQVEST LLC,1.0,0.9958,3,0,0,0,0
2022-08-20,LOBSTR,1.0,0.0,5,1,0,1,0
2022-08-20,Public Node,1.0,1.0,3,0,0,0,0
2022-08-20,SatoshiPay,1.0,1.0,3,0,0,0,0
2022-08-20,Stellar Development Foundation,1.0,1.0,3,0,0,0,0
2022-08-20,Wirex Limited,1.0,1.0,3,0,0,0,0
2022-08-21,Blockdaemon Inc.,1.0,1.0,3,0,0,0,0
2022-08-21,COINQVEST LLC,1.0,0.9979,3,0,0,0,0
2022-08-21,LOBSTR,1.0,0.0,5,1,0,1,0
2022-08-21,Public Node,1.0,1.0,3,0,0,0,0
2022-08-21,SatoshiPay,1.0,1.0,3,0,0,0,0
2022-08-21,Stellar Development Foundation,1.0,1.0,3,0,0,0,0
2022-08-21,Wirex Limited,1.0,0.9979,3,0,0,0,0
2022-08-22,Blockdaemon Inc.,1.0,1.0,3,0,0,0,0
2022-08-22,COINQVEST LLC,1.0,0.9937,3,0,0,0,0
2022-08-22,LOBSTR,1.0,0.0,5,1,0,1,0
2022-08-22,Public Node,1.0,1.0,3,0,0,0,0
2022-08-22,SatoshiPay,1.0,1.0,3,0,0,0,0
2022-08-22,Stellar Development Foundation,1.0,1.0,3,0,0,0,0
2022-08-22,Wirex Limited,1.0,0.9979,3,0,0,0,0
2022-08-23,Blockdaemon Inc.,1.0,1.0,3,0,0,0,0
2022-08-23,COINQVEST LLC,1.0,0.9979,3,0,0,0,0
2022-08-23,LOBSTR,1.0,0.1065,5,1,0,0,0
2022-08-23,Public Node,1.0,1.0,3,0,0,0,0
2022-08-23,SatoshiPay,1.0,1.0,3,0,0,0,0
2022-08-23,Stellar Development Foundation,1.0,1.0,3,0,0,0,0
2022-08-23,Wirex Limited,1.0,1.0,3,0,0,0,0
2022-08-24,Blockdaemon Inc.,1.0,1.0,3,0,0,0,0
2022-08-24,COINQVEST LLC,1.0,0.9937,3,0,0,0,0
2022-08-24,LOBSTR,1.0,1.0,5,0,0,0,0
2022-08-24,Public Node,1.0,1.0,3,0,0,0,0
2022-08-24,SatoshiPay,1.0,1.0,3,0,0,0,0
2022-08-24,Stellar Development Foundation,1.0,1.0,3,0,0,0,0
2022-08-24,Wirex Limited,1.0,0.9958,3,0,0,0,0
2022-08-25,Blockdaemon Inc.,1.0,1.0,3,0,0,0,0
2022-08-25,COINQVEST LLC,1.0,0.9979,3,0,0,0,0
2022-08-25,LOBSTR,1.0,1.0,5,0,0,0,0
2022-08-25,Public Node,1.0,1.0,3,0,0,0,0
2022-08-25,SatoshiPay,1.0,1.0,3,0,0,0,0
2022-08-25,Stellar Development Foundation,1.0,1.0,3,0,0,0,0
2022-08-25,Wirex Limited,1.0,1.0,3,0,0,0,0
2022-08-26,Blockdaemon Inc.,1.0,1.0,3,0,0,0,0
2022-08-26,COINQVEST LLC,1.0,0.9875,3,0,0,0,0
2022-08-26,LOBSTR,1.0,1.0,5,0,0,0,0
2022-08-26,Public Node,1.0,1.0,3,0,0,0,0
2022-08-26,SatoshiPay,1.0,1.0,3,0,0,0,0
2022-08-26,Stellar Development Foundation,1.0,1.0,3,0,0,0,0
2022-08-26,Wirex Limited,1.0,1.0,3,0,0,0,0
2022-08-27,Blockdaemon Inc.,1.0,1.0,3,0,0,0,0
2022-08-27,COINQVEST LLC,1.0,0.9916,3,0,0,0,0
2022-08-27,LOBSTR,1.0,1.0,5,0,0,0,0
2022-08-27,Public Node,1.0,1.0,3,0,0,0,0
2022-08-27,SatoshiPay,1.0,1.0,3,0,0,0,0
2022-08-27,Stellar Development Foundation,1.0,1.0,3,0,0,0,0
2022-08-27,Wirex Limited,1.0,1.0,3,0,0,0,0
2022-08-28,Blockdaemon Inc.,1.0,1.0,3,0,0,0,0
2022-08-28,COINQVEST LLC,1.0,0.9938,3,0,0,0,0
2022-08-28,LOBSTR,1.0,1.0,5,0,0,0,0
2022-08-28,Public Node,1.0,1.0,3,0,0,0,0
2022-08-28,SatoshiPay,1.0,1.0,3,0,0,0,0
2022-08-28,Stellar Development Foundation,1.0,1.0,3,0,0,0,0
2022-08-28,Wirex Limited,1.0,1.0,3,0,0,0,0
2022-08-29,Blockdaemon Inc.,1.0,1.0,3,0,0,0,0
2022-08-29,COINQVEST LLC,1.0,1.0,3,0,0,0,0
2022-08-29,LOBSTR,1.0,1.0,5,0,0,0,0
2022-08-29,Public Node,1.0,1.0,3,0,0,0,0
2022-08-29,SatoshiPay,1.0,1.0,3,0,0,0,0
2022-08-29,Stellar Development Foundation,1.0,1.0,3,0,0,0,0
2022-08-29,Wirex Limited,1.0,1.0,3,0,0,0,0
2022-08-30,Blockdaemon Inc.,1.0,1.0,3,0,0,0,0
2022-08-30,COINQVEST LLC,1.0,0.9979,3,0,0,0,0
2022-08-30,LOBSTR,1.0,1.0,5,0,0,0,0
2022-08-30,Public Node,1.0,1.0,3,0,0,0,0
2022-08-30,SatoshiPay,1.0,1.0,3,0,0,0,0
2022-08-30,Stellar Development Foundation,1.0,1.0,3,0,0,0,0
2022-08-30,Wirex Limited,1.0,1.0,3,0,0,0,0
2022-08-31,Blockdaemon Inc.,1.0,1.0,3,0,0,0,0
2022-08-31,COINQVEST LLC,1.0,0.9979,3,0,0,0,0
2022-08-31,LOBSTR,1.0,1.0,5,0,0,0,0
2022-08-31,Public Node,1.0,1.0,3,0,0,0,0
2022-08-31,SatoshiPay,1.0,1.0,3,0,0,0,0
2022-08-31,Stellar Development Foundation,1.0,1.0,3,0,0,0,0
2022-08-31,Wirex Limited,1.0,1.0,3,0,0,0,0
2022-09-01,Blockdaemon Inc.,1.0,1.0,3,0,0,0,0
2022-09-01,COINQVEST LLC,0.9979,0.9833,3,0,0,0,0
2022-09-01,LOBSTR,1.0,1.0,5,0,0,0,0
2022-09-01,Public Node,1.0,1.0,3,0,0,0,0
2022-09-01,SatoshiPay,1.0,1.0,3,0,0,0,0
2022-09-01,Stellar Development Foundation,1.0,1.0,3,0,0,0,0
2022-09-01,Wirex Limited,1.0,1.0,3,0,0,0,0
2022-09-02,Blockdaemon Inc.,1.0,1.0,3,0,0,0,0
2022-09-02,COINQVEST LLC,1.0,0.9979,3,0,0,0,0
2022-09-02,LOBSTR,1.0,1.0,5,0,0,0,0
2022-09-02,Public Node,1.0,1.0,3,0,0,0,0
2022-09-02,SatoshiPay,1.0,1.0,3,0,0,0,0
2022-09-02,Stellar Development Foundation,1.0,1.0,3,0,0,0,0
2022-09-02,Wirex Limited,1.0,1.0,3,0,0,0,0
2022-09-03,Blockdaemon Inc.,1.0,1.0,3,0,0,0,0
2022-09-03,COINQVEST LLC,1.0,0.9958,3,0,0,0,0
2022-09-03,LOBSTR,1.0,1.0,5,0,0,0,0
2022-09-03,Public Node,1.0,1.0,3,0,0,0,0
2022-09-03,SatoshiPay,1.0,1.0,3,0,0,0,0
2022-09-03,Stellar Development Foundation,1.0,1.0,3,0,0,0,0
2022-09-03,Wirex Limited,1.0,1.0,3,0,0,0,0
2022-09-04,Blockdaemon Inc.,1.0,1.0,3,0,0,0,0
2022-09-04,COINQVEST LLC,1.0,0.9895,3,0,0,0,0
2022-09-04,LOBSTR,1.0,1.0,5,0,0,0,0
2022-09-04,Public Node,1.0,1.0,3,0,0,0,0
2022-09-04,SatoshiPay,1.0,1.0,3,0,0,0,0
2022-09-04,Stellar Development Foundation,1.0,1.0,3,0,0,0,0
2022-09-04,Wirex Limited,1.0,1.0,3,0,0,0,0
2022-09-05,Blockdaemon Inc.,1.0,1.0,3,0,0,0,0
2022-09-05,COINQVEST LLC,1.0,0.9979,3,0,0,0,0
2022-09-05,LOBSTR,1.0,1.0,5,0,0,0,0
2022-09-05,Public Node,1.0,1.0,3,0,0,0,0
2022-09-05,SatoshiPay,1.0,1.0,3,0,0,0,0
2022-09-05,Stellar Development Foundation,1.0,1.0,3,0,0,0,0
2022-09-05,Wirex Limited,1.0,1.0,3,0,0,0,0
2022-09-06,Blockdaemon Inc.,1.0,1.0,3,0,0,0,0
2022-09-06,COINQVEST LLC,1.0,0.9979,3,0,0,0,0
2022-09-06,LOBSTR,1.0,1.0,5,0,0,0,0
2022-09-06,Public Node,1.0,1.0,3,0,0,0,0
2022-09-06,SatoshiPay,1.0,1.0,3,0,0,0,0
2022-09-06,Stellar Development Foundation,1.0,1.0,3,0,0,0,0
2022-09-06,Wirex Limited,1.0,1.0,3,0,0,0,0
2022-09-07,Blockdaemon Inc.,1.0,1.0,3,0,0,0,0
2022-09-07,COINQVEST LLC,1.0,1.0,3,0,0,0,0
2022-09-07,LOBSTR,1.0,1.0,5,0,0,0,0
2022-09-07,Public Node,1.0,1.0,3,0,0,0,0
2022-09-07,SatoshiPay,1.0,1.0,3,0,0,0,0
2022-09-07,Stellar Development Foundation,1.0,1.0,3,0,0,0,0
2022-09-07,Wirex Limited,1.0,1.0,3,0,0,0,0
2022-09-08,Blockdaemon Inc.,1.0,1.0,3,0,0,0,0
2022-09-08,COINQVEST LLC,1.0,0.9958,3,0,0,0,0
2022-09-08,LOBSTR,1.0,1.0,5,0,0,0,0
2022-09-08,Public Node,1.0,1.0,3,0,0,0,0
2022-09-08,SatoshiPay,1.0,1.0,3,0,0,0,0
2022-09-08,Stellar Development Foundation,1.0,1.0,3,0,0,0,0
2022-09-08,Wirex Limited,1.0,0.9979,3,0,0,0,0
2022-09-09,Blockdaemon Inc.,1.0,1.0,3,0,0,0,0
2022-09-09,COINQVEST LLC,1.0,0.9979,3,0,0,0,0
2022-09-09,LOBSTR,1.0,1.0,5,0,0,0,0
2022-09-09,Public Node,1.0,1.0,3,0,0,0,0
2022-09-09,SatoshiPay,1.0,1.0,3,0,0,0,0
2022-09-09,Stellar Development Foundation,1.0,1.0,3,0,0,0,0
2022-09-09,Wirex Limited,1.0,0.9979,3,0,0,0,0
2022-09-10,Blockdaemon Inc.,1.0,1.0,3,0,0,0,0
2022-09-10,COINQVEST LLC,1.0,0.9979,3,0,0,0,0
2022-09-10,LOBSTR,1.0,1.0,5,0,0,0,0
2022-09-10,Public Node,1.0,1.0,3,0,0,0,0
2022-09-10,SatoshiPay,1.0,1.0,3,0,0,0,0
2022-09-10,Stellar Development Foundation,1.0,1.0,3,0,0,0,0
2022-09-10,Wirex Limited,1.0,1.0,3,0,0,0,0
2022-09-11,Blockdaemon Inc.,1.0,1.0,3,0,0,0,0
2022-09-11,COINQVEST LLC,1.0,0.9979,3,0,0,0,0
2022-09-11,LOBSTR,1.0,1.0,5,0,0,0,0
2022-09-11,Public Node,1.0,1.0,3,0,0,0,0
2022-09-11,SatoshiPay,1.0,1.0,3,0,0,0,0
2022-09-11,Stellar Development Foundation,1.0,1.0,3,0,0,0,0
2022-09-11,Wirex Limited,1.0,1.0,3,0,0,0,0
2022-09-12,Blockdaemon Inc.,1.0,1.0,3,0,0,0,0
2022-09-12,COINQVEST LLC,1.0,0.9958,3,0,0,0,0
2022-09-12,LOBSTR,1.0,1.0,5,0,0,0,0
2022-09-12,Public Node,1.0,1.0,3,0,0,0,0
2022-09-12,SatoshiPay,1.0,1.0,3,0,0,0,0
2022-09-12,Stellar Development Foundation,1.0,1.0,3,0,0,0,0
2022-09-12,Wirex Limited,1.0,1.0,3,0,0,0,0
2022-09-13,Blockdaemon Inc.,1.0,1.0,3,0,0,0,0
2022-09-13,COINQVEST LLC,1.0,0.9979,3,0,0,0,0
2022-09-13,LOBSTR,1.0,1.0,5,0,0,0,0
2022-09-13,Public Node,1.0,1.0,3,0,0,0,0
2022-09-13,SatoshiPay,1.0,1.0,3,0,0,0,0
2022-09-13,Stellar Development Foundation,1.0,1.0,3,0,0,0,0
2022-09-13,Wirex Limited,1.0,1.0,3,0,0,0,0
2022-09-14,Blockdaemon Inc.,1.0,1.0,3,0,0,0,0
2022-09-14,COINQVEST LLC,1.0,0.9979,3,0,0,0,0
2022-09-14,LOBSTR,1.0,1.0,5,0,0,0,0
2022-09-14,Public Node,1.0,1.0,3,0,0,0,0
2022-09-14,SatoshiPay,1.0,1.0,3,0,0,0,0
2022-09-14,Stellar Development Foundation,1.0,1.0,3,0,0,0,0
2022-09-14,Wirex Limited,1.0,1.0,3,0,0,0,0
2022-09-15,Blockdaemon Inc.,1.0,1.0,3,0,0,0,0
2022-09-15,COINQVEST LLC,1.0,0.9979,3,0,0,0,0
2022-09-15,LOBSTR,1.0,1.0,5,0,0,0,0
2022-09-15,Public Node,1.0,1.0,3,0,0,0,0
2022-09-15,SatoshiPay,1.0,1.0,3,0,0,0,0
2022-09-15,Stellar Development Foundation,1.0,0.9708,3,0,0,0,0
2022-09-15,Wirex Limited,1.0,1.0,3,0,0,0,0
2022-09-16,Blockdaemon Inc.,1.0,1.0,3,0,0,0,0
2022-09-16,COINQVEST LLC,1.0,1.0,3,0,0,0,0
2022-09-16,LOBSTR,1.0,1.0,5,0,0,0,0
2022-09-16,Public Node,1.0,1.0,3,0,0,0,0
2022-09-16,SatoshiPay,1.0,1.0,3,0,0,0,0
2022-09-16,Stellar Development Foundation,1.0,0.9228,3,0,0,0,0
2022-09-16,Wirex Limited,1.0,0.9833,3,0,0,0,0
2022-09-17,Blockdaemon Inc.,1.0,1.0,3,0,0,0,0
2022-09-17,COINQVEST LLC,1.0,0.9958,3,0,0,0,0
2022-09-17,LOBSTR,1.0,1.0,5,0,0,0,0
2022-09-17,Public Node,1.0,1.0,3,0,0,0,0
2022-09-17,SatoshiPay,1.0,1.0,3,0,0,0,0
2022-09-17,Stellar Development Foundation,1.0,1.0,3,0,0,0,0
2022-09-17,Wirex Limited,1.0,0.9958,3,0,0,0,0
2022-09-18,Blockdaemon Inc.,1.0,1.0,3,0,0,0,0
2022-09-18,COINQVEST LLC,1.0,0.9916,3,0,0,0,0
2022-09-18,LOBSTR,1.0,1.0,5,0,0,0,0
2022-09-18,Public Node,1.0,1.0,3,0,0,0,0
2022-09-18,SatoshiPay,1.0,1.0,3,0,0,0,0
2022-09-18,Stellar Development Foundation,1.0,1.0,3,0,0,0,0
2022-09-18,Wirex Limited,1.0,0.9916,3,0,0,0,0
2022-09-19,Blockdaemon Inc.,1.0,1.0,3,0,0,0,0
2022-09-19,COINQVEST LLC,1.0,0.9958,3,0,0,0,0
2022-09-19,LOBSTR,1.0,1.0,5,0,0,0,0
2022-09-19,Public Node,1.0,1.0,3,0,0,0,0
2022-09-19,SatoshiPay,1.0,1.0,3,0,0,0,0
2022-09-19,Stellar Development Foundation,1.0,1.0,3,0,0,0,0
2022-09-19,Wirex Limited,1.0,1.0,3,0,0,0,0
2022-09-20,Blockdaemon Inc.,1.0,1.0,3,0,0,0,0
2022-09-20,COINQVEST LLC,0.9979,0.9958,3,0,0,0,0
2022-09-20,LOBSTR,1.0,1.0,5,0,0,0,0
2022-09-20,Public Node,1.0,1.0,3,0,0,0,0
2022-09-20,SatoshiPay,1.0,1.0,3,0,0,0,0
2022-09-20,Stellar Development Foundation,1.0,1.0,3,0,0,0,0
2022-09-20,Wirex Limited,1.0,1.0,3,0,0,0,0
2022-09-21,Blockdaemon Inc.,1.0,1.0,3,0,0,0,0
2022-09-21,COINQVEST LLC,1.0,0.958,3,0,0,0,0
2022-09-21,LOBSTR,1.0,1.0,5,0,0,0,0
2022-09-21,Public Node,1.0,1.0,3,0,0,0,0
2022-09-21,SatoshiPay,1.0,1.0,3,0,0,0,0
2022-09-21,Stellar Development Foundation,1.0,1.0,3,0,0,0,0
2022-09-21,Wirex Limited,1.0,1.0,3,0,0,0,0
2022-09-22,Blockdaemon Inc.,1.0,1.0,3,0,0,0,0
2022-09-22,COINQVEST LLC,1.0,0.9958,3,0,0,0,0
2022-09-22,LOBSTR,1.0,1.0,5,0,0,0,0
2022-09-22,Public Node,1.0,1.0,3,0,0,0,0
2022-09-22,SatoshiPay,1.0,1.0,3,0,0,0,0
2022-09-22,Stellar Development Foundation,1.0,1.0,3,0,0,0,0
2022-09-22,Wirex Limited,1.0,1.0,3,0,0,0,0
2022-09-23,Blockdaemon Inc.,1.0,1.0,3,0,0,0,0
2022-09-23,COINQVEST LLC,1.0,0.9979,3,0,0,0,0
2022-09-23,LOBSTR,1.0,1.0,5,0,0,0,0
2022-09-23,Public Node,1.0,1.0,3,0,0,0,0
2022-09-23,SatoshiPay,1.0,1.0,3,0,0,0,0
2022-09-23,Stellar Development Foundation,1.0,1.0,3,0,0,0,0
2022-09-23,Wirex Limited,1.0,1.0,3,0,0,0,0
2022-09-24,Blockdaemon Inc.,1.0,1.0,3,0,0,0,0
2022-09-24,COINQVEST LLC,1.0,0.9979,3,0,0,0,0
2022-09-24,LOBSTR,1.0,1.0,5,0,0,0,0
2022-09-24,Public Node,1.0,1.0,3,0,0,0,0
2022-09-24,SatoshiPay,1.0,1.0,3,0,0,0,0
2022-09-24,Stellar Development Foundation,1.0,1.0,3,0,0,0,0
2022-09-24,Wirex Limited,1.0,1.0,3,0,0,0,0
2022-09-25,Blockdaemon Inc.,1.0,1.0,3,0,0,0,0
2022-09-25,COINQVEST LLC,1.0,0.9979,3,0,0,0,0
2022-09-25,LOBSTR,1.0,1.0,5,0,0,0,0
2022-09-25,Public Node,1.0,1.0,3,0,0,0,0
2022-09-25,SatoshiPay,1.0,1.0,3,0,0,0,0
2022-09-25,Stellar Development Foundation,1.0,1.0,3,0,0,0,0
2022-09-25,Wirex Limited,1.0,1.0,3,0,0,0,0
2022-09-26,Blockdaemon Inc.,1.0,1.0,3,0,0,0,0
2022-09-26,COINQVEST LLC,1.0,0.9979,3,0,0,0,0
2022-09-26,LOBSTR,1.0,1.0,5,0,0,0,0
2022-09-26,Public Node,1.0,1.0,3,0,0,0,0
2022-09-26,SatoshiPay,1.0,1.0,3,0,0,0,0
2022-09-26,Stellar Development Foundation,1.0,1.0,3,0,0,0,0
2022-09-26,Wirex Limited,1.0,0.9979,3,0,0,0,0
2022-09-27,Blockdaemon Inc.,1.0,1.0,3,0,0,0,0
2022-09-27,COINQVEST LLC,1.0,0.9979,3,0,0,0,0
2022-09-27,LOBSTR,1.0,1.0,5,0,0,0,0
2022-09-27,Public Node,1.0,1.0,3,0,0,0,0
2022-09-27,SatoshiPay,1.0,1.0,3,0,0,0,0
2022-09-27,Stellar Development Foundation,1.0,1.0,3,0,0,0,0
2022-09-27,Wirex Limited,1.0,1.0,3,0,0,0,0
2022-09-28,Blockdaemon Inc.,1.0,1.0,3,0,0,0,0
2022-09-28,COINQVEST LLC,1.0,1.0,3,0,0,0,0
2022-09-28,LOBSTR,1.0,1.0,5,0,0,0,0
2022-09-28,Public Node,1.0,1.0,3,0,0,0,0
2022-09-28,SatoshiPay,1.0,1.0,3,0,0,0,0
2022-09-28,Stellar Development Foundation,1.0,1.0,3,0,0,0,0
2022-09-28,Wirex Limited,1.0,1.0,3,0,0,0,0
2022-09-29,Blockdaemon Inc.,1.0,1.0,3,0,0,0,0
2022-09-29,COINQVEST LLC,1.0,0.9979,3,0,0,0,0
2022-09-29,LOBSTR,1.0,1.0,5,0,0,0,0
2022-09-29,Public Node,1.0,1.0,3,0,0,0,0
2022-09-29,SatoshiPay,1.0,1.0,3,0,0,0,0
2022-09-29,Stellar Development Foundation,1.0,1.0,3,0,0,0,0
2022-09-29,Wirex Limited,1.0,1.0,3,0,0,0,0
2022-09-30,Blockdaemon Inc.,1.0,1.0,3,0,0,0,0
2022-09-30,COINQVEST LLC,1.0,0.9979,3,0,0,0,0
2022-09-30,LOBSTR,1.0,1.0,5,0,0,0,0
2022-09-30,Public Node,1.0,1.0,3,0,0,0,0
2022-09-30,SatoshiPay,1.0,1.0,3,0,0,0,0
2022-09-30,Stellar Development Foundation,1.0,1.0,3,0,0,0,0
2022-09-30,Wirex Limited,1.0,1.0,3,0,0,0,0
2022-10-01,Blockdaemon Inc.,1.0,1.0,3,0,0,0,0
2022-10-01,COINQVEST LLC,1.0,1.0,3,0,0,0,0
2022-10-01,LOBSTR,1.0,1.0,5,0,0,0,0
2022-10-01,Public Node,1.0,1.0,3,0,0,0,0
2022-10-01,SatoshiPay,1.0,1.0,3,0,0,0,0
2022-10-01,Stellar Development Foundation,1.0,1.0,3,0,0,0,0
2022-10-01,Wirex Limited,1.0,1.0,3,0,0,0,0
2022-10-02,Blockdaemon Inc.,1.0,1.0,3,0,0,0,0
2022-10-02,COINQVEST LLC,1.0,1.0,3,0,0,0,0
2022-10-02,LOBSTR,1.0,1.0,5,0,0,0,0
2022-10-02,Public Node,1.0,1.0,3,0,0,0,0
2022-10-02,SatoshiPay,1.0,1.0,3,0,0,0,0
2022-10-02,Stellar Development Foundation,1.0,1.0,3,0,0,0,0
2022-10-02,Wirex Limited,1.0,1.0,3,0,0,0,0
2022-10-03,Blockdaemon Inc.,1.0,1.0,3,0,0,0,0
2022-10-03,COINQVEST LLC,1.0,1.0,3,0,0,0,0
2022-10-03,LOBSTR,1.0,1.0,5,0,0,0,0
2022-10-03,Public Node,1.0,1.0,3,0,0,0,0
2022-10-03,SatoshiPay,1.0,1.0,3,0,0,0,0
2022-10-03,Stellar Development Foundation,1.0,1.0,3,0,0,0,0
2022-10-03,Wirex Limited,1.0,1.0,3,0,0,0,0
2022-10-04,Blockdaemon Inc.,1.0,1.0,3,0,0,0,0
2022-10-04,COINQVEST LLC,1.0,0.9979,3,0,0,0,0
2022-10-04,LOBSTR,1.0,1.0,5,0,0,0,0
2022-10-04,Public Node,1.0,1.0,3,0,0,0,0
2022-10-04,SatoshiPay,1.0,1.0,3,0,0,0,0
2022-10-04,Stellar Development Foundation,1.0,1.0,3,0,0,0,0
2022-10-04,Wirex Limited,1.0,1.0,3,0,0,0,0
2022-10-05,Blockdaemon Inc.,1.0,1.0,3,0,0,0,0
2022-10-05,COINQVEST LLC,1.0,1.0,3,0,0,0,0
2022-10-05,LOBSTR,1.0,1.0,5,0,0,0,0
2022-10-05,Public Node,1.0,1.0,3,0,0,0,0
2022-10-05,SatoshiPay,1.0,1.0,3,0,0,0,0
2022-10-05,Stellar Development Foundation,1.0,1.0,3,0,0,0,0
2022-10-05,Wirex Limited,1.0,1.0,3,0,0,0,0
2022-10-06,Blockdaemon Inc.,1.0,1.0,3,0,0,0,0
2022-10-06,COINQVEST LLC,0.9979,0.9896,3,0,0,0,0
2022-10-06,LOBSTR,1.0,1.0,5,0,0,0,0
2022-10-06,Public Node,1.0,1.0,3,0,0,0,0
2022-10-06,SatoshiPay,1.0,1.0,3,0,0,0,0
2022-10-06,Stellar Development Foundation,1.0,1.0,3,0,0,0,0
2022-10-06,Wirex Limited,1.0,1.0,3,0,0,0,0
2022-10-07,Blockdaemon Inc.,1.0,1.0,3,0,0,0,0
2022-10-07,COINQVEST LLC,1.0,1.0,3,0,0,0,0
2022-10-07,LOBSTR,1.0,1.0,5,0,0,0,0
2022-10-07,Public Node,1.0,1.0,3,0,0,0,0
2022-10-07,SatoshiPay,1.0,1.0,3,0,0,0,0
2022-10-07,Stellar Development Foundation,1.0,1.0,3,0,0,0,0
2022-10-07,Wirex Limited,1.0,1.0,3,0,0,0,0
2022-10-08,Blockdaemon Inc.,1.0,1.0,3,0,0,0,0
2022-10-08,COINQVEST LLC,1.0,1.0,3,0,0,0,0
2022-10-08,LOBSTR,1.0,1.0,5,0,0,0,0
2022-10-08,Public Node,1.0,1.0,3,0,0,0,0
2022-10-08,SatoshiPay,1.0,1.0,3,0,0,0,0
2022-10-08,Stellar Development Foundation,1.0,1.0,3,0,0,0,0
2022-10-08,Wirex Limited,1.0,0.9979,3,0,0,0,0
2022-10-09,Blockdaemon Inc.,1.0,1.0,3,0,0,0,0
2022-10-09,COINQVEST LLC,1.0,1.0,3,0,0,0,0
2022-10-09,LOBSTR,1.0,1.0,5,0,0,0,0
2022-10-09,Public Node,1.0,1.0,3,0,0,0,0
2022-10-09,SatoshiPay,1.0,1.0,3,0,0,0,0
2022-10-09,Stellar Development Foundation,1.0,1.0,3,0,0,0,0
2022-10-09,Wirex Limited,1.0,1.0,3,0,0,0,0
2022-10-10,Blockdaemon Inc.,1.0,1.0,3,0,0,0,0
2022-10-10,COINQVEST LLC,1.0,0.9979,3,0,0,0,0
2022-10-10,LOBSTR,1.0,1.0,5,0,0,0,0
2022-10-10,Public Node,1.0,1.0,3,0,0,0,0
2022-10-10,SatoshiPay,1.0,1.0,3,0,0,0,0
2022-10-10,Stellar Development Foundation,1.0,1.0,3,0,0,0,0
2022-10-10,Wirex Limited,1.0,1.0,3,0,0,0,0
2022-10-11,Blockdaemon Inc.,1.0,1.0,3,0,0,0,0
2022-10-11,COINQVEST LLC,1.0,1.0,3,0,0,0,0
2022-10-11,LOBSTR,1.0,1.0,5,0,0,0,0
2022-10-11,Public Node,1.0,1.0,3,0,0,0,0
2022-10-11,SatoshiPay,1.0,1.0,3,0,0,0,0
2022-10-11,Stellar Development Foundation,1.0,1.0,3,0,0,0,0
2022-10-11,Wirex Limited,1.0,1.0,3,0,0,0,0
2022-10-12,Blockdaemon Inc.,1.0,1.0,3,0,0,0,0
2022-10-12,COINQVEST LLC,1.0,0.9979,3,0,0,0,0
2022-10-12,LOBSTR,1.0,1.0,5,0,0,0,0
2022-10-12,Public Node,1.0,1.0,3,0,0,0,0
2022-10-12,SatoshiPay,1.0,1.0,3,0,0,0,0
2022-10-12,Stellar Development Foundation,1.0,1.0,3,0,0,0,0
2022-10-12,Wirex Limited,1.0,1.0,3,0,0,0,0
2022-10-13,Blockdaemon Inc.,1.0,1.0,3,0,0,0,0
2022-10-13,COINQVEST LLC,1.0,0.9979,3,0,0,0,0
2022-10-13,LOBSTR,1.0,1.0,5,0,0,0,0
2022-10-13,Public Node,1.0,1.0,3,0,0,0,0
2022-10-13,SatoshiPay,1.0,1.0,3,0,0,0,0
2022-10-13,Stellar Development Foundation,1.0,1.0,3,0,0,0,0
2022-10-13,Wirex Limited,1.0,1.0,3,0,0,0,0
2022-10-14,Blockdaemon Inc.,1.0,1.0,3,0,0,0,0
2022-10-14,COINQVEST LLC,0.9938,0.9938,3,0,0,0,0
2022-10-14,LOBSTR,1.0,1.0,5,0,0,0,0
2022-10-14,Public Node,1.0,1.0,3,0,0,0,0
2022-10-14,SatoshiPay,1.0,1.0,3,0,0,0,0
2022-10-14,Stellar Development Foundation,1.0,1.0,3,0,0,0,0
2022-10-14,Wirex Limited,1.0,1.0,3,0,0,0,0
2022-10-15,Blockdaemon Inc.,1.0,1.0,3,0,0,0,0
2022-10-15,COINQVEST LLC,1.0,1.0,3,0,0,0,0
2022-10-15,LOBSTR,1.0,1.0,5,0,0,0,0
2022-10-15,Public Node,1.0,1.0,3,0,0,0,0
2022-10-15,SatoshiPay,1.0,1.0,3,0,0,0,0
2022-10-15,Stellar Development Foundation,1.0,1.0,3,0,0,0,0
2022-10-15,Wirex Limited,1.0,1.0,3,0,0,0,0
2022-10-16,Blockdaemon Inc.,1.0,1.0,3,0,0,0,0
2022-10-16,COINQVEST LLC,1.0,0.9979,3,0,0,0,0
2022-10-16,LOBSTR,1.0,1.0,5,0,0,0,0
2022-10-16,Public Node,1.0,1.0,3,0,0,0,0
2022-10-16,SatoshiPay,1.0,1.0,3,0,0,0,0
2022-10-16,Stellar Development Foundation,1.0,1.0,3,0,0,0,0
2022-10-16,Wirex Limited,1.0,1.0,3,0,0,0,0
2022-10-17,Blockdaemon Inc.,1.0,1.0,3,0,0,0,0
2022-10-17,COINQVEST LLC,1.0,0.9979,3,0,0,0,0
2022-10-17,LOBSTR,1.0,1.0,5,0,0,0,0
2022-10-17,Public Node,1.0,1.0,3,0,0,0,0
2022-10-17,SatoshiPay,1.0,1.0,3,0,0,0,0
2022-10-17,Stellar Development Foundation,1.0,1.0,3,0,0,0,0
2022-10-17,Wirex Limited,1.0,1.0,3,0,0,0,0
2022-10-18,Blockdaemon Inc.,1.0,1.0,3,0,0,0,0
2022-10-18,COINQVEST LLC,1.0,0.9979,3,0,0,0,0
2022-10-18,LOBSTR,1.0,1.0,5,0,0,0,0
2022-10-18,Public Node,1.0,1.0,3,0,0,0,0
2022-10-18,SatoshiPay,1.0,1.0,3,0,0,0,0
2022-10-18,Stellar Development Foundation,1.0,1.0,3,0,0,0,0
2022-10-18,Wirex Limited,1.0,1.0,3,0,0,0,0
2022-10-19,Blockdaemon Inc.,1.0,1.0,3,0,0,0,0
2022-10-19,COINQVEST LLC,1.0,1.0,3,0,0,0,0
2022-10-19,Franklin Templeton,1.0,1.0,3,0,0,0,0
2022-10-19,LOBSTR,1.0,1.0,5,0,0,0,0
2022-10-19,Public Node,1.0,1.0,3,0,0,0,0
2022-10-19,SatoshiPay,1.0,1.0,3,0,0,0,0
2022-10-19,Stellar Development Foundation,1.0,1.0,3,0,0,0,0
2022-10-19,Wirex Limited,1.0,1.0,3,0,0,0,0
2022-10-20,Blockdaemon Inc.,1.0,1.0,3,0,0,0,0
2022-10-20,COINQVEST LLC,1.0,0.9979,3,0,0,0,0
2022-10-20,Franklin Templeton,1.0,1.0,3,0,0,0,0
2022-10-20,LOBSTR,1.0,1.0,5,0,0,0,0
2022-10-20,Public Node,1.0,1.0,3,0,0,0,0
2022-10-20,SatoshiPay,1.0,1.0,3,0,0,0,0
2022-10-20,Stellar Development Foundation,1.0,1.0,3,0,0,0,0
2022-10-20,Wirex Limited,1.0,1.0,3,0,0,0,0
2022-10-21,Blockdaemon Inc.,1.0,1.0,3,0,0,0,0
2022-10-21,COINQVEST LLC,1.0,1.0,3,0,0,0,0
2022-10-21,Franklin Templeton,1.0,1.0,3,0,0,0,0
2022-10-21,LOBSTR,1.0,1.0,5,0,0,0,0
2022-10-21,Public Node,1.0,1.0,3,0,0,0,0
2022-10-21,SatoshiPay,1.0,1.0,3,0,0,0,0
2022-10-21,Stellar Development Foundation,1.0,1.0,3,0,0,0,0
2022-10-21,Wirex Limited,1.0,1.0,3,0,0,0,0
2022-10-22,Blockdaemon Inc.,1.0,1.0,3,0,0,0,0
2022-10-22,COINQVEST LLC,1.0,0.9979,3,0,0,0,0
2022-10-22,Franklin Templeton,1.0,1.0,3,0,0,0,0
2022-10-22,LOBSTR,1.0,1.0,5,0,0,0,0
2022-10-22,Public Node,1.0,1.0,3,0,0,0,0
2022-10-22,SatoshiPay,1.0,1.0,3,0,0,0,0
2022-10-22,Stellar Development Foundation,1.0,1.0,3,0,0,0,0
2022-10-22,Wirex Limited,1.0,1.0,3,0,0,0,0
2022-10-23,Blockdaemon Inc.,1.0,1.0,3,0,0,0,0
2022-10-23,COINQVEST LLC,1.0,1.0,3,0,0,0,0
2022-10-23,Franklin Templeton,1.0,1.0,3,0,0,0,0
2022-10-23,LOBSTR,1.0,1.0,5,0,0,0,0
2022-10-23,Public Node,1.0,1.0,3,0,0,0,0
2022-10-23,SatoshiPay,1.0,1.0,3,0,0,0,0
2022-10-23,Stellar Development Foundation,1.0,1.0,3,0,0,0,0
2022-10-23,Wirex Limited,1.0,1.0,3,0,0,0,0
2022-10-24,Blockdaemon Inc.,1.0,1.0,3,0,0,0,0
2022-10-24,COINQVEST LLC,1.0,1.0,3,0,0,0,0
2022-10-24,Franklin Templeton,1.0,1.0,3,0,0,0,0
2022-10-24,LOBSTR,1.0,1.0,5,0,0,0,0
2022-10-24,Public Node,1.0,1.0,3,0,0,0,0
2022-10-24,SatoshiPay,1.0,1.0,3,0,0,0,0
2022-10-24,Stellar Development Foundation,1.0,1.0,3,0,0,0,0
2022-10-24,Wirex Limited,1.0,1.0,3,0,0,0,0
2022-10-25,Blockdaemon Inc.,1.0,1.0,3,0,0,0,0
2022-10-25,COINQVEST LLC,1.0,1.0,3,0,0,0,0
2022-10-25,Franklin Templeton,1.0,1.0,3,0,0,0,0
2022-10-25,LOBSTR,1.0,1.0,5,0,0,0,0
2022-10-25,Public Node,1.0,1.0,3,0,0,0,0
2022-10-25,SatoshiPay,1.0,1.0,3,0,0,0,0
2022-10-25,Stellar Development Foundation,1.0,1.0,3,0,0,0,0
2022-10-25,Wirex Limited,1.0,1.0,3,0,0,0,0
2022-10-26,Blockdaemon Inc.,1.0,1.0,3,0,0,0,0
2022-10-26,COINQVEST LLC,1.0,1.0,3,0,0,0,0
2022-10-26,Franklin Templeton,1.0,1.0,3,0,0,0,0
2022-10-26,LOBSTR,1.0,1.0,5,0,0,0,0
2022-10-26,Public Node,1.0,1.0,3,0,0,0,0
2022-10-26,SatoshiPay,1.0,1.0,3,0,0,0,0
2022-10-26,Stellar Development Foundation,1.0,1.0,3,0,0,0,0
2022-10-26,Wirex Limited,1.0,1.0,3,0,0,0,0
2022-10-27,Blockdaemon Inc.,1.0,1.0,3,0,0,0,0
2022-10-27,COINQVEST LLC,1.0,0.9979,3,0,0,0,0
2022-10-27,Franklin Templeton,1.0,1.0,3,0,0,0,0
2022-10-27,LOBSTR,1.0,1.0,5,0,0,0,0
2022-10-27,Public Node,1.0,1.0,3,0,0,0,0
2022-10-27,SatoshiPay,1.0,1.0,3,0,0,0,0
2022-10-27,Stellar Development Foundation,1.0,1.0,3,0,0,0,0
2022-10-27,Wirex Limited,1.0,1.0,3,0,0,0,0
2022-10-28,Blockdaemon Inc.,1.0,1.0,3,0,0,0,0
2022-10-28,COINQVEST LLC,1.0,1.0,3,0,0,0,0
2022-10-28,Franklin Templeton,1.0,1.0,3,0,0,0,0
2022-10-28,LOBSTR,1.0,1.0,5,0,0,0,0
2022-10-28,Public Node,1.0,1.0,3,0,0,0,0
2022-10-28,SatoshiPay,1.0,1.0,3,0,0,0,0
2022-10-28,Stellar Development Foundation,1.0,1.0,3,0,0,0,0
2022-10-28,Wirex Limited,1.0,1.0,3,0,0,0,0
2022-10-29,Blockdaemon Inc.,1.0,1.0,3,0,0,0,0
2022-10-29,COINQVEST LLC,1.0,1.0,3,0,0,0,0
2022-10-29,Franklin Templeton,1.0,1.0,3,0,0,0,0
2022-10-29,LOBSTR,1.0,1.0,5,0,0,0,0
2022-10-29,Public Node,1.0,1.0,3,0,0,0,0
2022-10-29,SatoshiPay,1.0,1.0,3,0,0,0,0
2022-10-29,Stellar Development Foundation,1.0,1.0,3,0,0,0,0
2022-10-29,Wirex Limited,1.0,1.0,3,0,0,0,0
2022-10-30,Blockdaemon Inc.,1.0,1.0,3,0,0,0,0
2022-10-30,COINQVEST LLC,1.0,1.0,3,0,0,0,0
2022-10-30,Franklin Templeton,1.0,1.0,3,0,0,0,0
2022-10-30,LOBSTR,1.0,1.0,5,0,0,0,0
2022-10-30,Public Node,1.0,1.0,3,0,0,0,0
2022-10-30,SatoshiPay,1.0,1.0,3,0,0,0,0
2022-10-30,Stellar Development Foundation,1.0,1.0,3,0,0,0,0
2022-10-30,Wirex Limited,1.0,1.0,3,0,0,0,0
2022-10-31,Blockdaemon Inc.,1.0,1.0,3,0,0,0,0
2022-10-31,COINQVEST LLC,1.0,1.0,3,0,0,0,0
2022-10-31,Franklin Templeton,1.0,1.0,3,0,0,0,0
2022-10-31,LOBSTR,1.0,1.0,5,0,0,0,0
2022-10-31,Public Node,1.0,1.0,3,0,0,0,0
2022-10-31,SatoshiPay,1.0,1.0,3,0,0,0,0
2022-10-31,Stellar Development Foundation,1.0,1.0,3,0,0,0,0
2022-10-31,Wirex Limited,1.0,1.0,3,0,0,0,0
2022-11-01,Blockdaemon Inc.,1.0,1.0,3,0,0,0,0
2022-11-01,COINQVEST LLC,1.0,1.0,3,0,0,0,0
2022-11-01,Franklin Templeton,1.0,1.0,3,0,0,0,0
2022-11-01,LOBSTR,1.0,1.0,5,0,0,0,0
2022-11-01,Public Node,1.0,1.0,3,0,0,0,0
2022-11-01,SatoshiPay,1.0,1.0,3,0,0,0,0
2022-11-01,Stellar Development Foundation,1.0,1.0,3,0,0,0,0
2022-11-01,Wirex Limited,1.0,1.0,3,0,0,0,0
2022-11-02,Blockdaemon Inc.,1.0,1.0,3,0,0,0,0
2022-11-02,COINQVEST LLC,1.0,1.0,3,0,0,0,0
2022-11-02,Franklin Templeton,1.0,1.0,3,0,0,0,0
2022-11-02,LOBSTR,1.0,1.0,5,0,0,0,0
2022-11-02,Public Node,1.0,1.0,3,0,0,0,0
2022-11-02,SatoshiPay,1.0,1.0,3,0,0,0,0
2022-11-02,Stellar Development Foundation,1.0,1.0,3,0,0,0,0
2022-11-02,Wirex Limited,1.0,1.0,3,0,0,0,0
2022-11-03,Blockdaemon Inc.,1.0,1.0,3,0,0,0,0
2022-11-03,COINQVEST LLC,1.0,0.9979,3,0,0,0,0
2022-11-03,Franklin Templeton,1.0,1.0,3,0,0,0,0
2022-11-03,LOBSTR,1.0,1.0,5,0,0,0,0
2022-11-03,Public Node,1.0,1.0,3,0,0,0,0
2022-11-03,SatoshiPay,1.0,1.0,3,0,0,0,0
2022-11-03,Stellar Development Foundation,1.0,1.0,3,0,0,0,0
2022-11-03,Wirex Limited,1.0,1.0,3,0,0,0,0
2022-11-04,Blockdaemon Inc.,1.0,1.0,3,0,0,0,0
2022-11-04,COINQVEST LLC,1.0,0.9979,3,0,0,0,0
2022-11-04,Franklin Templeton,1.0,1.0,3,0,0,0,0
2022-11-04,LOBSTR,1.0,1.0,5,0,0,0,0
2022-11-04,Public Node,1.0,1.0,3,0,0,0,0
2022-11-04,SatoshiPay,1.0,1.0,3,0,0,0,0
2022-11-04,Stellar Development Foundation,1.0,1.0,3,0,0,0,0
2022-11-04,Wirex Limited,1.0,1.0,3,0,0,0,0
2022-11-05,Blockdaemon Inc.,1.0,1.0,3,0,0,0,0
2022-11-05,COINQVEST LLC,1.0,0.9979,3,0,0,0,0
2022-11-05,Franklin Templeton,1.0,1.0,3,0,0,0,0
2022-11-05,LOBSTR,1.0,1.0,5,0,0,0,0
2022-11-05,Public Node,1.0,1.0,3,0,0,0,0
2022-11-05,SatoshiPay,1.0,1.0,3,0,0,0,0
2022-11-05,Stellar Development Foundation,1.0,1.0,3,0,0,0,0
2022-11-05,Wirex Limited,1.0,1.0,3,0,0,0,0
2022-11-06,Blockdaemon Inc.,1.0,1.0,3,0,0,0,0
2022-11-06,COINQVEST LLC,1.0,1.0,3,0,0,0,0
2022-11-06,Franklin Templeton,1.0,1.0,3,0,0,0,0
2022-11-06,LOBSTR,1.0,1.0,5,0,0,0,0
2022-11-06,Public Node,1.0,1.0,3,0,0,0,0
2022-11-06,SatoshiPay,1.0,1.0,3,0,0,0,0
2022-11-06,Stellar Development Foundation,1.0,1.0,3,0,0,0,0
2022-11-06,Wirex Limited,1.0,1.0,3,0,0,0,0
2022-11-07,Blockdaemon Inc.,1.0,1.0,3,0,0,0,0
2022-11-07,COINQVEST LLC,1.0,1.0,3,0,0,0,0
2022-11-07,Franklin Templeton,1.0,1.0,3,0,0,0,0
2022-11-07,LOBSTR,1.0,1.0,5,0,0,0,0
2022-11-07,Public Node,1.0,1.0,3,0,0,0,0
2022-11-07,SatoshiPay,1.0,1.0,3,0,0,0,0
2022-11-07,Stellar Development Foundation,1.0,1.0,3,0,0,0,0
2022-11-07,Wirex Limited,1.0,1.0,3,0,0,0,0
2022-11-08,Blockdaemon Inc.,1.0,1.0,3,0,0,0,0
2022-11-08,COINQVEST LLC,1.0,1.0,3,0,0,0,0
2022-11-08,Franklin Templeton,1.0,1.0,3,0,0,0,0
2022-11-08,LOBSTR,1.0,1.0,5,0,0,0,0
2022-11-08,Public Node,1.0,1.0,3,0,0,0,0
2022-11-08,SatoshiPay,1.0,1.0,3,0,0,0,0
2022-11-08,Stellar Development Foundation,1.0,1.0,3,0,0,0,0
2022-11-08,Wirex Limited,1.0,1.0,3,0,0,0,0
2022-11-09,Blockdaemon Inc.,1.0,1.0,3,0,0,0,0
2022-11-09,COINQVEST LLC,1.0,0.9979,3,0,0,0,0
2022-11-09,Franklin Templeton,1.0,1.0,3,0,0,0,0
2022-11-09,LOBSTR,1.0,1.0,5,0,0,0,0
2022-11-09,Public Node,1.0,1.0,3,0,0,0,0
2022-11-09,SatoshiPay,1.0,1.0,3,0,0,0,0
2022-11-09,Stellar Development Foundation,1.0,1.0,3,0,0,0,0
2022-11-09,Wirex Limited,1.0,0.9979,3,0,0,0,0
2022-11-10,Blockdaemon Inc.,1.0,1.0,3,0,0,0,0
2022-11-10,COINQVEST LLC,1.0,1.0,3,0,0,0,0
2022-11-10,Franklin Templeton,1.0,1.0,3,0,0,0,0
2022-11-10,LOBSTR,1.0,1.0,5,0,0,0,0
2022-11-10,Public Node,1.0,1.0,3,0,0,0,0
2022-11-10,SatoshiPay,1.0,1.0,3,0,0,0,0
2022-11-10,Stellar Development Foundation,1.0,1.0,3,0,0,0,0
2022-11-10,Wirex Limited,1.0,1.0,3,0,0,0,0
2022-11-11,Blockdaemon Inc.,1.0,1.0,3,0,0,0,0
2022-11-11,COINQVEST LLC,1.0,1.0,3,0,0,0,0
2022-11-11,Franklin Templeton,1.0,1.0,3,0,0,0,0
2022-11-11,LOBSTR,1.0,1.0,5,0,0,0,0
2022-11-11,Public Node,1.0,1.0,3,0,0,0,0
2022-11-11,SatoshiPay,1.0,1.0,3,0,0,0,0
2022-11-11,Stellar Development Foundation,1.0,1.0,3,0,0,0,0
2022-11-11,Wirex Limited,1.0,1.0,3,0,0,0,0
2022-11-12,Blockdaemon Inc.,1.0,1.0,3,0,0,0,0
2022-11-12,COINQVEST LLC,1.0,1.0,3,0,0,0,0
2022-11-12,Franklin Templeton,1.0,1.0,3,0,0,0,0
2022-11-12,LOBSTR,1.0,1.0,5,0,0,0,0
2022-11-12,Public Node,1.0,1.0,3,0,0,0,0
2022-11-12,SatoshiPay,1.0,1.0,3,0,0,0,0
2022-11-12,Stellar Development Foundation,1.0,1.0,3,0,0,0,0
2022-11-12,Wirex Limited,1.0,1.0,3,0,0,0,0
2022-11-13,Blockdaemon Inc.,1.0,1.0,3,0,0,0,0
2022-11-13,COINQVEST LLC,1.0,0.9979,3,0,0,0,0
2022-11-13,Franklin Templeton,1.0,1.0,3,0,0,0,0
2022-11-13,LOBSTR,1.0,1.0,5,0,0,0,0
2022-11-13,Public Node,1.0,1.0,3,0,0,0,0
2022-11-13,SatoshiPay,1.0,1.0,3,0,0,0,0
2022-11-13,Stellar Development Foundation,1.0,1.0,3,0,0,0,0
2022-11-13,Wirex Limited,1.0,0.9979,3,0,0,0,0
2022-11-14,Blockdaemon Inc.,1.0,1.0,3,0,0,0,0
2022-11-14,COINQVEST LLC,1.0,0.9958,3,0,0,0,0
2022-11-14,Franklin Templeton,1.0,1.0,3,0,0,0,0
2022-11-14,LOBSTR,1.0,0.9979,5,0,0,0,0
2022-11-14,Public Node,1.0,1.0,3,0,0,0,0
2022-11-14,SatoshiPay,1.0,1.0,3,0,0,0,0
2022-11-14,Stellar Development Foundation,1.0,1.0,3,0,0,0,0
2022-11-14,Wirex Limited,1.0,1.0,3,0,0,0,0
2022-11-15,Blockdaemon Inc.,1.0,1.0,3,0,0,0,0
2022-11-15,COINQVEST LLC,1.0,1.0,3,0,0,0,0
2022-11-15,Franklin Templeton,1.0,1.0,3,0,0,0,0
2022-11-15,LOBSTR,1.0,1.0,5,0,0,0,0
2022-11-15,Public Node,1.0,1.0,3,0,0,0,0
2022-11-15,SatoshiPay,1.0,1.0,3,0,0,0,0
2022-11-15,Stellar Development Foundation,1.0,1.0,3,0,0,0,0
2022-11-15,Wirex Limited,1.0,1.0,3,0,0,0,0
2022-11-16,Blockdaemon Inc.,1.0,1.0,3,0,0,0,0
2022-11-16,COINQVEST LLC,1.0,1.0,3,0,0,0,0
2022-11-16,Franklin Templeton,1.0,1.0,3,0,0,0,0
2022-11-16,LOBSTR,1.0,1.0,5,0,0,0,0
2022-11-16,Public Node,1.0,1.0,3,0,0,0,0
2022-11-16,SatoshiPay,1.0,1.0,3,0,0,0,0
2022-11-16,Stellar Development Foundation,1.0,1.0,3,0,0,0,0
2022-11-16,Wirex Limited,1.0,1.0,3,0,0,0,0
2022-11-17,Blockdaemon Inc.,1.0,1.0,3,0,0,0,0
2022-11-17,COINQVEST LLC,1.0,1.0,3,0,0,0,0
2022-11-17,Franklin Templeton,1.0,1.0,3,0,0,0,0
2022-11-17,LOBSTR,1.0,1.0,5,0,0,0,0
2022-11-17,Public Node,1.0,1.0,3,0,0,0,0
2022-11-17,SatoshiPay,1.0,1.0,3,0,0,0,0
2022-11-17,Stellar Development Foundation,1.0,1.0,3,0,0,0,0
2022-11-17,Wirex Limited,1.0,1.0,3,0,0,0,0
2022-11-18,Blockdaemon Inc.,1.0,1.0,3,0,0,0,0
2022-11-18,COINQVEST LLC,1.0,0.9979,3,0,0,0,0
2022-11-18,Franklin Templeton,1.0,1.0,3,0,0,0,0
2022-11-18,LOBSTR,1.0,1.0,5,0,0,0,0
2022-11-18,Public Node,1.0,1.0,3,0,0,0,0
2022-11-18,SatoshiPay,1.0,1.0,3,0,0,0,0
2022-11-18,Stellar Development Foundation,1.0,1.0,3,0,0,0,0
2022-11-18,Wirex Limited,1.0,1.0,3,0,0,0,0
2022-11-19,Blockdaemon Inc.,1.0,0.9979,3,0,0,0,0
2022-11-19,COINQVEST LLC,1.0,1.0,3,0,0,0,0
2022-11-19,Franklin Templeton,1.0,1.0,3,0,0,0,0
2022-11-19,LOBSTR,1.0,1.0,5,0,0,0,0
2022-11-19,Public Node,1.0,1.0,3,0,0,0,0
2022-11-19,SatoshiPay,1.0,1.0,3,0,0,0,0
2022-11-19,Stellar Development Foundation,1.0,1.0,3,0,0,0,0
2022-11-19,Wirex Limited,1.0,1.0,3,0,0,0,0
2022-11-20,Blockdaemon Inc.,1.0,1.0,3,0,0,0,0
2022-11-20,COINQVEST LLC,1.0,0.9979,3,0,0,0,0
2022-11-20,Franklin Templeton,1.0,1.0,3,0,0,0,0
2022-11-20,LOBSTR,1.0,1.0,5,0,0,0,0
2022-11-20,Public Node,1.0,1.0,3,0,0,0,0
2022-11-20,SatoshiPay,1.0,1.0,3,0,0,0,0
2022-11-20,Stellar Development Foundation,1.0,1.0,3,0,0,0,0
2022-11-20,Wirex Limited,1.0,1.0,3,0,0,0,0
2022-11-21,Blockdaemon Inc.,1.0,1.0,3,0,0,0,0
2022-11-21,COINQVEST LLC,1.0,0.9979,3,0,0,0,0
2022-11-21,Franklin Templeton,1.0,1.0,3,0,0,0,0
2022-11-21,LOBSTR,1.0,1.0,5,0,0,0,0
2022-11-21,Public Node,1.0,1.0,3,0,0,0,0
2022-11-21,SatoshiPay,1.0,1.0,3,0,0,0,0
2022-11-21,Stellar Development Foundation,1.0,1.0,3,0,0,0,0
2022-11-21,Wirex Limited,1.0,1.0,3,0,0,0,0
2022-11-22,Blockdaemon Inc.,1.0,1.0,3,0,0,0,0
2022-11-22,COINQVEST LLC,1.0,1.0,3,0,0,0,0
2022-11-22,Franklin Templeton,1.0,0.9979,3,0,0,0,0
2022-11-22,LOBSTR,1.0,1.0,5,0,0,0,0
2022-11-22,Public Node,1.0,1.0,3,0,0,0,0
2022-11-22,SatoshiPay,1.0,1.0,3,0,0,0,0
2022-11-22,Stellar Development Foundation,1.0,1.0,3,0,0,0,0
2022-11-22,Wirex Limited,1.0,1.0,3,0,0,0,0
2022-11-23,Blockdaemon Inc.,1.0,1.0,3,0,0,0,0
2022-11-23,COINQVEST LLC,1.0,0.9979,3,0,0,0,0
2022-11-23,Franklin Templeton,1.0,1.0,3,0,0,0,0
2022-11-23,LOBSTR,1.0,1.0,5,0,0,0,0
2022-11-23,Public Node,1.0,1.0,3,0,0,0,0
2022-11-23,SatoshiPay,1.0,1.0,3,0,0,0,0
2022-11-23,Stellar Development Foundation,1.0,1.0,3,0,0,0,0
2022-11-23,Wirex Limited,1.0,1.0,3,0,0,0,0
2022-11-24,Blockdaemon Inc.,1.0,1.0,3,0,0,0,0
2022-11-24,COINQVEST LLC,0.9958,0.9812,3,0,0,0,0
2022-11-24,Franklin Templeton,1.0,1.0,3,0,0,0,0
2022-11-24,LOBSTR,1.0,1.0,5,0,0,0,0
2022-11-24,Public Node,1.0,1.0,3,0,0,0,0
2022-11-24,SatoshiPay,1.0,1.0,3,0,0,0,0
2022-11-24,Stellar Development Foundation,1.0,1.0,3,0,0,0,0
2022-11-24,Wirex Limited,1.0,1.0,3,0,0,0,0
2022-11-25,Blockdaemon Inc.,1.0,1.0,3,0,0,0,0
2022-11-25,COINQVEST LLC,1.0,1.0,3,0,0,0,0
2022-11-25,Franklin Templeton,1.0,0.9979,3,0,0,0,0
2022-11-25,LOBSTR,1.0,1.0,5,0,0,0,0
2022-11-25,Public Node,1.0,1.0,3,0,0,0,0
2022-11-25,SatoshiPay,1.0,1.0,3,0,0,0,0
2022-11-25,Stellar Development Foundation,1.0,1.0,3,0,0,0,0
2022-11-25,Wirex Limited,1.0,1.0,3,0,0,0,0
2022-11-26,Blockdaemon Inc.,1.0,1.0,3,0,0,0,0
2022-11-26,COINQVEST LLC,1.0,1.0,3,0,0,0,0
2022-11-26,Franklin Templeton,1.0,1.0,3,0,0,0,0
2022-11-26,LOBSTR,1.0,1.0,5,0,0,0,0
2022-11-26,Public Node,1.0,1.0,3,0,0,0,0
2022-11-26,SatoshiPay,1.0,1.0,3,0,0,0,0
2022-11-26,Stellar Development Foundation,1.0,1.0,3,0,0,0,0
2022-11-26,Wirex Limited,1.0,1.0,3,0,0,0,0
2022-11-27,Blockdaemon Inc.,1.0,1.0,3,0,0,0,0
2022-11-27,COINQVEST LLC,1.0,0.9958,3,0,0,0,0
2022-11-27,Franklin Templeton,1.0,1.0,3,0,0,0,0
2022-11-27,LOBSTR,1.0,1.0,5,0,0,0,0
2022-11-27,Public Node,1.0,1.0,3,0,0,0,0
2022-11-27,SatoshiPay,1.0,1.0,3,0,0,0,0
2022-11-27,Stellar Development Foundation,1.0,1.0,3,0,0,0,0
2022-11-27,Wirex Limited,1.0,1.0,3,0,0,0,0
2022-11-28,Blockdaemon Inc.,1.0,1.0,3,0,0,0,0
2022-11-28,COINQVEST LLC,1.0,1.0,3,0,0,0,0
2022-11-28,Franklin Templeton,1.0,1.0,3,0,0,0,0
2022-11-28,LOBSTR,1.0,1.0,5,0,0,0,0
2022-11-28,Public Node,1.0,1.0,3,0,0,0,0
2022-11-28,SatoshiPay,1.0,1.0,3,0,0,0,0
2022-11-28,Stellar Development Foundation,1.0,1.0,3,0,0,0,0
2022-11-28,Wirex Limited,1.0,0.9979,3,0,0,0,0
2022-11-29,Blockdaemon Inc.,1.0,1.0,3,0,0,0,0
2022-11-29,COINQVEST LLC,1.0,1.0,3,0,0,0,0
2022-11-29,Franklin Templeton,1.0,1.0,3,0,0,0,0
2022-11-29,LOBSTR,1.0,1.0,5,0,0,0,0
2022-11-29,Public Node,1.0,1.0,3,0,0,0,0
2022-11-29,SatoshiPay,1.0,1.0,3,0,0,0,0
2022-11-29,Stellar Development Foundation,1.0,1.0,3,0,0,0,0
2022-11-29,Wirex Limited,1.0,1.0,3,0,0,0,0
2022-11-30,Blockdaemon Inc.,1.0,1.0,3,0,0,0,0
2022-11-30,COINQVEST LLC,1.0,0.9979,3,0,0,0,0
2022-11-30,Franklin Templeton,1.0,1.0,3,0,0,0,0
2022-11-30,LOBSTR,1.0,1.0,5,0,0,0,0
2022-11-30,Public Node,1.0,1.0,3,0,0,0,0
2022-11-30,SatoshiPay,1.0,1.0,3,0,0,0,0
2022-11-30,Stellar Development Foundation,1.0,1.0,3,0,0,0,0
2022-11-30,Wirex Limited,1.0,1.0,3,0,0,0,0
2022-12-01,Blockdaemon Inc.,1.0021,1.0,3,0,0,0,0
2022-12-01,COINQVEST LLC,1.0021,1.0,3,0,0,0,0
2022-12-01,Franklin Templeton,1.0021,1.0,3,0,0,0,0
2022-12-01,LOBSTR,1.0021,1.0,5,0,0,0,0
2022-12-01,Public Node,1.0021,1.0,3,0,0,0,0
2022-12-01,SatoshiPay,1.0021,1.0,3,0,0,0,0
2022-12-01,Stellar Development Foundation,1.0021,1.0,3,0,0,0,0
2022-12-01,Wirex Limited,1.0021,1.0,3,0,0,0,0
2022-12-02,Blockdaemon Inc.,1.0,1.0,3,0,0,0,0
2022-12-02,COINQVEST LLC,1.0,0.9979,3,0,0,0,0
2022-12-02,Franklin Templeton,1.0,1.0,3,0,0,0,0
2022-12-02,LOBSTR,1.0,1.0,5,0,0,0,0
2022-12-02,Public Node,1.0,1.0,3,0,0,0,0
2022-12-02,SatoshiPay,1.0,1.0,3,0,0,0,0
2022-12-02,Stellar Development Foundation,1.0,1.0,3,0,0,0,0
2022-12-02,Wirex Limited,1.0,0.8167,3,1,0,0,0
2022-12-03,Blockdaemon Inc.,1.0,1.0,3,0,0,0,0
2022-12-03,COINQVEST LLC,1.0,1.0,3,0,0,0,0
2022-12-03,Franklin Templeton,1.0,1.0,3,0,0,0,0
2022-12-03,LOBSTR,1.0,1.0,5,0,0,0,0
2022-12-03,Public Node,1.0,1.0,3,0,0,0,0
2022-12-03,SatoshiPay,1.0,1.0,3,0,0,0,0
2022-12-03,Stellar Development Foundation,1.0,1.0,3,0,0,0,0
2022-12-03,Wirex Limited,1.0,0.9958,3,0,0,0,0
2022-12-04,Blockdaemon Inc.,1.0,1.0,3,0,0,0,0
2022-12-04,COINQVEST LLC,1.0,1.0,3,0,0,0,0
2022-12-04,Franklin Templeton,1.0,1.0,3,0,0,0,0
2022-12-04,LOBSTR,1.0,1.0,5,0,0,0,0
2022-12-04,Public Node,1.0,1.0,3,0,0,0,0
2022-12-04,SatoshiPay,1.0,1.0,3,0,0,0,0
2022-12-04,Stellar Development Foundation,1.0,1.0,3,0,0,0,0
2022-12-04,Wirex Limited,1.0,1.0,3,0,0,0,0
2022-12-05,Blockdaemon Inc.,1.0,1.0,3,0,0,0,0
2022-12-05,COINQVEST LLC,1.0,1.0,3,0,0,0,0
2022-12-05,Franklin Templeton,1.0,0.9979,3,0,0,0,0
2022-12-05,LOBSTR,1.0,1.0,5,0,0,0,0
2022-12-05,Public Node,1.0,1.0,3,0,0,0,0
2022-12-05,SatoshiPay,1.0,1.0,3,0,0,0,0
2022-12-05,Stellar Development Foundation,1.0,1.0,3,0,0,0,0
2022-12-05,Wirex Limited,1.0,1.0,3,0,0,0,0
2022-12-06,Blockdaemon Inc.,1.0,1.0,3,0,0,0,0
2022-12-06,COINQVEST LLC,1.0,0.9979,3,0,0,0,0
2022-12-06,Franklin Templeton,1.0,1.0,3,0,0,0,0
2022-12-06,LOBSTR,1.0,1.0,5,0,0,0,0
2022-12-06,Public Node,1.0,1.0,3,0,0,0,0
2022-12-06,SatoshiPay,1.0,1.0,3,0,0,0,0
2022-12-06,Stellar Development Foundation,1.0,1.0,3,0,0,0,0
2022-12-06,Wirex Limited,1.0,0.0336,3,1,0,1,0
2022-12-07,Blockdaemon Inc.,1.0,1.0,3,0,0,0,0
2022-12-07,COINQVEST LLC,1.0,1.0,3,0,0,0,0
2022-12-07,Franklin Templeton,1.0,0.9979,3,0,0,0,0
2022-12-07,LOBSTR,1.0,1.0,5,0,0,0,0
2022-12-07,Public Node,1.0,1.0,3,0,0,0,0
2022-12-07,SatoshiPay,1.0,1.0,3,0,0,0,0
2022-12-07,Stellar Development Foundation,1.0,1.0,3,0,0,0,0
2022-12-07,Wirex Limited,1.0,0.0,3,1,0,1,0
2022-12-08,Blockdaemon Inc.,1.0,1.0,3,0,0,0,0
2022-12-08,COINQVEST LLC,1.0,0.9979,3,0,0,0,0
2022-12-08,Franklin Templeton,1.0,1.0,3,0,0,0,0
2022-12-08,LOBSTR,1.0,1.0,5,0,0,0,0
2022-12-08,Public Node,1.0,1.0,3,0,0,0,0
2022-12-08,SatoshiPay,1.0,1.0,3,0,0,0,0
2022-12-08,Stellar Development Foundation,1.0,1.0,3,0,0,0,0
2022-12-08,Wirex Limited,1.0,0.0,3,1,0,1,0
2022-12-09,Blockdaemon Inc.,1.0,1.0,3,0,0,0,0
2022-12-09,COINQVEST LLC,1.0,0.9979,3,0,0,0,0
2022-12-09,Franklin Templeton,1.0,1.0,3,0,0,0,0
2022-12-09,LOBSTR,1.0,1.0,5,0,0,0,0
2022-12-09,Public Node,1.0,1.0,3,0,0,0,0
2022-12-09,SatoshiPay,1.0,1.0,3,0,0,0,0
2022-12-09,Stellar Development Foundation,1.0,1.0,3,0,0,0,0
2022-12-09,Wirex Limited,1.0,0.0,3,1,0,1,0
2022-12-10,Blockdaemon Inc.,1.0,1.0,3,0,0,0,0
2022-12-10,COINQVEST LLC,1.0,0.9979,3,0,0,0,0
2022-12-10,Franklin Templeton,1.0,1.0,3,0,0,0,0
2022-12-10,LOBSTR,1.0,1.0,5,0,0,0,0
2022-12-10,Public Node,1.0,1.0,3,0,0,0,0
2022-12-10,SatoshiPay,1.0,1.0,3,0,0,0,0
2022-12-10,Stellar Development Foundation,1.0,1.0,3,0,0,0,0
2022-12-10,Wirex Limited,1.0,0.7573,3,1,0,0,0
2022-12-11,Blockdaemon Inc.,1.0,1.0,3,0,0,0,0
2022-12-11,COINQVEST LLC,1.0,1.0,3,0,0,0,0
2022-12-11,Franklin Templeton,1.0,1.0,3,0,0,0,0
2022-12-11,LOBSTR,1.0,1.0,5,0,0,0,0
2022-12-11,Public Node,1.0,1.0,3,0,0,0,0
2022-12-11,SatoshiPay,1.0,1.0,3,0,0,0,0
2022-12-11,Stellar Development Foundation,1.0,1.0,3,0,0,0,0
2022-12-11,Wirex Limited,1.0,0.9395,3,0,0,0,0
2022-12-12,Blockdaemon Inc.,1.0,1.0,3,0,0,0,0
2022-12-12,COINQVEST LLC,1.0,1.0,3,0,0,0,0
2022-12-12,Franklin Templeton,1.0,1.0,3,0,0,0,0
2022-12-12,LOBSTR,1.0,1.0,5,0,0,0,0
2022-12-12,Public Node,1.0,1.0,3,0,0,0,0
2022-12-12,SatoshiPay,1.0,1.0,3,0,0,0,0
2022-12-12,Stellar Development Foundation,1.0,1.0,3,0,0,0,0
2022-12-12,Wirex Limited,1.0,1.0,3,0,0,0,0
2022-12-13,Blockdaemon Inc.,1.0,1.0,3,0,0,0,0
2022-12-13,COINQVEST LLC,1.0,0.9958,3,0,0,0,0
2022-12-13,Franklin Templeton,1.0,1.0,3,0,0,0,0
2022-12-13,LOBSTR,1.0,1.0,5,0,0,0,0
2022-12-13,Public Node,1.0,1.0,3,0,0,0,0
2022-12-13,SatoshiPay,1.0,1.0,3,0,0,0,0
2022-12-13,Stellar Development Foundation,1.0,1.0,3,0,0,0,0
2022-12-13,Wirex Limited,0.5669,0.5669,3,1,0,1,0
2022-12-14,Blockdaemon Inc.,1.0,1.0,3,0,0,0,0
2022-12-14,COINQVEST LLC,1.0,1.0,3,0,0,0,0
2022-12-14,Franklin Templeton,1.0,1.0,3,0,0,0,0
2022-12-14,LOBSTR,1.0,1.0,5,0,0,0,0
2022-12-14,Public Node,1.0,1.0,3,0,0,0,0
2022-12-14,SatoshiPay,1.0,1.0,3,0,0,0,0
2022-12-14,Stellar Development Foundation,1.0,1.0,3,0,0,0,0
2022-12-15,Blockdaemon Inc.,1.0,1.0,3,0,0,0,0
2022-12-15,COINQVEST LLC,1.0,1.0,3,0,0,0,0
2022-12-15,Franklin Templeton,1.0,1.0,3,0,0,0,0
2022-12-15,LOBSTR,1.0,1.0,5,0,0,0,0
2022-12-15,Public Node,1.0,1.0,3,0,0,0,0
2022-12-15,SatoshiPay,1.0,1.0,3,0,0,0,0
2022-12-15,Stellar Development Foundation,1.0,1.0,3,0,0,0,0
2022-12-16,Blockdaemon Inc.,1.0,1.0,3,0,0,0,0
2022-12-16,COINQVEST LLC,0.9874,0.9854,3,1,0,0,0
2022-12-16,Franklin Templeton,1.0,1.0,3,0,0,0,0
2022-12-16,LOBSTR,1.0,1.0,5,0,0,0,0
2022-12-16,Public Node,1.0,1.0,3,0,0,0,0
2022-12-16,SatoshiPay,1.0,1.0,3,0,0,0,0
2022-12-16,Stellar Development Foundation,1.0,1.0,3,0,0,0,0
2022-12-17,Blockdaemon Inc.,1.0,1.0,3,0,0,0,0
2022-12-17,COINQVEST LLC,1.0,0.9958,3,0,0,0,0
2022-12-17,Franklin Templeton,1.0,1.0,3,0,0,0,0
2022-12-17,LOBSTR,1.0,1.0,5,0,0,0,0
2022-12-17,Public Node,1.0,1.0,3,0,0,0,0
2022-12-17,SatoshiPay,1.0,1.0,3,0,0,0,0
2022-12-17,Stellar Development Foundation,1.0,1.0,3,0,0,0,0
2022-12-18,Blockdaemon Inc.,1.0,1.0,3,0,0,0,0
2022-12-18,COINQVEST LLC,1.0,0.9979,3,0,0,0,0
2022-12-18,Franklin Templeton,1.0,1.0,3,0,0,0,0
2022-12-18,LOBSTR,1.0,1.0,5,0,0,0,0
2022-12-18,Public Node,1.0,1.0,3,0,0,0,0
2022-12-18,SatoshiPay,1.0,1.0,3,0,0,0,0
2022-12-18,Stellar Development Foundation,1.0,1.0,3,0,0,0,0
2022-12-19,Blockdaemon Inc.,1.0,1.0,3,0,0,0,0
2022-12-19,COINQVEST LLC,1.0,0.9979,3,0,0,0,0
2022-12-19,Franklin Templeton,1.0,1.0,3,0,0,0,0
2022-12-19,LOBSTR,1.0,1.0,5,0,0,0,0
2022-12-19,Public Node,1.0,1.0,3,0,0,0,0
2022-12-19,SatoshiPay,1.0,1.0,3,0,0,0,0
2022-12-19,Stellar Development Foundation,1.0,1.0,3,0,0,0,0
2022-12-20,Blockdaemon Inc.,1.0,1.0,3,0,0,0,0
2022-12-20,COINQVEST LLC,1.0,0.9979,3,0,0,0,0
2022-12-20,Franklin Templeton,1.0,1.0,3,0,0,0,0
2022-12-20,LOBSTR,1.0,1.0,5,0,0,0,0
2022-12-20,Public Node,1.0,1.0,3,0,0,0,0
2022-12-20,SatoshiPay,1.0,1.0,3,0,0,0,0
2022-12-20,Stellar Development Foundation,1.0,1.0,3,0,0,0,0
2022-12-21,Blockdaemon Inc.,1.0,1.0,3,0,0,0,0
2022-12-21,COINQVEST LLC,1.0,1.0,3,0,0,0,0
2022-12-21,Franklin Templeton,1.0,1.0,3,0,0,0,0
2022-12-21,LOBSTR,1.0,1.0,5,0,0,0,0
2022-12-21,Public Node,1.0,1.0,3,0,0,0,0
2022-12-21,SatoshiPay,1.0,1.0,3,0,0,0,0
2022-12-21,Stellar Development Foundation,1.0,1.0,3,0,0,0,0
2022-12-22,Blockdaemon Inc.,1.0,1.0,3,0,0,0,0
2022-12-22,COINQVEST LLC,1.0,1.0,3,0,0,0,0
2022-12-22,Franklin Templeton,1.0,1.0,3,0,0,0,0
2022-12-22,LOBSTR,1.0,1.0,5,0,0,0,0
2022-12-22,Public Node,1.0,1.0,3,0,0,0,0
2022-12-22,SatoshiPay,1.0,1.0,3,0,0,0,0
2022-12-22,Stellar Development Foundation,1.0,1.0,3,0,0,0,0
2022-12-23,Blockdaemon Inc.,1.0,1.0,3,0,0,0,0
2022-12-23,COINQVEST LLC,1.0,0.9958,3,0,0,0,0
2022-12-23,Franklin Templeton,1.0,0.9979,3,0,0,0,0
2022-12-23,LOBSTR,1.0,1.0,5,0,0,0,0
2022-12-23,Public Node,1.0,1.0,3,0,0,0,0
2022-12-23,SatoshiPay,1.0,1.0,3,0,0,0,0
2022-12-23,Stellar Development Foundation,1.0,1.0,3,0,0,0,0
2022-12-24,Blockdaemon Inc.,1.0,1.0,3,0,0,0,0
2022-12-24,COINQVEST LLC,1.0,1.0,3,0,0,0,0
2022-12-24,Franklin Templeton,1.0,1.0,3,0,0,0,0
2022-12-24,LOBSTR,1.0,1.0,5,0,0,0,0
2022-12-24,Public Node,1.0,1.0,3,0,0,0,0
2022-12-24,SatoshiPay,1.0,1.0,3,0,0,0,0
2022-12-24,Stellar Development Foundation,1.0,1.0,3,0,0,0,0
2022-12-25,Blockdaemon Inc.,1.0,1.0,3,0,0,0,0
2022-12-25,COINQVEST LLC,1.0,1.0,3,0,0,0,0
2022-12-25,Franklin Templeton,1.0,1.0,3,0,0,0,0
2022-12-25,LOBSTR,1.0,0.9958,5,0,0,0,0
2022-12-25,Public Node,1.0,1.0,3,0,0,0,0
2022-12-25,SatoshiPay,1.0,1.0,3,0,0,0,0
2022-12-25,Stellar Development Foundation,1.0,1.0,3,0,0,0,0
2022-12-26,Blockdaemon Inc.,1.0,1.0,3,0,0,0,0
2022-12-26,COINQVEST LLC,1.0,1.0,3,0,0,0,0
2022-12-26,Franklin Templeton,1.0,1.0,3,0,0,0,0
2022-12-26,LOBSTR,1.0,1.0,5,0,0,0,0
2022-12-26,Public Node,1.0,1.0,3,0,0,0,0
2022-12-26,SatoshiPay,1.0,1.0,3,0,0,0,0
2022-12-26,Stellar Development Foundation,1.0,1.0,3,0,0,0,0
2022-12-27,Blockdaemon Inc.,1.0,1.0,3,0,0,0,0
2022-12-27,COINQVEST LLC,1.0,1.0,3,0,0,0,0
2022-12-27,Franklin Templeton,1.0,1.0,3,0,0,0,0
2022-12-27,LOBSTR,1.0,1.0,5,0,0,0,0
2022-12-27,Public Node,1.0,1.0,3,0,0,0,0
2022-12-27,SatoshiPay,1.0,1.0,3,0,0,0,0
2022-12-27,Stellar Development Foundation,1.0,1.0,3,0,0,0,0
2022-12-28,Blockdaemon Inc.,1.0,1.0,3,0,0,0,0
2022-12-28,COINQVEST LLC,1.0,1.0,3,0,0,0,0
2022-12-28,Franklin Templeton,1.0,1.0,3,0,0,0,0
2022-12-28,LOBSTR,1.0,1.0,5,0,0,0,0
2022-12-28,Public Node,1.0,1.0,3,0,0,0,0
2022-12-28,SatoshiPay,1.0,1.0,3,0,0,0,0
2022-12-28,Stellar Development Foundation,1.0,1.0,3,0,0,0,0
2022-12-29,Blockdaemon Inc.,1.0,1.0,3,0,0,0,0
2022-12-29,COINQVEST LLC,1.0,1.0,3,0,0,0,0
2022-12-29,Franklin Templeton,1.0,1.0,3,0,0,0,0
2022-12-29,LOBSTR,1.0,1.0,5,0,0,0,0
2022-12-29,Public Node,1.0,1.0,3,0,0,0,0
2022-12-29,SatoshiPay,1.0,1.0,3,0,0,0,0
2022-12-29,Stellar Development Foundation,1.0,1.0,3,0,0,0,0
2022-12-30,Blockdaemon Inc.,1.0,1.0,3,0,0,0,0
2022-12-30,COINQVEST LLC,1.0,1.0,3,0,0,0,0
2022-12-30,Franklin Templeton,1.0,1.0,3,0,0,0,0
2022-12-30,LOBSTR,1.0,1.0,5,0,0,0,0
2022-12-30,Public Node,1.0,1.0,3,0,0,0,0
2022-12-30,SatoshiPay,1.0,1.0,3,0,0,0,0
2022-12-30,Stellar Development Foundation,1.0,1.0,3,0,0,0,0
2022-12-31,Blockdaemon Inc.,1.0,1.0,3,0,0,0,0
2022-12-31,COINQVEST LLC,1.0,1.0,3,0,0,0,0
2022-12-31,Franklin Templeton,1.0,1.0,3,0,0,0,0
2022-12-31,LOBSTR,1.0,1.0,5,0,0,0,0
2022-12-31,Public Node,1.0,1.0,3,0,0,0,0
2022-12-31,SatoshiPay,1.0,1.0,3,0,0,0,0
2022-12-31,Stellar Development Foundation,1.0,1.0,3,0,0,0,0
2023-01-01,Blockdaemon Inc.,1.0,1.0,3,0,0,0,0
2023-01-01,COINQVEST LLC,1.0,0.9979,3,0,0,0,0
2023-01-01,Franklin Templeton,1.0,1.0,3,0,0,0,0
2023-01-01,LOBSTR,1.0,1.0,5,0,0,0,0
2023-01-01,Public Node,1.0,1.0,3,0,0,0,0
2023-01-01,SatoshiPay,1.0,1.0,3,0,0,0,0
2023-01-01,Stellar Development Foundation,1.0,1.0,3,0,0,0,0
2023-01-02,Blockdaemon Inc.,1.0,1.0,3,0,0,0,0
2023-01-02,COINQVEST LLC,1.0,1.0,3,0,0,0,0
2023-01-02,Franklin Templeton,1.0,1.0,3,0,0,0,0
2023-01-02,LOBSTR,1.0,1.0,5,0,0,0,0
2023-01-02,Public Node,1.0,1.0,3,0,0,0,0
2023-01-02,SatoshiPay,1.0,1.0,3,0,0,0,0
2023-01-02,Stellar Development Foundation,1.0,1.0,3,0,0,0,0
2023-01-03,Blockdaemon Inc.,1.0,1.0,3,0,0,0,0
2023-01-03,COINQVEST LLC,1.0,1.0,3,0,0,0,0
2023-01-03,Franklin Templeton,1.0,1.0,3,0,0,0,0
2023-01-03,LOBSTR,1.0,1.0,5,0,0,0,0
2023-01-03,Public Node,1.0,1.0,3,0,0,0,0
2023-01-03,SatoshiPay,1.0,1.0,3,0,0,0,0
2023-01-03,Stellar Development Foundation,1.0,1.0,3,0,0,0,0
2023-01-04,Blockdaemon Inc.,1.0,1.0,3,0,0,0,0
2023-01-04,COINQVEST LLC,1.0,0.9979,3,0,0,0,0
2023-01-04,Franklin Templeton,1.0,1.0,3,0,0,0,0
2023-01-04,LOBSTR,1.0,1.0,5,0,0,0,0
2023-01-04,Public Node,1.0,1.0,3,0,0,0,0
2023-01-04,SatoshiPay,1.0,1.0,3,0,0,0,0
2023-01-04,Stellar Development Foundation,1.0,1.0,3,0,0,0,0
2023-01-05,Blockdaemon Inc.,1.0,1.0,3,0,0,0,0
2023-01-05,COINQVEST LLC,1.0,0.9979,3,0,0,0,0
2023-01-05,Franklin Templeton,1.0,0.9979,3,0,0,0,0
2023-01-05,LOBSTR,1.0,1.0,5,0,0,0,0
2023-01-05,Public Node,1.0,1.0,3,0,0,0,0
2023-01-05,SatoshiPay,1.0,1.0,3,0,0,0,0
2023-01-05,Stellar Development Foundation,1.0,1.0,3,0,0,0,0
2023-01-06,Blockdaemon Inc.,1.0,1.0,3,0,0,0,0
2023-01-06,COINQVEST LLC,1.0,0.9979,3,0,0,0,0
2023-01-06,Franklin Templeton,1.0,1.0,3,0,0,0,0
2023-01-06,LOBSTR,1.0,1.0,5,0,0,0,0
2023-01-06,Public Node,1.0,1.0,3,0,0,0,0
2023-01-06,SatoshiPay,1.0,1.0,3,0,0,0,0
2023-01-06,Stellar Development Foundation,1.0,1.0,3,0,0,0,0
2023-01-07,Blockdaemon Inc.,1.0,1.0,3,0,0,0,0
2023-01-07,COINQVEST LLC,1.0,1.0,3,0,0,0,0
2023-01-07,Franklin Templeton,1.0,1.0,3,0,0,0,0
2023-01-07,LOBSTR,1.0,1.0,5,0,0,0,0
2023-01-07,Public Node,1.0,1.0,3,0,0,0,0
2023-01-07,SatoshiPay,1.0,1.0,3,0,0,0,0
2023-01-07,Stellar Development Foundation,1.0,1.0,3,0,0,0,0
2023-01-08,Blockdaemon Inc.,1.0,1.0,3,0,0,0,0
2023-01-08,COINQVEST LLC,1.0,1.0,3,0,0,0,0
2023-01-08,Franklin Templeton,1.0,1.0,3,0,0,0,0
2023-01-08,LOBSTR,1.0,1.0,5,0,0,0,0
2023-01-08,Public Node,1.0,1.0,3,0,0,0,0
2023-01-08,SatoshiPay,1.0,1.0,3,0,0,0,0
2023-01-08,Stellar Development Foundation,1.0,1.0,3,0,0,0,0
2023-01-09,Blockdaemon Inc.,1.0,1.0,3,0,0,0,0
2023-01-09,COINQVEST LLC,1.0,1.0,3,0,0,0,0
2023-01-09,Franklin Templeton,1.0,0.9979,3,0,0,0,0
2023-01-09,LOBSTR,1.0,1.0,5,0,0,0,0
2023-01-09,Public Node,1.0,1.0,3,0,0,0,0
2023-01-09,SatoshiPay,1.0,1.0,3,0,0,0,0
2023-01-09,Stellar Development Foundation,1.0,1.0,3,0,0,0,0
2023-01-10,Blockdaemon Inc.,1.0,1.0,3,0,0,0,0
2023-01-10,COINQVEST LLC,1.0,0.9958,3,0,0,0,0
2023-01-10,Franklin Templeton,1.0,1.0,3,0,0,0,0
2023-01-10,LOBSTR,1.0,1.0,5,0,0,0,0
2023-01-10,Public Node,1.0,1.0,3,0,0,0,0
2023-01-10,SatoshiPay,1.0,1.0,3,0,0,0,0
2023-01-10,Stellar Development Foundation,1.0,1.0,3,0,0,0,0
2023-01-11,Blockdaemon Inc.,1.0,1.0,3,0,0,0,0
2023-01-11,COINQVEST LLC,1.0,1.0,3,0,0,0,0
2023-01-11,Franklin Templeton,1.0,1.0,3,0,0,0,0
2023-01-11,LOBSTR,1.0,1.0,5,0,0,0,0
2023-01-11,Public Node,1.0,1.0,3,0,0,0,0
2023-01-11,SatoshiPay,1.0,1.0,3,0,0,0,0
2023-01-11,Stellar Development Foundation,1.0,1.0,3,0,0,0,0
2023-01-12,Blockdaemon Inc.,1.0,1.0,3,0,0,0,0
2023-01-12,COINQVEST LLC,1.0,0.9979,3,0,0,0,0
2023-01-12,Franklin Templeton,1.0,1.0,3,0,0,0,0
2023-01-12,LOBSTR,1.0,1.0,5,0,0,0,0
2023-01-12,Public Node,1.0,1.0,3,0,0,0,0
2023-01-12,SatoshiPay,1.0,1.0,3,0,0,0,0
2023-01-12,Stellar Development Foundation,1.0,1.0,3,0,0,0,0
2023-01-13,Blockdaemon Inc.,1.0,1.0,3,0,0,0,0
2023-01-13,COINQVEST LLC,1.0,0.9958,3,0,0,0,0
2023-01-13,Franklin Templeton,1.0,1.0,3,0,0,0,0
2023-01-13,LOBSTR,1.0,1.0,5,0,0,0,0
2023-01-13,Public Node,1.0,1.0,3,0,0,0,0
2023-01-13,SatoshiPay,1.0,1.0,3,0,0,0,0
2023-01-13,Stellar Development Foundation,1.0,1.0,3,0,0,0,0
2023-01-14,Blockdaemon Inc.,1.0,1.0,3,0,0,0,0
2023-01-14,COINQVEST LLC,1.0,0.9979,3,0,0,0,0
2023-01-14,Franklin Templeton,1.0,0.9979,3,0,0,0,0
2023-01-14,LOBSTR,1.0,1.0,5,0,0,0,0
2023-01-14,Public Node,1.0,1.0,3,0,0,0,0
2023-01-14,SatoshiPay,1.0,1.0,3,0,0,0,0
2023-01-14,Stellar Development Foundation,1.0,1.0,3,0,0,0,0
2023-01-15,Blockdaemon Inc.,1.0,1.0,3,0,0,0,0
2023-01-15,COINQVEST LLC,1.0,0.9979,3,0,0,0,0
2023-01-15,Franklin Templeton,1.0,1.0,3,0,0,0,0
2023-01-15,LOBSTR,1.0,1.0,5,0,0,0,0
2023-01-15,Public Node,1.0,1.0,3,0,0,0,0
2023-01-15,SatoshiPay,1.0,1.0,3,0,0,0,0
2023-01-15,Stellar Development Foundation,1.0,1.0,3,0,0,0,0
2023-01-16,Blockdaemon Inc.,1.0,1.0,3,0,0,0,0
2023-01-16,COINQVEST LLC,1.0,0.9979,3,0,0,0,0
2023-01-16,Franklin Templeton,1.0,1.0,3,0,0,0,0
2023-01-16,LOBSTR,1.0,1.0,5,0,0,0,0
2023-01-16,Public Node,1.0,1.0,3,0,0,0,0
2023-01-16,SatoshiPay,1.0,1.0,3,0,0,0,0
2023-01-16,Stellar Development Foundation,1.0,1.0,3,0,0,0,0
2023-01-17,Blockdaemon Inc.,1.0,1.0,3,0,0,0,0
2023-01-17,COINQVEST LLC,1.0,0.9979,3,0,0,0,0
2023-01-17,Franklin Templeton,1.0,1.0,3,0,0,0,0
2023-01-17,LOBSTR,1.0,1.0,5,0,0,0,0
2023-01-17,Public Node,1.0,1.0,3,0,0,0,0
2023-01-17,SatoshiPay,1.0,1.0,3,0,0,0,0
2023-01-17,Stellar Development Foundation,1.0,1.0,3,0,0,0,0
2023-01-18,Blockdaemon Inc.,1.0,1.0,3,0,0,0,0
2023-01-18,COINQVEST LLC,1.0,0.9979,3,0,0,0,0
2023-01-18,Franklin Templeton,1.0,1.0,3,0,0,0,0
2023-01-18,LOBSTR,1.0,0.9979,5,0,0,0,0
2023-01-18,Public Node,1.0,1.0,3,0,0,0,0
2023-01-18,SatoshiPay,1.0,1.0,3,0,0,0,0
2023-01-18,Stellar Development Foundation,1.0,1.0,3,0,0,0,0
2023-01-19,Blockdaemon Inc.,1.0,1.0,3,0,0,0,0
2023-01-19,COINQVEST LLC,1.0,0.9979,3,0,0,0,0
2023-01-19,Franklin Templeton,1.0,0.9979,3,0,0,0,0
2023-01-19,LOBSTR,1.0,1.0,5,0,0,0,0
2023-01-19,Public Node,1.0,1.0,3,0,0,0,0
2023-01-19,SatoshiPay,1.0,1.0,3,0,0,0,0
2023-01-19,Stellar Development Foundation,1.0,1.0,3,0,0,0,0
2023-01-20,Blockdaemon Inc.,1.0,1.0,3,0,0,0,0
2023-01-20,COINQVEST LLC,0.9937,0.9874,3,0,0,0,0
2023-01-20,Franklin Templeton,1.0,1.0,3,0,0,0,0
2023-01-20,LOBSTR,1.0,1.0,5,0,0,0,0
2023-01-20,Public Node,1.0,1.0,3,0,0,0,0
2023-01-20,SatoshiPay,1.0,1.0,3,0,0,0,0
2023-01-20,Stellar Development Foundation,1.0,1.0,3,0,0,0,0
2023-01-21,Blockdaemon Inc.,1.0,1.0,3,0,0,0,0
2023-01-21,COINQVEST LLC,1.0,0.9958,3,0,0,0,0
2023-01-21,Franklin Templeton,1.0,0.9979,3,0,0,0,0
2023-01-21,LOBSTR,1.0,1.0,5,0,0,0,0
2023-01-21,Public Node,1.0,1.0,3,0,0,0,0
2023-01-21,SatoshiPay,1.0,1.0,3,0,0,0,0
2023-01-21,Stellar Development Foundation,1.0,1.0,3,0,0,0,0
2023-01-22,Blockdaemon Inc.,1.0,1.0,3,0,0,0,0
2023-01-22,COINQVEST LLC,1.0,0.9979,3,0,0,0,0
2023-01-22,Franklin Templeton,1.0,1.0,3,0,0,0,0
2023-01-22,LOBSTR,1.0,1.0,5,0,0,0,0
2023-01-22,Public Node,1.0,1.0,3,0,0,0,0
2023-01-22,SatoshiPay,1.0,1.0,3,0,0,0,0
2023-01-22,Stellar Development Foundation,1.0,1.0,3,0,0,0,0
2023-01-23,Blockdaemon Inc.,1.0,1.0,3,0,0,0,0
2023-01-23,COINQVEST LLC,1.0,0.9958,3,0,0,0,0
2023-01-23,Franklin Templeton,1.0,1.0,3,0,0,0,0
2023-01-23,LOBSTR,1.0,1.0,5,0,0,0,0
2023-01-23,Public Node,1.0,1.0,3,0,0,0,0
2023-01-23,SatoshiPay,1.0,1.0,3,0,0,0,0
2023-01-23,Stellar Development Foundation,1.0,1.0,3,0,0,0,0
2023-01-24,Blockdaemon Inc.,1.0,1.0,3,0,0,0,0
2023-01-24,COINQVEST LLC,1.0,0.9979,3,0,0,0,0
2023-01-24,Franklin Templeton,1.0,1.0,3,0,0,0,0
2023-01-24,LOBSTR,1.0,0.9937,5,0,0,0,0
2023-01-24,Public Node,1.0,1.0,3,0,0,0,0
2023-01-24,SatoshiPay,1.0,1.0,3,0,0,0,0
2023-01-24,Stellar Development Foundation,1.0,1.0,3,0,0,0,0
2023-01-25,Blockdaemon Inc.,1.0,1.0,3,0,0,0,0
2023-01-25,COINQVEST LLC,1.0,1.0,3,0,0,0,0
2023-01-25,Franklin Templeton,1.0,1.0,3,0,0,0,0
2023-01-25,LOBSTR,1.0,1.0,5,0,0,0,0
2023-01-25,Public Node,1.0,1.0,3,0,0,0,0
2023-01-25,SatoshiPay,1.0,1.0,3,0,0,0,0
2023-01-25,Stellar Development Foundation,1.0,1.0,3,0,0,0,0
2023-01-26,Blockdaemon Inc.,1.0,1.0,3,0,0,0,0
2023-01-26,COINQVEST LLC,1.0,0.9979,3,0,0,0,0
2023-01-26,Franklin Templeton,1.0,1.0,3,0,0,0,0
2023-01-26,LOBSTR,1.0,1.0,5,0,0,0,0
2023-01-26,Public Node,1.0,1.0,3,0,0,0,0
2023-01-26,SatoshiPay,1.0,1.0,3,0,0,0,0
2023-01-26,Stellar Development Foundation,1.0,1.0,3,0,0,0,0
2023-01-27,Blockdaemon Inc.,1.0,1.0,3,0,0,0,0
2023-01-27,COINQVEST LLC,1.0,1.0,3,0,0,0,0
2023-01-27,Franklin Templeton,1.0,1.0,3,0,0,0,0
2023-01-27,LOBSTR,1.0,1.0,5,0,0,0,0
2023-01-27,Public Node,1.0,1.0,3,0,0,0,0
2023-01-27,SatoshiPay,1.0,1.0,3,0,0,0,0
2023-01-27,Stellar Development Foundation,1.0,1.0,3,0,0,0,0
2023-01-28,Blockdaemon Inc.,1.0,1.0,3,0,0,0,0
2023-01-28,COINQVEST LLC,1.0,0.9979,3,0,0,0,0
2023-01-28,Franklin Templeton,1.0,1.0,3,0,0,0,0
2023-01-28,LOBSTR,1.0,1.0,5,0,0,0,0
2023-01-28,Public Node,1.0,1.0,3,0,0,0,0
2023-01-28,SatoshiPay,1.0,1.0,3,0,0,0,0
2023-01-28,Stellar Development Foundation,1.0,1.0,3,0,0,0,0
2023-01-29,Blockdaemon Inc.,1.0,1.0,3,0,0,0,0
2023-01-29,COINQVEST LLC,1.0,0.9958,3,0,0,0,0
2023-01-29,Franklin Templeton,1.0,1.0,3,0,0,0,0
2023-01-29,LOBSTR,1.0,0.9896,5,0,0,0,0
2023-01-29,Public Node,1.0,1.0,3,0,0,0,0
2023-01-29,SatoshiPay,1.0,1.0,3,0,0,0,0
2023-01-29,Stellar Development Foundation,1.0,1.0,3,0,0,0,0
2023-01-30,Blockdaemon Inc.,1.0,1.0,3,0,0,0,0
2023-01-30,COINQVEST LLC,1.0,0.9812,3,0,0,0,0
2023-01-30,Franklin Templeton,1.0,0.9979,3,0,0,0,0
2023-01-30,LOBSTR,1.0,1.0,5,0,0,0,0
2023-01-30,Public Node,1.0,1.0,3,0,0,0,0
2023-01-30,SatoshiPay,1.0,1.0,3,0,0,0,0
2023-01-30,Stellar Development Foundation,1.0,1.0,3,0,0,0,0
2023-01-31,Blockdaemon Inc.,1.0,1.0,3,0,0,0,0
2023-01-31,COINQVEST LLC,1.0,0.9916,3,0,0,0,0
2023-01-31,Franklin Templeton,1.0,1.0,3,0,0,0,0
2023-01-31,LOBSTR,1.0,1.0,5,0,0,0,0
2023-01-31,Public Node,1.0,1.0,3,0,0,0,0
2023-01-31,SatoshiPay,1.0,1.0,3,0,0,0,0
2023-01-31,Stellar Development Foundation,1.0,1.0,3,0,0,0,0
2023-02-01,Blockdaemon Inc.,1.0,1.0,3,0,0,0,0
2023-02-01,COINQVEST LLC,1.0,0.9979,3,0,0,0,0
2023-02-01,Franklin Templeton,1.0,0.9979,3,0,0,0,0
2023-02-01,LOBSTR,1.0,0.9979,5,0,0,0,0
2023-02-01,Public Node,1.0,1.0,3,0,0,0,0
2023-02-01,SatoshiPay,1.0,1.0,3,0,0,0,0
2023-02-01,Stellar Development Foundation,1.0,1.0,3,0,0,0,0
2023-02-02,Blockdaemon Inc.,1.0,1.0,3,0,0,0,0
2023-02-02,COINQVEST LLC,1.0,1.0,3,0,0,0,0
2023-02-02,Franklin Templeton,1.0,1.0,3,0,0,0,0
2023-02-02,LOBSTR,1.0,1.0,5,0,0,0,0
2023-02-02,Public Node,1.0,1.0,3,0,0,0,0
2023-02-02,SatoshiPay,1.0,1.0,3,0,0,0,0
2023-02-02,Stellar Development Foundation,1.0,1.0,3,0,0,0,0
2023-02-03,Blockdaemon Inc.,1.0,1.0,3,0,0,0,0
2023-02-03,COINQVEST LLC,1.0,0.9958,3,0,0,0,0
2023-02-03,Franklin Templeton,1.0,1.0,3,0,0,0,0
2023-02-03,LOBSTR,1.0,1.0,5,0,0,0,0
2023-02-03,Public Node,1.0,1.0,3,0,0,0,0
2023-02-03,SatoshiPay,1.0,1.0,3,0,0,0,0
2023-02-03,Stellar Development Foundation,1.0,1.0,3,0,0,0,0
2023-02-04,Blockdaemon Inc.,1.0,1.0,3,0,0,0,0
2023-02-04,COINQVEST LLC,1.0,0.9979,3,0,0,0,0
2023-02-04,Franklin Templeton,1.0,0.9958,3,0,0,0,0
2023-02-04,LOBSTR,1.0,1.0,5,0,0,0,0
2023-02-04,Public Node,1.0,1.0,3,0,0,0,0
2023-02-04,SatoshiPay,1.0,1.0,3,0,0,0,0
2023-02-04,Stellar Development Foundation,1.0,1.0,3,0,0,0,0
2023-02-05,Blockdaemon Inc.,1.0,1.0,3,0,0,0,0
2023-02-05,COINQVEST LLC,1.0,0.9958,3,0,0,0,0
2023-02-05,Franklin Templeton,1.0,0.9979,3,0,0,0,0
2023-02-05,LOBSTR,1.0,1.0,5,0,0,0,0
2023-02-05,Public Node,1.0,1.0,3,0,0,0,0
2023-02-05,SatoshiPay,1.0,1.0,3,0,0,0,0
2023-02-05,Stellar Development Foundation,1.0,1.0,3,0,0,0,0
2023-02-06,Blockdaemon Inc.,1.0,1.0,3,0,0,0,0
2023-02-06,COINQVEST LLC,1.0,0.9979,3,0,0,0,0
2023-02-06,Franklin Templeton,1.0,1.0,3,0,0,0,0
2023-02-06,LOBSTR,1.0,1.0,5,0,0,0,0
2023-02-06,Public Node,1.0,1.0,3,0,0,0,0
2023-02-06,SatoshiPay,1.0,1.0,3,0,0,0,0
2023-02-06,Stellar Development Foundation,1.0,1.0,3,0,0,0,0
2023-02-07,Blockdaemon Inc.,1.0,1.0,3,0,0,0,0
2023-02-07,COINQVEST LLC,1.0,0.9979,3,0,0,0,0
2023-02-07,Franklin Templeton,1.0,1.0,3,0,0,0,0
2023-02-07,LOBSTR,1.0,1.0,5,0,0,0,0
2023-02-07,Public Node,1.0,1.0,3,0,0,0,0
2023-02-07,SatoshiPay,1.0,1.0,3,0,0,0,0
2023-02-07,Stellar Development Foundation,1.0,1.0,3,0,0,0,0
2023-02-08,Blockdaemon Inc.,1.0,1.0,3,0,0,0,0
2023-02-08,COINQVEST LLC,1.0,1.0,3,0,0,0,0
2023-02-08,Franklin Templeton,1.0,1.0,3,0,0,0,0
2023-02-08,LOBSTR,1.0,1.0,5,0,0,0,0
2023-02-08,Public Node,1.0,1.0,3,0,0,0,0
2023-02-08,SatoshiPay,1.0,1.0,3,0,0,0,0
2023-02-08,Stellar Development Foundation,1.0,1.0,3,0,0,0,0
2023-02-09,Blockdaemon Inc.,1.0,1.0,3,0,0,0,0
2023-02-09,COINQVEST LLC,1.0,1.0,3,0,0,0,0
2023-02-09,Franklin Templeton,1.0,1.0,3,0,0,0,0
2023-02-09,LOBSTR,1.0,1.0,5,0,0,0,0
2023-02-09,Public Node,1.0,1.0,3,0,0,0,0
2023-02-09,SatoshiPay,1.0,1.0,3,0,0,0,0
2023-02-09,Stellar Development Foundation,1.0,1.0,3,0,0,0,0
2023-02-10,Blockdaemon Inc.,1.0,1.0,3,0,0,0,0
2023-02-10,COINQVEST LLC,1.0,1.0,3,0,0,0,0
2023-02-10,Franklin Templeton,1.0,0.9979,3,0,0,0,0
2023-02-10,LOBSTR,1.0,1.0,5,0,0,0,0
2023-02-10,Public Node,1.0,1.0,3,0,0,0,0
2023-02-10,SatoshiPay,1.0,1.0,3,0,0,0,0
2023-02-10,Stellar Development Foundation,1.0,1.0,3,0,0,0,0
2023-02-11,Blockdaemon Inc.,1.0,1.0,3,0,0,0,0
2023-02-11,COINQVEST LLC,1.0,0.9979,3,0,0,0,0
2023-02-11,Franklin Templeton,1.0,1.0,3,0,0,0,0
2023-02-11,LOBSTR,1.0,1.0,5,0,0,0,0
2023-02-11,Public Node,1.0,1.0,3,0,0,0,0
2023-02-11,SatoshiPay,1.0,1.0,3,0,0,0,0
2023-02-11,Stellar Development Foundation,1.0,1.0,3,0,0,0,0
2023-02-12,Blockdaemon Inc.,1.0,1.0,3,0,0,0,0
2023-02-12,COINQVEST LLC,1.0,1.0,3,0,0,0,0
2023-02-12,Franklin Templeton,1.0,0.9979,3,0,0,0,0
2023-02-12,LOBSTR,1.0,1.0,5,0,0,0,0
2023-02-12,Public Node,1.0,1.0,3,0,0,0,0
2023-02-12,SatoshiPay,1.0,1.0,3,0,0,0,0
2023-02-12,Stellar Development Foundation,1.0,1.0,3,0,0,0,0
2023-02-13,Blockdaemon Inc.,1.0,1.0,3,0,0,0,0
2023-02-13,COINQVEST LLC,1.0,0.9979,3,0,0,0,0
2023-02-13,Franklin Templeton,1.0,1.0,3,0,0,0,0
2023-02-13,LOBSTR,1.0,1.0,5,0,0,0,0
2023-02-13,Public Node,1.0,1.0,3,0,0,0,0
2023-02-13,SatoshiPay,1.0,1.0,3,0,0,0,0
2023-02-13,Stellar Development Foundation,1.0,1.0,3,0,0,0,0
2023-02-14,Blockdaemon Inc.,1.0,1.0,3,0,0,0,0
2023-02-14,COINQVEST LLC,1.0,1.0,3,0,0,0,0
2023-02-14,Franklin Templeton,1.0,1.0,3,0,0,0,0
2023-02-14,LOBSTR,1.0,1.0,5,0,0,0,0
2023-02-14,Public Node,1.0,1.0,3,0,0,0,0
2023-02-14,SatoshiPay,1.0,1.0,3,0,0,0,0
2023-02-14,Stellar Development Foundation,1.0,1.0,3,0,0,0,0
2023-02-15,Blockdaemon Inc.,1.0,1.0,3,0,0,0,0
2023-02-15,COINQVEST LLC,1.0,1.0,3,0,0,0,0
2023-02-15,Franklin Templeton,1.0,0.9958,3,0,0,0,0
2023-02-15,LOBSTR,1.0,1.0,5,0,0,0,0
2023-02-15,Public Node,1.0,1.0,3,0,0,0,0
2023-02-15,SatoshiPay,1.0,1.0,3,0,0,0,0
2023-02-15,Stellar Development Foundation,1.0,1.0,3,0,0,0,0
2023-02-16,Blockdaemon Inc.,1.0,1.0,3,0,0,0,0
2023-02-16,COINQVEST LLC,1.0,0.9979,3,0,0,0,0
2023-02-16,Franklin Templeton,1.0,0.9979,3,0,0,0,0
2023-02-16,LOBSTR,1.0,1.0,5,0,0,0,0
2023-02-16,Public Node,1.0,1.0,3,0,0,0,0
2023-02-16,SatoshiPay,1.0,1.0,3,0,0,0,0
2023-02-16,Stellar Development Foundation,1.0,1.0,3,0,0,0,0
2023-02-17,Blockdaemon Inc.,1.0,1.0,3,0,0,0,0
2023-02-17,COINQVEST LLC,1.0,0.9979,3,0,0,0,0
2023-02-17,Franklin Templeton,1.0,0.9979,3,0,0,0,0
2023-02-17,LOBSTR,1.0,1.0,5,0,0,0,0
2023-02-17,Public Node,1.0,1.0,3,0,0,0,0
2023-02-17,SatoshiPay,1.0,1.0,3,0,0,0,0
2023-02-17,Stellar Development Foundation,1.0,1.0,3,0,0,0,0
2023-02-18,Blockdaemon Inc.,1.0,1.0,3,0,0,0,0
2023-02-18,COINQVEST LLC,1.0,0.9979,3,0,0,0,0
2023-02-18,Franklin Templeton,1.0,0.9937,3,0,0,0,0
2023-02-18,LOBSTR,1.0,1.0,5,0,0,0,0
2023-02-18,Public Node,1.0,1.0,3,0,0,0,0
2023-02-18,SatoshiPay,1.0,1.0,3,0,0,0,0
2023-02-18,Stellar Development Foundation,1.0,1.0,3,0,0,0,0
2023-02-19,Blockdaemon Inc.,1.0,1.0,3,0,0,0,0
2023-02-19,COINQVEST LLC,1.0,0.9979,3,0,0,0,0
2023-02-19,Franklin Templeton,1.0,1.0,3,0,0,0,0
2023-02-19,LOBSTR,1.0,1.0,5,0,0,0,0
2023-02-19,Public Node,1.0,1.0,3,0,0,0,0
2023-02-19,SatoshiPay,1.0,1.0,3,0,0,0,0
2023-02-19,Stellar Development Foundation,1.0,1.0,3,0,0,0,0
2023-02-20,Blockdaemon Inc.,1.0,1.0,3,0,0,0,0
2023-02-20,COINQVEST LLC,1.0,1.0,3,0,0,0,0
2023-02-20,Franklin Templeton,1.0,1.0,3,0,0,0,0
2023-02-20,LOBSTR,1.0,1.0,5,0,0,0,0
2023-02-20,Public Node,1.0,1.0,3,0,0,0,0
2023-02-20,SatoshiPay,1.0,1.0,3,0,0,0,0
2023-02-20,Stellar Development Foundation,1.0,1.0,3,0,0,0,0
2023-02-21,Blockdaemon Inc.,1.0,1.0,3,0,0,0,0
2023-02-21,COINQVEST LLC,1.0,1.0,3,0,0,0,0
2023-02-21,Franklin Templeton,1.0,1.0,3,0,0,0,0
2023-02-21,LOBSTR,1.0,1.0,5,0,0,0,0
2023-02-21,Public Node,1.0,1.0,3,0,0,0,0
2023-02-21,SatoshiPay,1.0,1.0,3,0,0,0,0
2023-02-21,Stellar Development Foundation,1.0,1.0,3,0,0,0,0
2023-02-22,Blockdaemon Inc.,1.0,1.0,3,0,0,0,0
2023-02-22,COINQVEST LLC,1.0,0.9979,3,0,0,0,0
2023-02-22,Franklin Templeton,1.0,0.9979,3,0,0,0,0
2023-02-22,LOBSTR,1.0,1.0,5,0,0,0,0
2023-02-22,Public Node,1.0,1.0,3,0,0,0,0
2023-02-22,SatoshiPay,1.0,1.0,3,0,0,0,0
2023-02-22,Stellar Development Foundation,1.0,1.0,3,0,0,0,0
2023-02-23,Blockdaemon Inc.,1.0,1.0,3,0,0,0,0
2023-02-23,COINQVEST LLC,1.0,0.9896,3,0,0,0,0
2023-02-23,Franklin Templeton,1.0,0.9979,3,0,0,0,0
2023-02-23,LOBSTR,1.0,1.0,5,0,0,0,0
2023-02-23,Public Node,1.0,1.0,3,0,0,0,0
2023-02-23,SatoshiPay,1.0,1.0,3,0,0,0,0
2023-02-23,Stellar Development Foundation,1.0,1.0,3,0,0,0,0
2023-02-24,Blockdaemon Inc.,1.0,1.0,3,0,0,0,0
2023-02-24,COINQVEST LLC,1.0,0.9979,3,0,0,0,0
2023-02-24,Franklin Templeton,1.0,1.0,3,0,0,0,0
2023-02-24,LOBSTR,1.0,0.9854,5,0,0,0,0
2023-02-24,Public Node,1.0,1.0,3,0,0,0,0
2023-02-24,SatoshiPay,1.0,1.0,3,0,0,0,0
2023-02-24,Stellar Development Foundation,1.0,1.0,3,0,0,0,0
2023-02-25,Blockdaemon Inc.,1.0,1.0,3,0,0,0,0
2023-02-25,COINQVEST LLC,1.0,0.9979,3,0,0,0,0
2023-02-25,Franklin Templeton,1.0,0.9979,3,0,0,0,0
2023-02-25,LOBSTR,1.0,1.0,5,0,0,0,0
2023-02-25,Public Node,1.0,1.0,3,0,0,0,0
2023-02-25,SatoshiPay,1.0,1.0,3,0,0,0,0
2023-02-25,Stellar Development Foundation,1.0,1.0,3,0,0,0,0
2023-02-26,Blockdaemon Inc.,1.0,1.0,3,0,0,0,0
2023-02-26,COINQVEST LLC,1.0,0.9979,3,0,0,0,0
2023-02-26,Franklin Templeton,1.0,1.0,3,0,0,0,0
2023-02-26,LOBSTR,1.0,1.0,5,0,0,0,0
2023-02-26,Public Node,1.0,1.0,3,0,0,0,0
2023-02-26,SatoshiPay,1.0,1.0,3,0,0,0,0
2023-02-26,Stellar Development Foundation,1.0,1.0,3,0,0,0,0
2023-02-27,Blockdaemon Inc.,1.0,1.0,3,0,0,0,0
2023-02-27,COINQVEST LLC,1.0,1.0,3,0,0,0,0
2023-02-27,Franklin Templeton,1.0,0.9979,3,0,0,0,0
2023-02-27,LOBSTR,1.0,1.0,5,0,0,0,0
2023-02-27,Public Node,1.0,1.0,3,0,0,0,0
2023-02-27,SatoshiPay,1.0,1.0,3,0,0,0,0
2023-02-27,Stellar Development Foundation,1.0,1.0,3,0,0,0,0
2023-02-28,Blockdaemon Inc.,1.0,1.0,3,0,0,0,0
2023-02-28,COINQVEST LLC,1.0,1.0,3,0,0,0,0
2023-02-28,Franklin Templeton,1.0,0.9979,3,0,0,0,0
2023-02-28,LOBSTR,1.0,1.0,5,0,0,0,0
2023-02-28,Public Node,1.0,1.0,3,0,0,0,0
2023-02-28,SatoshiPay,1.0,1.0,3,0,0,0,0
2023-02-28,Stellar Development Foundation,1.0,1.0,3,0,0,0,0
2023-03-01,Blockdaemon Inc.,1.0,1.0,3,0,0,0,0
2023-03-01,COINQVEST LLC,1.0,0.9979,3,0,0,0,0
2023-03-01,Franklin Templeton,1.0,0.9979,3,0,0,0,0
2023-03-01,LOBSTR,1.0,1.0,5,0,0,0,0
2023-03-01,Public Node,1.0,1.0,3,0,0,0,0
2023-03-01,SatoshiPay,1.0,1.0,3,0,0,0,0
2023-03-01,Stellar Development Foundation,1.0,1.0,3,0,0,0,0
2023-03-02,Blockdaemon Inc.,1.0,1.0,3,0,0,0,0
2023-03-02,COINQVEST LLC,1.0,1.0,3,0,0,0,0
2023-03-02,Franklin Templeton,1.0,0.9979,3,0,0,0,0
2023-03-02,LOBSTR,1.0,1.0,5,0,0,0,0
2023-03-02,Public Node,1.0,1.0,3,0,0,0,0
2023-03-02,SatoshiPay,1.0,1.0,3,0,0,0,0
2023-03-02,Stellar Development Foundation,1.0,1.0,3,0,0,0,0
2023-03-03,Blockdaemon Inc.,1.0,1.0,3,0,0,0,0
2023-03-03,COINQVEST LLC,1.0,0.9979,3,0,0,0,0
2023-03-03,Franklin Templeton,1.0,1.0,3,0,0,0,0
2023-03-03,LOBSTR,1.0,1.0,5,0,0,0,0
2023-03-03,Public Node,1.0,0.9979,3,0,0,0,0
2023-03-03,SatoshiPay,1.0,0.9958,3,0,0,0,0
2023-03-03,Stellar Development Foundation,1.0,1.0,3,0,0,0,0
2023-03-04,Blockdaemon Inc.,1.0,1.0,3,0,0,0,0
2023-03-04,COINQVEST LLC,1.0,0.9958,3,0,0,0,0
2023-03-04,Franklin Templeton,1.0,1.0,3,0,0,0,0
2023-03-04,LOBSTR,1.0,1.0,5,0,0,0,0
2023-03-04,Public Node,1.0,1.0,3,0,0,0,0
2023-03-04,SatoshiPay,1.0,1.0,3,0,0,0,0
2023-03-04,Stellar Development Foundation,1.0,1.0,3,0,0,0,0
2023-03-05,Blockdaemon Inc.,1.0,1.0,3,0,0,0,0
2023-03-05,COINQVEST LLC,1.0,0.9979,3,0,0,0,0
2023-03-05,Franklin Templeton,1.0,0.9979,3,0,0,0,0
2023-03-05,LOBSTR,1.0,1.0,5,0,0,0,0
2023-03-05,Public Node,1.0,1.0,3,0,0,0,0
2023-03-05,SatoshiPay,1.0,1.0,3,0,0,0,0
2023-03-05,Stellar Development Foundation,1.0,1.0,3,0,0,0,0
2023-03-06,Blockdaemon Inc.,1.0,1.0,3,0,0,0,0
2023-03-06,COINQVEST LLC,1.0,0.9979,3,0,0,0,0
2023-03-06,Franklin Templeton,1.0,0.9937,3,0,0,0,0
2023-03-06,LOBSTR,1.0,1.0,5,0,0,0,0
2023-03-06,Public Node,1.0,1.0,3,0,0,0,0
2023-03-06,SatoshiPay,1.0,1.0,3,0,0,0,0
2023-03-06,Stellar Development Foundation,1.0,1.0,3,0,0,0,0
2023-03-07,Blockdaemon Inc.,1.0,1.0,3,0,0,0,0
2023-03-07,COINQVEST LLC,1.0,1.0,3,0,0,0,0
2023-03-07,Franklin Templeton,1.0,0.9979,3,0,0,0,0
2023-03-07,LOBSTR,1.0,1.0,5,0,0,0,0
2023-03-07,Public Node,1.0,1.0,3,0,0,0,0
2023-03-07,SatoshiPay,1.0,1.0,3,0,0,0,0
2023-03-07,Stellar Development Foundation,1.0,1.0,3,0,0,0,0
2023-03-08,Blockdaemon Inc.,1.0,1.0,3,0,0,0,0
2023-03-08,COINQVEST LLC,1.0,0.9979,3,0,0,0,0
2023-03-08,Franklin Templeton,1.0,0.9979,3,0,0,0,0
2023-03-08,LOBSTR,1.0,1.0,5,0,0,0,0
2023-03-08,Public Node,1.0,1.0,3,0,0,0,0
2023-03-08,SatoshiPay,1.0,1.0,3,0,0,0,0
2023-03-08,Stellar Development Foundation,1.0,1.0,3,0,0,0,0
2023-03-09,Blockdaemon Inc.,1.0,1.0,3,0,0,0,0
2023-03-09,COINQVEST LLC,1.0,1.0,3,0,0,0,0
2023-03-09,Franklin Templeton,1.0,0.9958,3,0,0,0,0
2023-03-09,LOBSTR,1.0,1.0,5,0,0,0,0
2023-03-09,Public Node,1.0,1.0,3,0,0,0,0
2023-03-09,SatoshiPay,1.0,1.0,3,0,0,0,0
2023-03-09,Stellar Development Foundation,1.0,1.0,3,0,0,0,0
2023-03-10,Blockdaemon Inc.,1.0,1.0,3,0,0,0,0
2023-03-10,COINQVEST LLC,1.0,1.0,3,0,0,0,0
2023-03-10,Franklin Templeton,1.0,0.9937,3,0,0,0,0
2023-03-10,LOBSTR,1.0,1.0,5,0,0,0,0
2023-03-10,Public Node,1.0,1.0,3,0,0,0,0
2023-03-10,SatoshiPay,1.0,1.0,3,0,0,0,0
2023-03-10,Stellar Development Foundation,1.0,1.0,3,0,0,0,0
2023-03-11,Blockdaemon Inc.,1.0,1.0,3,0,0,0,0
2023-03-11,COINQVEST LLC,1.0,0.9979,3,0,0,0,0
2023-03-11,Franklin Templeton,1.0,0.9937,3,0,0,0,0
2023-03-11,LOBSTR,1.0,1.0,5,0,0,0,0
2023-03-11,Public Node,1.0,1.0,3,0,0,0,0
2023-03-11,SatoshiPay,1.0,1.0,3,0,0,0,0
2023-03-11,Stellar Development Foundation,1.0,1.0,3,0,0,0,0
2023-03-12,Blockdaemon Inc.,1.0,1.0,3,0,0,0,0
2023-03-12,COINQVEST LLC,1.0,1.0,3,0,0,0,0
2023-03-12,Franklin Templeton,1.0,1.0,3,0,0,0,0
2023-03-12,LOBSTR,1.0,1.0,5,0,0,0,0
2023-03-12,Public Node,1.0,1.0,3,0,0,0,0
2023-03-12,SatoshiPay,1.0,1.0,3,0,0,0,0
2023-03-12,Stellar Development Foundation,1.0,1.0,3,0,0,0,0
2023-03-13,Blockdaemon Inc.,1.0,1.0,3,0,0,0,0
2023-03-13,COINQVEST LLC,1.0,0.9938,3,0,0,0,0
2023-03-13,Franklin Templeton,1.0,0.9979,3,0,0,0,0
2023-03-13,LOBSTR,1.0,1.0,5,0,0,0,0
2023-03-13,Public Node,1.0,1.0,3,0,0,0,0
2023-03-13,SatoshiPay,1.0,1.0,3,0,0,0,0
2023-03-13,Stellar Development Foundation,1.0,1.0,3,0,0,0,0
2023-03-14,Blockdaemon Inc.,1.0,1.0,3,0,0,0,0
2023-03-14,COINQVEST LLC,1.0,0.9979,3,0,0,0,0
2023-03-14,Franklin Templeton,1.0,1.0,3,0,0,0,0
2023-03-14,LOBSTR,1.0,1.0,5,0,0,0,0
2023-03-14,Public Node,1.0,1.0,3,0,0,0,0
2023-03-14,SatoshiPay,1.0,1.0,3,0,0,0,0
2023-03-14,Stellar Development Foundation,1.0,1.0,3,0,0,0,0
2023-03-15,Blockdaemon Inc.,1.0,1.0,3,0,0,0,0
2023-03-15,COINQVEST LLC,1.0,1.0,3,0,0,0,0
2023-03-15,Franklin Templeton,1.0,0.9958,3,0,0,0,0
2023-03-15,LOBSTR,1.0,1.0,5,0,0,0,0
2023-03-15,Public Node,1.0,1.0,3,0,0,0,0
2023-03-15,SatoshiPay,1.0,1.0,3,0,0,0,0
2023-03-15,Stellar Development Foundation,1.0,1.0,3,0,0,0,0
2023-03-16,Blockdaemon Inc.,1.0,1.0,3,0,0,0,0
2023-03-16,COINQVEST LLC,1.0,1.0,3,0,0,0,0
2023-03-16,Franklin Templeton,1.0,1.0,3,0,0,0,0
2023-03-16,LOBSTR,1.0,1.0,5,0,0,0,0
2023-03-16,Public Node,1.0,1.0,3,0,0,0,0
2023-03-16,SatoshiPay,1.0,1.0,3,0,0,0,0
2023-03-16,Stellar Development Foundation,1.0,1.0,3,0,0,0,0
2023-03-17,Blockdaemon Inc.,1.0,1.0,3,0,0,0,0
2023-03-17,COINQVEST LLC,1.0,1.0,3,0,0,0,0
2023-03-17,Franklin Templeton,1.0,0.9979,3,0,0,0,0
2023-03-17,LOBSTR,1.0,1.0,5,0,0,0,0
2023-03-17,Public Node,1.0,1.0,3,0,0,0,0
2023-03-17,SatoshiPay,1.0,1.0,3,0,0,0,0
2023-03-17,Stellar Development Foundation,1.0,1.0,3,0,0,0,0
2023-03-18,Blockdaemon Inc.,1.0,1.0,3,0,0,0,0
2023-03-18,COINQVEST LLC,1.0,0.9958,3,0,0,0,0
2023-03-18,Franklin Templeton,1.0,0.9979,3,0,0,0,0
2023-03-18,LOBSTR,1.0,1.0,5,0,0,0,0
2023-03-18,Public Node,1.0,1.0,3,0,0,0,0
2023-03-18,SatoshiPay,1.0,1.0,3,0,0,0,0
2023-03-18,Stellar Development Foundation,1.0,1.0,3,0,0,0,0
2023-03-19,Blockdaemon Inc.,1.0,1.0,3,0,0,0,0
2023-03-19,COINQVEST LLC,1.0,1.0,3,0,0,0,0
2023-03-19,Franklin Templeton,1.0,1.0,3,0,0,0,0
2023-03-19,LOBSTR,1.0,1.0,5,0,0,0,0
2023-03-19,Public Node,1.0,1.0,3,0,0,0,0
2023-03-19,SatoshiPay,1.0,1.0,3,0,0,0,0
2023-03-19,Stellar Development Foundation,1.0,1.0,3,0,0,0,0
2023-03-20,Blockdaemon Inc.,1.0,1.0,3,0,0,0,0
2023-03-20,COINQVEST LLC,1.0,0.9979,3,0,0,0,0
2023-03-20,Franklin Templeton,1.0,1.0,3,0,0,0,0
2023-03-20,LOBSTR,1.0,1.0,5,0,0,0,0
2023-03-20,Public Node,1.0,1.0,3,0,0,0,0
2023-03-20,SatoshiPay,1.0,1.0,3,0,0,0,0
2023-03-20,Stellar Development Foundation,1.0,1.0,3,0,0,0,0
2023-03-21,Blockdaemon Inc.,1.0,1.0,3,0,0,0,0
2023-03-21,COINQVEST LLC,1.0,0.9979,3,0,0,0,0
2023-03-21,Franklin Templeton,1.0,1.0,3,0,0,0,0
2023-03-21,LOBSTR,1.0,1.0,5,0,0,0,0
2023-03-21,Public Node,1.0,1.0,3,0,0,0,0
2023-03-21,SatoshiPay,1.0,1.0,3,0,0,0,0
2023-03-21,Stellar Development Foundation,1.0,1.0,3,0,0,0,0
2023-03-22,Blockdaemon Inc.,1.0,1.0,3,0,0,0,0
2023-03-22,COINQVEST LLC,1.0,0.9979,3,0,0,0,0
2023-03-22,Franklin Templeton,1.0,1.0,3,0,0,0,0
2023-03-22,LOBSTR,1.0,1.0,5,0,0,0,0
2023-03-22,Public Node,1.0,1.0,3,0,0,0,0
2023-03-22,SatoshiPay,1.0,1.0,3,0,0,0,0
2023-03-22,Stellar Development Foundation,1.0,1.0,3,0,0,0,0
2023-03-23,Blockdaemon Inc.,1.0,1.0,3,0,0,0,0
2023-03-23,COINQVEST LLC,1.0,0.9979,3,0,0,0,0
2023-03-23,Franklin Templeton,1.0,1.0,3,0,0,0,0
2023-03-23,LOBSTR,1.0,1.0,5,0,0,0,0
2023-03-23,Public Node,1.0,1.0,3,0,0,0,0
2023-03-23,SatoshiPay,1.0,1.0,3,0,0,0,0
2023-03-23,Stellar Development Foundation,1.0,1.0,3,0,0,0,0
2023-03-24,Blockdaemon Inc.,1.0,1.0,3,0,0,0,0
2023-03-24,COINQVEST LLC,1.0,1.0,3,0,0,0,0
2023-03-24,Franklin Templeton,1.0,1.0,3,0,0,0,0
2023-03-24,LOBSTR,1.0,1.0,5,0,0,0,0
2023-03-24,Public Node,1.0,1.0,3,0,0,0,0
2023-03-24,SatoshiPay,1.0,1.0,3,0,0,0,0
2023-03-24,Stellar Development Foundation,1.0,1.0,3,0,0,0,0
2023-03-25,Blockdaemon Inc.,1.0,1.0,3,0,0,0,0
2023-03-25,COINQVEST LLC,1.0,1.0,3,0,0,0,0
2023-03-25,Franklin Templeton,1.0,0.9979,3,0,0,0,0
2023-03-25,LOBSTR,1.0,1.0,5,0,0,0,0
2023-03-25,Public Node,1.0,1.0,3,0,0,0,0
2023-03-25,SatoshiPay,1.0,1.0,3,0,0,0,0
2023-03-25,Stellar Development Foundation,1.0,1.0,3,0,0,0,0
2023-03-26,Blockdaemon Inc.,1.0,1.0,3,0,0,0,0
2023-03-26,COINQVEST LLC,1.0,0.9979,3,0,0,0,0
2023-03-26,Franklin Templeton,1.0,1.0,3,0,0,0,0
2023-03-26,LOBSTR,1.0,1.0,5,0,0,0,0
2023-03-26,Public Node,1.0,1.0,3,0,0,0,0
2023-03-26,SatoshiPay,1.0,1.0,3,0,0,0,0
2023-03-26,Stellar Development Foundation,1.0,1.0,3,0,0,0,0
2023-03-27,Blockdaemon Inc.,1.0,1.0,3,0,0,0,0
2023-03-27,COINQVEST LLC,1.0,1.0,3,0,0,0,0
2023-03-27,Franklin Templeton,1.0,0.9958,3,0,0,0,0
2023-03-27,LOBSTR,1.0,1.0,5,0,0,0,0
2023-03-27,Public Node,1.0,1.0,3,0,0,0,0
2023-03-27,SatoshiPay,1.0,1.0,3,0,0,0,0
2023-03-27,Stellar Development Foundation,1.0,1.0,3,0,0,0,0
2023-03-28,Blockdaemon Inc.,1.0,1.0,3,0,0,0,0
2023-03-28,COINQVEST LLC,1.0,1.0,3,0,0,0,0
2023-03-28,Franklin Templeton,1.0,1.0,3,0,0,0,0
2023-03-28,LOBSTR,1.0,1.0,5,0,0,0,0
2023-03-28,Public Node,1.0,1.0,3,0,0,0,0
2023-03-28,SatoshiPay,1.0,1.0,3,0,0,0,0
2023-03-28,Stellar Development Foundation,1.0,1.0,3,0,0,0,0
2023-03-29,Blockdaemon Inc.,1.0,1.0,3,0,0,0,0
2023-03-29,COINQVEST LLC,1.0,0.9979,3,0,0,0,0
2023-03-29,Franklin Templeton,1.0,1.0,3,0,0,0,0
2023-03-29,LOBSTR,1.0,1.0,5,0,0,0,0
2023-03-29,Public Node,1.0,1.0,3,0,0,0,0
2023-03-29,SatoshiPay,1.0,1.0,3,0,0,0,0
2023-03-29,Stellar Development Foundation,1.0,1.0,3,0,0,0,0
2023-03-30,Blockdaemon Inc.,1.0,1.0,3,0,0,0,0
2023-03-30,COINQVEST LLC,1.0,1.0,3,0,0,0,0
2023-03-30,Franklin Templeton,1.0,1.0,3,0,0,0,0
2023-03-30,LOBSTR,1.0,1.0,5,0,0,0,0
2023-03-30,Public Node,1.0,1.0,3,0,0,0,0
2023-03-30,SatoshiPay,1.0,1.0,3,0,0,0,0
2023-03-30,Stellar Development Foundation,1.0,1.0,3,0,0,0,0
2023-03-31,Blockdaemon Inc.,1.0,1.0,3,0,0,0,0
2023-03-31,COINQVEST LLC,0.9979,0.9937,3,0,0,0,0
2023-03-31,Franklin Templeton,1.0,1.0,3,0,0,0,0
2023-03-31,LOBSTR,1.0,0.9958,5,0,0,0,0
2023-03-31,Public Node,1.0,1.0,3,0,0,0,0
2023-03-31,SatoshiPay,1.0,1.0,3,0,0,0,0
2023-03-31,Stellar Development Foundation,1.0,1.0,3,0,0,0,0
2023-04-01,Blockdaemon Inc.,1.0,1.0,3,0,0,0,0
2023-04-01,COINQVEST LLC,1.0,1.0,3,0,0,0,0
2023-04-01,Franklin Templeton,1.0,1.0,3,0,0,0,0
2023-04-01,LOBSTR,1.0,1.0,5,0,0,0,0
2023-04-01,Public Node,1.0,1.0,3,0,0,0,0
2023-04-01,SatoshiPay,1.0,1.0,3,0,0,0,0
2023-04-01,Stellar Development Foundation,1.0,1.0,3,0,0,0,0
2023-04-02,Blockdaemon Inc.,1.0,1.0,3,0,0,0,0
2023-04-02,COINQVEST LLC,1.0,1.0,3,0,0,0,0
2023-04-02,Franklin Templeton,1.0,1.0,3,0,0,0,0
2023-04-02,LOBSTR,1.0,1.0,5,0,0,0,0
2023-04-02,Public Node,1.0,1.0,3,0,0,0,0
2023-04-02,SatoshiPay,1.0,1.0,3,0,0,0,0
2023-04-02,Stellar Development Foundation,1.0,1.0,3,0,0,0,0
2023-04-03,Blockdaemon Inc.,1.0,1.0,3,0,0,0,0
2023-04-03,COINQVEST LLC,1.0,0.9979,3,0,0,0,0
2023-04-03,Franklin Templeton,1.0,1.0,3,0,0,0,0
2023-04-03,LOBSTR,1.0,1.0,5,0,0,0,0
2023-04-03,Public Node,1.0,1.0,3,0,0,0,0
2023-04-03,SatoshiPay,1.0,1.0,3,0,0,0,0
2023-04-03,Stellar Development Foundation,1.0,1.0,3,0,0,0,0
2023-04-04,Blockdaemon Inc.,1.0,1.0,3,0,0,0,0
2023-04-04,COINQVEST LLC,1.0,1.0,3,0,0,0,0
2023-04-04,Franklin Templeton,1.0,1.0,3,0,0,0,0
2023-04-04,LOBSTR,1.0,1.0,5,0,0,0,0
2023-04-04,Public Node,1.0,1.0,3,0,0,0,0
2023-04-04,SatoshiPay,1.0,1.0,3,0,0,0,0
2023-04-04,Stellar Development Foundation,1.0,1.0,3,0,0,0,0
2023-04-05,Blockdaemon Inc.,1.0,1.0,3,0,0,0,0
2023-04-05,COINQVEST LLC,1.0,1.0,3,0,0,0,0
2023-04-05,Franklin Templeton,1.0,1.0,3,0,0,0,0
2023-04-05,LOBSTR,1.0,1.0,5,0,0,0,0
2023-04-05,Public Node,1.0,1.0,3,0,0,0,0
2023-04-05,SatoshiPay,1.0,1.0,3,0,0,0,0
2023-04-05,Stellar Development Foundation,1.0,1.0,3,0,0,0,0
2023-04-06,Blockdaemon Inc.,1.0,1.0,3,0,0,0,0
2023-04-06,COINQVEST LLC,1.0,1.0,3,0,0,0,0
2023-04-06,Franklin Templeton,1.0,1.0,3,0,0,0,0
2023-04-06,LOBSTR,1.0,1.0,5,0,0,0,0
2023-04-06,Public Node,1.0,1.0,3,0,0,0,0
2023-04-06,SatoshiPay,1.0,1.0,3,0,0,0,0
2023-04-06,Stellar Development Foundation,1.0,1.0,3,0,0,0,0
2023-04-07,Blockdaemon Inc.,1.0,1.0,3,0,0,0,0
2023-04-07,COINQVEST LLC,1.0,1.0,3,0,0,0,0
2023-04-07,Franklin Templeton,1.0,0.9979,3,0,0,0,0
2023-04-07,LOBSTR,1.0,1.0,5,0,0,0,0
2023-04-07,Public Node,1.0,1.0,3,0,0,0,0
2023-04-07,SatoshiPay,1.0,1.0,3,0,0,0,0
2023-04-07,Stellar Development Foundation,1.0,1.0,3,0,0,0,0
2023-04-08,Blockdaemon Inc.,1.0,1.0,3,0,0,0,0
2023-04-08,COINQVEST LLC,1.0,0.9979,3,0,0,0,0
2023-04-08,Franklin Templeton,1.0,0.9979,3,0,0,0,0
2023-04-08,LOBSTR,1.0,1.0,5,0,0,0,0
2023-04-08,Public Node,1.0,1.0,3,0,0,0,0
2023-04-08,SatoshiPay,1.0,1.0,3,0,0,0,0
2023-04-08,Stellar Development Foundation,1.0,1.0,3,0,0,0,0
2023-04-09,Blockdaemon Inc.,1.0,1.0,3,0,0,0,0
2023-04-09,COINQVEST LLC,1.0,0.9979,3,0,0,0,0
2023-04-09,Franklin Templeton,1.0,0.9979,3,0,0,0,0
2023-04-09,LOBSTR,1.0,1.0,5,0,0,0,0
2023-04-09,Public Node,1.0,1.0,3,0,0,0,0
2023-04-09,SatoshiPay,1.0,1.0,3,0,0,0,0
2023-04-09,Stellar Development Foundation,1.0,1.0,3,0,0,0,0
2023-04-10,Blockdaemon Inc.,1.0,1.0,3,0,0,0,0
2023-04-10,COINQVEST LLC,1.0,0.9979,3,0,0,0,0
2023-04-10,Franklin Templeton,1.0,1.0,3,0,0,0,0
2023-04-10,LOBSTR,1.0,1.0,5,0,0,0,0
2023-04-10,Public Node,1.0,1.0,3,0,0,0,0
2023-04-10,SatoshiPay,1.0,1.0,3,0,0,0,0
2023-04-10,Stellar Development Foundation,1.0,1.0,3,0,0,0,0
2023-04-11,Blockdaemon Inc.,1.0,1.0,3,0,0,0,0
2023-04-11,COINQVEST LLC,1.0,1.0,3,0,0,0,0
2023-04-11,Franklin Templeton,1.0,1.0,3,0,0,0,0
2023-04-11,LOBSTR,1.0,1.0,5,0,0,0,0
2023-04-11,Public Node,1.0,1.0,3,0,0,0,0
2023-04-11,SatoshiPay,1.0,1.0,3,0,0,0,0
2023-04-11,Stellar Development Foundation,1.0,1.0,3,0,0,0,0
2023-04-12,Blockdaemon Inc.,1.0,1.0,3,0,0,0,0
2023-04-12,COINQVEST LLC,1.0,0.9979,3,0,0,0,0
2023-04-12,Franklin Templeton,1.0,0.9937,3,0,0,0,0
2023-04-12,LOBSTR,1.0,1.0,5,0,0,0,0
2023-04-12,Public Node,1.0,1.0,3,0,0,0,0
2023-04-12,SatoshiPay,1.0,1.0,3,0,0,0,0
2023-04-12,Stellar Development Foundation,1.0,1.0,3,0,0,0,0
2023-04-13,Blockdaemon Inc.,1.0,1.0,3,0,0,0,0
2023-04-13,COINQVEST LLC,1.0,1.0,3,0,0,0,0
2023-04-13,Franklin Templeton,1.0,1.0,3,0,0,0,0
2023-04-13,LOBSTR,1.0,1.0,5,0,0,0,0
2023-04-13,Public Node,1.0,1.0,3,0,0,0,0
2023-04-13,SatoshiPay,1.0,1.0,3,0,0,0,0
2023-04-13,Stellar Development Foundation,1.0,1.0,3,0,0,0,0
2023-04-14,Blockdaemon Inc.,1.0,1.0,3,0,0,0,0
2023-04-14,COINQVEST LLC,1.0,1.0,3,0,0,0,0
2023-04-14,Franklin Templeton,1.0,1.0,3,0,0,0,0
2023-04-14,LOBSTR,1.0,1.0,5,0,0,0,0
2023-04-14,Public Node,1.0,1.0,3,0,0,0,0
2023-04-14,SatoshiPay,1.0,1.0,3,0,0,0,0
2023-04-14,Stellar Development Foundation,1.0,1.0,3,0,0,0,0
2023-04-15,Blockdaemon Inc.,1.0,1.0,3,0,0,0,0
2023-04-15,COINQVEST LLC,1.0,1.0,3,0,0,0,0
2023-04-15,Franklin Templeton,1.0,0.9958,3,0,0,0,0
2023-04-15,LOBSTR,1.0,1.0,5,0,0,0,0
2023-04-15,Public Node,1.0,1.0,3,0,0,0,0
2023-04-15,SatoshiPay,1.0,1.0,3,0,0,0,0
2023-04-15,Stellar Development Foundation,1.0,1.0,3,0,0,0,0
2023-04-16,Blockdaemon Inc.,1.0,1.0,3,0,0,0,0
2023-04-16,COINQVEST LLC,1.0,1.0,3,0,0,0,0
2023-04-16,Franklin Templeton,1.0,1.0,3,0,0,0,0
2023-04-16,LOBSTR,1.0,1.0,5,0,0,0,0
2023-04-16,Public Node,1.0,1.0,3,0,0,0,0
2023-04-16,SatoshiPay,1.0,1.0,3,0,0,0,0
2023-04-16,Stellar Development Foundation,1.0,1.0,3,0,0,0,0
2023-04-17,Blockdaemon Inc.,1.0,1.0,3,0,0,0,0
2023-04-17,COINQVEST LLC,1.0,0.9979,3,0,0,0,0
2023-04-17,Franklin Templeton,1.0,1.0,3,0,0,0,0
2023-04-17,LOBSTR,1.0,1.0,5,0,0,0,0
2023-04-17,Public Node,1.0,1.0,3,0,0,0,0
2023-04-17,SatoshiPay,1.0,1.0,3,0,0,0,0
2023-04-17,Stellar Development Foundation,1.0,1.0,3,0,0,0,0
2023-04-18,Blockdaemon Inc.,1.0,1.0,3,0,0,0,0
2023-04-18,COINQVEST LLC,1.0,1.0,3,0,0,0,0
2023-04-18,Franklin Templeton,1.0,1.0,3,0,0,0,0
2023-04-18,LOBSTR,1.0,1.0,5,0,0,0,0
2023-04-18,Public Node,1.0,1.0,3,0,0,0,0
2023-04-18,SatoshiPay,1.0,1.0,3,0,0,0,0
2023-04-18,Stellar Development Foundation,1.0,1.0,3,0,0,0,0
2023-04-19,Blockdaemon Inc.,1.0,1.0,3,0,0,0,0
2023-04-19,COINQVEST LLC,1.0,0.9875,3,0,0,0,0
2023-04-19,Franklin Templeton,1.0,1.0,3,0,0,0,0
2023-04-19,LOBSTR,1.0,0.9937,5,0,0,0,0
2023-04-19,Public Node,1.0,0.9979,3,0,0,0,0
2023-04-19,SatoshiPay,1.0,1.0,3,0,0,0,0
2023-04-19,Stellar Development Foundation,1.0,1.0,3,0,0,0,0
2023-04-20,Blockdaemon Inc.,1.0,0.9979,3,0,0,0,0
2023-04-20,COINQVEST LLC,1.0,0.9958,3,0,0,0,0
2023-04-20,Franklin Templeton,0.9979,0.9937,3,0,0,0,0
2023-04-20,LOBSTR,1.0,1.0,5,0,0,0,0
2023-04-20,Public Node,1.0,1.0,3,0,0,0,0
2023-04-20,SatoshiPay,1.0,1.0,3,0,0,0,0
2023-04-20,Stellar Development Foundation,1.0,1.0,3,0,0,0,0
2023-04-21,Blockdaemon Inc.,1.0,1.0,3,0,0,0,0
2023-04-21,COINQVEST LLC,1.0,0.9979,3,0,0,0,0
2023-04-21,Franklin Templeton,1.0,1.0,3,0,0,0,0
2023-04-21,LOBSTR,1.0,1.0,5,0,0,0,0
2023-04-21,Public Node,1.0,1.0,3,0,0,0,0
2023-04-21,SatoshiPay,1.0,1.0,3,0,0,0,0
2023-04-21,Stellar Development Foundation,1.0,1.0,3,0,0,0,0
2023-04-22,Blockdaemon Inc.,1.0,1.0,3,0,0,0,0
2023-04-22,COINQVEST LLC,1.0,1.0,3,0,0,0,0
2023-04-22,Franklin Templeton,1.0,1.0,3,0,0,0,0
2023-04-22,LOBSTR,1.0,1.0,5,0,0,0,0
2023-04-22,Public Node,1.0,1.0,3,0,0,0,0
2023-04-22,SatoshiPay,1.0,1.0,3,0,0,0,0
2023-04-22,Stellar Development Foundation,1.0,1.0,3,0,0,0,0
2023-04-23,Blockdaemon Inc.,1.0,1.0,3,0,0,0,0
2023-04-23,COINQVEST LLC,1.0,1.0,3,0,0,0,0
2023-04-23,Franklin Templeton,1.0,1.0,3,0,0,0,0
2023-04-23,LOBSTR,1.0,1.0,5,0,0,0,0
2023-04-23,Public Node,1.0,1.0,3,0,0,0,0
2023-04-23,SatoshiPay,1.0,1.0,3,0,0,0,0
2023-04-23,Stellar Development Foundation,1.0,1.0,3,0,0,0,0
2023-04-24,Blockdaemon Inc.,1.0,1.0,3,0,0,0,0
2023-04-24,COINQVEST LLC,1.0,0.9958,3,0,0,0,0
2023-04-24,Franklin Templeton,1.0,1.0,3,0,0,0,0
2023-04-24,LOBSTR,1.0,1.0,5,0,0,0,0
2023-04-24,Public Node,1.0,1.0,3,0,0,0,0
2023-04-24,SatoshiPay,1.0,1.0,3,0,0,0,0
2023-04-24,Stellar Development Foundation,1.0,1.0,3,0,0,0,0
2023-04-25,Blockdaemon Inc.,1.0,1.0,3,0,0,0,0
2023-04-25,COINQVEST LLC,1.0,0.9979,3,0,0,0,0
2023-04-25,Franklin Templeton,1.0,0.7724,3,1,0,0,0
2023-04-25,LOBSTR,1.0,1.0,5,0,0,0,0
2023-04-25,Public Node,1.0,1.0,3,0,0,0,0
2023-04-25,SatoshiPay,1.0,1.0,3,0,0,0,0
2023-04-25,Stellar Development Foundation,1.0,1.0,3,0,0,0,0
2023-04-26,Blockdaemon Inc.,1.0,1.0,3,0,0,0,0
2023-04-26,COINQVEST LLC,1.0,1.0,3,0,0,0,0
2023-04-26,Franklin Templeton,0.9958,0.0,3,1,0,1,0
2023-04-26,LOBSTR,1.0,1.0,5,0,0,0,0
2023-04-26,Public Node,1.0,1.0,3,0,0,0,0
2023-04-26,SatoshiPay,1.0,1.0,3,0,0,0,0
2023-04-26,Stellar Development Foundation,1.0,1.0,3,0,0,0,0
2023-04-27,Blockdaemon Inc.,1.0,1.0,3,0,0,0,0
2023-04-27,COINQVEST LLC,1.0,0.9979,3,0,0,0,0
2023-04-27,Franklin Templeton,0.9979,0.0,3,1,0,1,0
2023-04-27,LOBSTR,1.0,1.0,5,0,0,0,0
2023-04-27,Public Node,1.0,1.0,3,0,0,0,0
2023-04-27,SatoshiPay,1.0,1.0,3,0,0,0,0
2023-04-27,Stellar Development Foundation,1.0,1.0,3,0,0,0,0
2023-04-28,Blockdaemon Inc.,1.0,1.0,3,0,0,0,0
2023-04-28,COINQVEST LLC,1.0,1.0,3,0,0,0,0
2023-04-28,Franklin Templeton,1.0,0.9097,3,0,0,0,0
2023-04-28,LOBSTR,1.0,1.0,5,0,0,0,0
2023-04-28,Public Node,1.0,1.0,3,0,0,0,0
2023-04-28,SatoshiPay,1.0,1.0,3,0,0,0,0
2023-04-28,Stellar Development Foundation,1.0,1.0,3,0,0,0,0
2023-04-29,Blockdaemon Inc.,1.0,1.0,3,0,0,0,0
2023-04-29,COINQVEST LLC,1.0,1.0,3,0,0,0,0
2023-04-29,Franklin Templeton,1.0,1.0,3,0,0,0,0
2023-04-29,LOBSTR,1.0,1.0,5,0,0,0,0
2023-04-29,Public Node,1.0,1.0,3,0,0,0,0
2023-04-29,SatoshiPay,1.0,1.0,3,0,0,0,0
2023-04-29,Stellar Development Foundation,1.0,1.0,3,0,0,0,0
2023-04-30,Blockdaemon Inc.,1.0,1.0,3,0,0,0,0
2023-04-30,COINQVEST LLC,1.0,1.0,3,0,0,0,0
2023-04-30,Franklin Templeton,1.0,1.0,3,0,0,0,0
2023-04-30,LOBSTR,1.0,1.0,5,0,0,0,0
2023-04-30,Public Node,1.0,1.0,3,0,0,0,0
2023-04-30,SatoshiPay,1.0,1.0,3,0,0,0,0
2023-04-30,Stellar Development Foundation,1.0,1.0,3,0,0,0,0
2023-05-01,Blockdaemon Inc.,1.0,1.0,3,0,0,0,0
2023-05-01,COINQVEST LLC,1.0,0.9979,3,0,0,0,0
2023-05-01,Franklin Templeton,1.0,0.9979,3,0,0,0,0
2023-05-01,LOBSTR,1.0,1.0,5,0,0,0,0
2023-05-01,Public Node,1.0,1.0,3,0,0,0,0
2023-05-01,SatoshiPay,1.0,1.0,3,0,0,0,0
2023-05-01,Stellar Development Foundation,1.0,1.0,3,0,0,0,0
2023-05-02,Blockdaemon Inc.,1.0,0.9979,3,0,0,0,0
2023-05-02,COINQVEST LLC,1.0,0.9979,3,0,0,0,0
2023-05-02,Franklin Templeton,1.0,1.0,3,0,0,0,0
2023-05-02,LOBSTR,1.0,1.0,5,0,0,0,0
2023-05-02,Public Node,1.0,1.0,3,0,0,0,0
2023-05-02,SatoshiPay,1.0,1.0,3,0,0,0,0
2023-05-02,Stellar Development Foundation,1.0,1.0,3,0,0,0,0
2023-05-03,Blockdaemon Inc.,1.0,1.0,3,0,0,0,0
2023-05-03,COINQVEST LLC,1.0,1.0,3,0,0,0,0
2023-05-03,Franklin Templeton,1.0,1.0,3,0,0,0,0
2023-05-03,LOBSTR,1.0,1.0,5,0,0,0,0
2023-05-03,Public Node,1.0,1.0,3,0,0,0,0
2023-05-03,SatoshiPay,1.0,1.0,3,0,0,0,0
2023-05-03,Stellar Development Foundation,1.0,1.0,3,0,0,0,0
2023-05-04,Blockdaemon Inc.,1.0,1.0,3,0,0,0,0
2023-05-04,COINQVEST LLC,1.0,0.9979,3,0,0,0,0
2023-05-04,Franklin Templeton,1.0,0.9958,3,0,0,0,0
2023-05-04,LOBSTR,1.0,1.0,5,0,0,0,0
2023-05-04,Public Node,1.0,1.0,3,0,0,0,0
2023-05-04,SatoshiPay,1.0,1.0,3,0,0,0,0
2023-05-04,Stellar Development Foundation,1.0,1.0,3,0,0,0,0
2023-05-05,Blockdaemon Inc.,1.0,1.0,3,0,0,0,0
2023-05-05,COINQVEST LLC,0.9896,0.9854,3,1,0,0,0
2023-05-05,Franklin Templeton,1.0,0.9979,3,0,0,0,0
2023-05-05,LOBSTR,1.0,1.0,5,0,0,0,0
2023-05-05,Public Node,1.0,1.0,3,0,0,0,0
2023-05-05,SatoshiPay,1.0,1.0,3,0,0,0,0
2023-05-05,Stellar Development Foundation,1.0,1.0,3,0,0,0,0
2023-05-06,Blockdaemon Inc.,1.0,1.0,3,0,0,0,0
2023-05-06,COINQVEST LLC,1.0,0.9979,3,0,0,0,0
2023-05-06,Franklin Templeton,1.0,0.9979,3,0,0,0,0
2023-05-06,LOBSTR,1.0,1.0,5,0,0,0,0
2023-05-06,Public Node,1.0,1.0,3,0,0,0,0
2023-05-06,SatoshiPay,1.0,1.0,3,0,0,0,0
2023-05-06,Stellar Development Foundation,1.0,1.0,3,0,0,0,0
2023-05-07,Blockdaemon Inc.,1.0,1.0,3,0,0,0,0
2023-05-07,COINQVEST LLC,1.0,0.9979,3,0,0,0,0
2023-05-07,Franklin Templeton,1.0,1.0,3,0,0,0,0
2023-05-07,LOBSTR,1.0,1.0,5,0,0,0,0
2023-05-07,Public Node,1.0,1.0,3,0,0,0,0
2023-05-07,SatoshiPay,1.0,1.0,3,0,0,0,0
2023-05-07,Stellar Development Foundation,1.0,1.0,3,0,0,0,0
2023-05-08,Blockdaemon Inc.,1.0,1.0,3,0,0,0,0
2023-05-08,COINQVEST LLC,1.0,0.9979,3,0,0,0,0
2023-05-08,Franklin Templeton,1.0,1.0,3,0,0,0,0
2023-05-08,LOBSTR,1.0,1.0,5,0,0,0,0
2023-05-08,Public Node,1.0,1.0,3,0,0,0,0
2023-05-08,SatoshiPay,1.0,1.0,3,0,0,0,0
2023-05-08,Stellar Development Foundation,1.0,1.0,3,0,0,0,0
2023-05-09,Blockdaemon Inc.,1.0,1.0,3,0,0,0,0
2023-05-09,COINQVEST LLC,1.0,1.0,3,0,0,0,0
2023-05-09,Franklin Templeton,1.0,1.0,3,0,0,0,0
2023-05-09,LOBSTR,1.0,1.0,5,0,0,0,0
2023-05-09,Public Node,1.0,1.0,3,0,0,0,0
2023-05-09,SatoshiPay,1.0,1.0,3,0,0,0,0
2023-05-09,Stellar Development Foundation,1.0,1.0,3,0,0,0,0
2023-05-10,Blockdaemon Inc.,1.0,1.0,3,0,0,0,0
2023-05-10,COINQVEST LLC,1.0,1.0,3,0,0,0,0
2023-05-10,Franklin Templeton,1.0,1.0,3,0,0,0,0
2023-05-10,LOBSTR,1.0,1.0,5,0,0,0,0
2023-05-10,Public Node,1.0,1.0,3,0,0,0,0
2023-05-10,SatoshiPay,1.0,1.0,3,0,0,0,0
2023-05-10,Stellar Development Foundation,1.0,1.0,3,0,0,0,0
2023-05-11,Blockdaemon Inc.,1.0,1.0,3,0,0,0,0
2023-05-11,COINQVEST LLC,1.0,1.0,3,0,0,0,0
2023-05-11,Franklin Templeton,1.0,0.9979,3,0,0,0,0
2023-05-11,LOBSTR,1.0,1.0,5,0,0,0,0
2023-05-11,Public Node,1.0,1.0,3,0,0,0,0
2023-05-11,SatoshiPay,1.0,1.0,3,0,0,0,0
2023-05-11,Stellar Development Foundation,1.0,1.0,3,0,0,0,0
2023-05-12,Blockdaemon Inc.,1.0,1.0,3,0,0,0,0
2023-05-12,COINQVEST LLC,1.0,0.9979,3,0,0,0,0
2023-05-12,Franklin Templeton,1.0,0.9979,3,0,0,0,0
2023-05-12,LOBSTR,1.0,1.0,5,0,0,0,0
2023-05-12,Public Node,1.0,1.0,3,0,0,0,0
2023-05-12,SatoshiPay,1.0,1.0,3,0,0,0,0
2023-05-12,Stellar Development Foundation,1.0,1.0,3,0,0,0,0
2023-05-13,Blockdaemon Inc.,1.0,1.0,3,0,0,0,0
2023-05-13,COINQVEST LLC,1.0,0.9979,3,0,0,0,0
2023-05-13,Franklin Templeton,1.0,0.9979,3,0,0,0,0
2023-05-13,LOBSTR,1.0,1.0,5,0,0,0,0
2023-05-13,Public Node,1.0,1.0,3,0,0,0,0
2023-05-13,SatoshiPay,1.0,1.0,3,0,0,0,0
2023-05-13,Stellar Development Foundation,1.0,1.0,3,0,0,0,0
2023-05-14,Blockdaemon Inc.,1.0,1.0,3,0,0,0,0
2023-05-14,COINQVEST LLC,1.0,0.9979,3,0,0,0,0
2023-05-14,Franklin Templeton,1.0,0.9979,3,0,0,0,0
2023-05-14,LOBSTR,1.0,1.0,5,0,0,0,0
2023-05-14,Public Node,1.0,1.0,3,0,0,0,0
2023-05-14,SatoshiPay,1.0,1.0,3,0,0,0,0
2023-05-14,Stellar Development Foundation,1.0,1.0,3,0,0,0,0
2023-05-15,Blockdaemon Inc.,1.0,1.0,3,0,0,0,0
2023-05-15,COINQVEST LLC,1.0,1.0,3,0,0,0,0
2023-05-15,Franklin Templeton,1.0,0.9958,3,0,0,0,0
2023-05-15,LOBSTR,1.0,0.9937,5,0,0,0,0
2023-05-15,Public Node,1.0,1.0,3,0,0,0,0
2023-05-15,SatoshiPay,1.0,1.0,3,0,0,0,0
2023-05-15,Stellar Development Foundation,1.0,1.0,3,0,0,0,0
2023-05-16,Blockdaemon Inc.,1.0,1.0,3,0,0,0,0
2023-05-16,COINQVEST LLC,1.0,1.0,3,0,0,0,0
2023-05-16,Franklin Templeton,1.0,1.0,3,0,0,0,0
2023-05-16,LOBSTR,1.0,1.0,5,0,0,0,0
2023-05-16,Public Node,1.0,1.0,3,0,0,0,0
2023-05-16,SatoshiPay,1.0,1.0,3,0,0,0,0
2023-05-16,Stellar Development Foundation,1.0,1.0,3,0,0,0,0
2023-05-17,Blockdaemon Inc.,1.0,1.0,3,0,0,0,0
2023-05-17,COINQVEST LLC,1.0,1.0,3,0,0,0,0
2023-05-17,Franklin Templeton,1.0,1.0,3,0,0,0,0
2023-05-17,LOBSTR,1.0,0.9645,5,0,0,0,0
2023-05-17,Public Node,1.0,1.0,3,0,0,0,0
2023-05-17,SatoshiPay,1.0,1.0,3,0,0,0,0
2023-05-17,Stellar Development Foundation,1.0,1.0,3,0,0,0,0
2023-05-18,Blockdaemon Inc.,1.0,1.0,3,0,0,0,0
2023-05-18,COINQVEST LLC,1.0,1.0,3,0,0,0,0
2023-05-18,Franklin Templeton,0.9979,0.9895,3,0,0,0,0
2023-05-18,LOBSTR,1.0,1.0,5,0,0,0,0
2023-05-18,Public Node,1.0,1.0,3,0,0,0,0
2023-05-18,SatoshiPay,1.0,1.0,3,0,0,0,0
2023-05-18,Stellar Development Foundation,1.0,1.0,3,0,0,0,0
2023-05-19,Blockdaemon Inc.,1.0,1.0,3,0,0,0,0
2023-05-19,COINQVEST LLC,1.0,1.0,3,0,0,0,0
2023-05-19,Franklin Templeton,1.0,0.9979,3,0,0,0,0
2023-05-19,LOBSTR,1.0,1.0,5,0,0,0,0
2023-05-19,Public Node,1.0,1.0,3,0,0,0,0
2023-05-19,SatoshiPay,1.0,1.0,3,0,0,0,0
2023-05-19,Stellar Development Foundation,1.0,1.0,3,0,0,0,0
2023-05-20,Blockdaemon Inc.,1.0,1.0,3,0,0,0,0
2023-05-20,COINQVEST LLC,1.0,0.9979,3,0,0,0,0
2023-05-20,Franklin Templeton,1.0,0.9979,3,0,0,0,0
2023-05-20,LOBSTR,1.0,1.0,5,0,0,0,0
2023-05-20,Public Node,1.0,1.0,3,0,0,0,0
2023-05-20,SatoshiPay,1.0,1.0,3,0,0,0,0
2023-05-20,Stellar Development Foundation,1.0,1.0,3,0,0,0,0
2023-05-21,Blockdaemon Inc.,1.0,1.0,3,0,0,0,0
2023-05-21,COINQVEST LLC,1.0,1.0,3,0,0,0,0
2023-05-21,Franklin Templeton,1.0,0.9979,3,0,0,0,0
2023-05-21,LOBSTR,1.0,1.0,5,0,0,0,0
2023-05-21,Public Node,1.0,1.0,3,0,0,0,0
2023-05-21,SatoshiPay,1.0,1.0,3,0,0,0,0
2023-05-21,Stellar Development Foundation,1.0,1.0,3,0,0,0,0
2023-05-22,Blockdaemon Inc.,1.0,1.0,3,0,0,0,0
2023-05-22,COINQVEST LLC,1.0,1.0,3,0,0,0,0
2023-05-22,Franklin Templeton,1.0,1.0,3,0,0,0,0
2023-05-22,LOBSTR,1.0,0.9937,5,0,0,0,0
2023-05-22,Public Node,1.0,1.0,3,0,0,0,0
2023-05-22,SatoshiPay,1.0,1.0,3,0,0,0,0
2023-05-22,Stellar Development Foundation,1.0,1.0,3,0,0,0,0
2023-05-23,Blockdaemon Inc.,1.0,1.0,3,0,0,0,0
2023-05-23,COINQVEST LLC,1.0,1.0,3,0,0,0,0
2023-05-23,Franklin Templeton,1.0,0.9979,3,0,0,0,0
2023-05-23,LOBSTR,1.0,1.0,5,0,0,0,0
2023-05-23,Public Node,1.0,1.0,3,0,0,0,0
2023-05-23,SatoshiPay,1.0,1.0,3,0,0,0,0
2023-05-23,Stellar Development Foundation,1.0,1.0,3,0,0,0,0
2023-05-24,Blockdaemon Inc.,1.0,1.0,3,0,0,0,0
2023-05-24,COINQVEST LLC,1.0,1.0,3,0,0,0,0
2023-05-24,Franklin Templeton,1.0,1.0,3,0,0,0,0
2023-05-24,LOBSTR,1.0,1.0,5,0,0,0,0
2023-05-24,Public Node,1.0,1.0,3,0,0,0,0
2023-05-24,SatoshiPay,1.0,1.0,3,0,0,0,0
2023-05-24,Stellar Development Foundation,1.0,1.0,3,0,0,0,0
2023-05-25,Blockdaemon Inc.,1.0,1.0,3,0,0,0,0
2023-05-25,COINQVEST LLC,1.0,1.0,3,0,0,0,0
2023-05-25,Franklin Templeton,1.0,0.9958,3,0,0,0,0
2023-05-25,LOBSTR,1.0,1.0,5,0,0,0,0
2023-05-25,Public Node,1.0,1.0,3,0,0,0,0
2023-05-25,SatoshiPay,1.0,1.0,3,0,0,0,0
2023-05-25,Stellar Development Foundation,1.0,1.0,3,0,0,0,0
2023-05-26,Blockdaemon Inc.,1.0,1.0,3,0,0,0,0
2023-05-26,COINQVEST LLC,1.0,0.9958,3,0,0,0,0
2023-05-26,Franklin Templeton,1.0,1.0,3,0,0,0,0
2023-05-26,LOBSTR,1.0,0.9604,5,0,0,0,0
2023-05-26,Public Node,1.0,1.0,3,0,0,0,0
2023-05-26,SatoshiPay,1.0,1.0,3,0,0,0,0
2023-05-26,Stellar Development Foundation,1.0,1.0,3,0,0,0,0
2023-05-27,Blockdaemon Inc.,1.0,1.0,3,0,0,0,0
2023-05-27,COINQVEST LLC,1.0,0.9979,3,0,0,0,0
2023-05-27,Franklin Templeton,1.0,1.0,3,0,0,0,0
2023-05-27,LOBSTR,1.0,1.0,5,0,0,0,0
2023-05-27,Public Node,1.0,1.0,3,0,0,0,0
2023-05-27,SatoshiPay,1.0,1.0,3,0,0,0,0
2023-05-27,Stellar Development Foundation,1.0,1.0,3,0,0,0,0
2023-05-28,Blockdaemon Inc.,1.0,1.0,3,0,0,0,0
2023-05-28,COINQVEST LLC,1.0,1.0,3,0,0,0,0
2023-05-28,Franklin Templeton,1.0,1.0,3,0,0,0,0
2023-05-28,LOBSTR,1.0,1.0,5,0,0,0,0
2023-05-28,Public Node,1.0,1.0,3,0,0,0,0
2023-05-28,SatoshiPay,1.0,1.0,3,0,0,0,0
2023-05-28,Stellar Development Foundation,1.0,1.0,3,0,0,0,0
2023-05-29,Blockdaemon Inc.,1.0,1.0,3,0,0,0,0
2023-05-29,COINQVEST LLC,1.0,1.0,3,0,0,0,0
2023-05-29,Franklin Templeton,1.0,0.9979,3,0,0,0,0
2023-05-29,LOBSTR,1.0,1.0,5,0,0,0,0
2023-05-29,Public Node,1.0,1.0,3,0,0,0,0
2023-05-29,SatoshiPay,1.0,1.0,3,0,0,0,0
2023-05-29,Stellar Development Foundation,1.0,1.0,3,0,0,0,0
2023-05-30,Blockdaemon Inc.,1.0,1.0,3,0,0,0,0
2023-05-30,COINQVEST LLC,1.0,1.0,3,0,0,0,0
2023-05-30,Franklin Templeton,1.0,1.0,3,0,0,0,0
2023-05-30,LOBSTR,1.0,1.0,5,0,0,0,0
2023-05-30,Public Node,1.0,1.0,3,0,0,0,0
2023-05-30,SatoshiPay,1.0,1.0,3,0,0,0,0
2023-05-30,Stellar Development Foundation,1.0,1.0,3,0,0,0,0
2023-05-31,Blockdaemon Inc.,1.0,1.0,3,0,0,0,0
2023-05-31,COINQVEST LLC,1.0,1.0,3,0,0,0,0
2023-05-31,Franklin Templeton,1.0,1.0,3,0,0,0,0
2023-05-31,LOBSTR,1.0,1.0,5,0,0,0,0
2023-05-31,Public Node,1.0,1.0,3,0,0,0,0
2023-05-31,SatoshiPay,1.0,1.0,3,0,0,0,0
2023-05-31,Stellar Development Foundation,1.0,1.0,3,0,0,0,0
2023-06-01,Blockdaemon Inc.,1.0,1.0,3,0,0,0,0
2023-06-01,COINQVEST LLC,1.0,1.0,3,0,0,0,0
2023-06-01,Franklin Templeton,1.0,1.0,3,0,0,0,0
2023-06-01,LOBSTR,1.0,1.0,5,0,0,0,0
2023-06-01,Public Node,1.0,1.0,3,0,0,0,0
2023-06-01,SatoshiPay,1.0,1.0,3,0,0,0,0
2023-06-01,Stellar Development Foundation,1.0,1.0,3,0,0,0,0
2023-06-02,Blockdaemon Inc.,1.0,1.0,3,0,0,0,0
2023-06-02,COINQVEST LLC,1.0,1.0,3,0,0,0,0
2023-06-02,Franklin Templeton,1.0,1.0,3,0,0,0,0
2023-06-02,LOBSTR,1.0,1.0,5,0,0,0,0
2023-06-02,Public Node,1.0,1.0,3,0,0,0,0
2023-06-02,SatoshiPay,1.0,0.9937,3,0,0,0,0
2023-06-02,Stellar Development Foundation,1.0,1.0,3,0,0,0,0
2023-06-03,Blockdaemon Inc.,1.0,1.0,3,0,0,0,0
2023-06-03,COINQVEST LLC,1.0,1.0,3,0,0,0,0
2023-06-03,Franklin Templeton,1.0,1.0,3,0,0,0,0
2023-06-03,LOBSTR,1.0,0.6743,5,1,0,0,0
2023-06-03,Public Node,1.0,1.0,3,0,0,0,0
2023-06-03,SatoshiPay,1.0,1.0,3,0,0,0,0
2023-06-03,Stellar Development Foundation,1.0,1.0,3,0,0,0,0
2023-06-04,Blockdaemon Inc.,1.0,1.0,3,0,0,0,0
2023-06-04,COINQVEST LLC,1.0,1.0,3,0,0,0,0
2023-06-04,Franklin Templeton,1.0,1.0,3,0,0,0,0
2023-06-04,LOBSTR,1.0,0.9979,5,0,0,0,0
2023-06-04,Public Node,1.0,1.0,3,0,0,0,0
2023-06-04,SatoshiPay,1.0,1.0,3,0,0,0,0
2023-06-04,Stellar Development Foundation,1.0,1.0,3,0,0,0,0
2023-06-05,Blockdaemon Inc.,1.0,1.0,3,0,0,0,0
2023-06-05,COINQVEST LLC,1.0,1.0,3,0,0,0,0
2023-06-05,Franklin Templeton,1.0,1.0,3,0,0,0,0
2023-06-05,LOBSTR,1.0,1.0,5,0,0,0,0
2023-06-05,Public Node,1.0,0.8703,3,1,0,0,0
2023-06-05,SatoshiPay,1.0,1.0,3,0,0,0,0
2023-06-05,Stellar Development Foundation,1.0,1.0,3,0,0,0,0
2023-06-06,Blockdaemon Inc.,1.0,1.0,3,0,0,0,0
2023-06-06,COINQVEST LLC,1.0,1.0,3,0,0,0,0
2023-06-06,Franklin Templeton,1.0,0.9979,3,0,0,0,0
2023-06-06,LOBSTR,1.0,1.0,5,0,0,0,0
2023-06-06,Public Node,1.0,1.0,3,0,0,0,0
2023-06-06,SatoshiPay,1.0,1.0,3,0,0,0,0
2023-06-06,Stellar Development Foundation,1.0,1.0,3,0,0,0,0
2023-06-07,Blockdaemon Inc.,1.0,1.0,3,0,0,0,0
2023-06-07,COINQVEST LLC,1.0,1.0,3,0,0,0,0
2023-06-07,Franklin Templeton,1.0,1.0,3,0,0,0,0
2023-06-07,LOBSTR,1.0,1.0,5,0,0,0,0
2023-06-07,Public Node,1.0,1.0,3,0,0,0,0
2023-06-07,SatoshiPay,1.0,1.0,3,0,0,0,0
2023-06-07,Stellar Development Foundation,1.0,1.0,3,0,0,0,0
2023-06-08,Blockdaemon Inc.,1.0,1.0,3,0,0,0,0
2023-06-08,COINQVEST LLC,1.0,1.0,3,0,0,0,0
2023-06-08,Franklin Templeton,1.0,1.0,3,0,0,0,0
2023-06-08,LOBSTR,1.0,1.0,5,0,0,0,0
2023-06-08,Public Node,1.0,1.0,3,0,0,0,0
2023-06-08,SatoshiPay,1.0,0.9979,3,0,0,0,0
2023-06-08,Stellar Development Foundation,1.0,1.0,3,0,0,0,0
2023-06-09,Blockdaemon Inc.,1.0,1.0,3,0,0,0,0
2023-06-09,COINQVEST LLC,1.0,1.0,3,0,0,0,0
2023-06-09,Franklin Templeton,1.0,1.0,3,0,0,0,0
2023-06-09,LOBSTR,1.0,1.0,5,0,0,0,0
2023-06-09,Public Node,1.0,1.0,3,0,0,0,0
2023-06-09,SatoshiPay,1.0,1.0,3,0,0,0,0
2023-06-09,Stellar Development Foundation,1.0,1.0,3,0,0,0,0
2023-06-10,Blockdaemon Inc.,1.0,1.0,3,0,0,0,0
2023-06-10,COINQVEST LLC,1.0,1.0,3,0,0,0,0
2023-06-10,Franklin Templeton,1.0,1.0,3,0,0,0,0
2023-06-10,LOBSTR,1.0,1.0,5,0,0,0,0
2023-06-10,Public Node,1.0,1.0,3,0,0,0,0
2023-06-10,SatoshiPay,1.0,1.0,3,0,0,0,0
2023-06-10,Stellar Development Foundation,1.0,1.0,3,0,0,0,0
2023-06-11,Blockdaemon Inc.,1.0,1.0,3,0,0,0,0
2023-06-11,COINQVEST LLC,1.0,1.0,3,0,0,0,0
2023-06-11,Franklin Templeton,1.0,0.9958,3,0,0,0,0
2023-06-11,LOBSTR,1.0,1.0,5,0,0,0,0
2023-06-11,Public Node,1.0,1.0,3,0,0,0,0
2023-06-11,SatoshiPay,1.0,1.0,3,0,0,0,0
2023-06-11,Stellar Development Foundation,1.0,1.0,3,0,0,0,0
2023-06-12,Blockdaemon Inc.,1.0,1.0,3,0,0,0,0
2023-06-12,COINQVEST LLC,1.0,1.0,3,0,0,0,0
2023-06-12,Franklin Templeton,1.0,1.0,3,0,0,0,0
2023-06-12,LOBSTR,1.0,1.0,5,0,0,0,0
2023-06-12,Public Node,1.0,1.0,3,0,0,0,0
2023-06-12,SatoshiPay,1.0,1.0,3,0,0,0,0
2023-06-12,Stellar Development Foundation,1.0,1.0,3,0,0,0,0
2023-06-13,Blockdaemon Inc.,1.0,1.0,3,0,0,0,0
2023-06-13,COINQVEST LLC,1.0,1.0,3,0,0,0,0
2023-06-13,Franklin Templeton,1.0,1.0,3,0,0,0,0
2023-06-13,LOBSTR,1.0,1.0,5,0,0,0,0
2023-06-13,Public Node,1.0,1.0,3,0,0,0,0
2023-06-13,SatoshiPay,1.0,1.0,3,0,0,0,0
2023-06-13,Stellar Development Foundation,1.0,1.0,3,0,0,0,0
2023-06-14,Blockdaemon Inc.,1.0,1.0,3,0,0,0,0
2023-06-14,COINQVEST LLC,1.0,1.0,3,0,0,0,0
2023-06-14,Franklin Templeton,1.0,1.0,3,0,0,0,0
2023-06-14,LOBSTR,1.0,1.0,5,0,0,0,0
2023-06-14,Public Node,1.0,1.0,3,0,0,0,0
2023-06-14,SatoshiPay,1.0,1.0,3,0,0,0,0
2023-06-14,Stellar Development Foundation,1.0,1.0,3,0,0,0,0
2023-06-15,Blockdaemon Inc.,1.0,1.0,3,0,0,0,0
2023-06-15,COINQVEST LLC,1.0,1.0,3,0,0,0,0
2023-06-15,Franklin Templeton,1.0,1.0,3,0,0,0,0
2023-06-15,LOBSTR,1.0,1.0,5,0,0,0,0
2023-06-15,Public Node,1.0,1.0,3,0,0,0,0
2023-06-15,SatoshiPay,1.0,1.0,3,0,0,0,0
2023-06-15,Stellar Development Foundation,1.0,1.0,3,0,0,0,0
2023-06-16,Blockdaemon Inc.,1.0,1.0,3,0,0,0,0
2023-06-16,COINQVEST LLC,1.0,1.0,3,0,0,0,0
2023-06-16,Franklin Templeton,1.0,0.9937,3,0,0,0,0
2023-06-16,LOBSTR,1.0,1.0,5,0,0,0,0
2023-06-16,Public Node,1.0,1.0,3,0,0,0,0
2023-06-16,SatoshiPay,1.0,1.0,3,0,0,0,0
2023-06-16,Stellar Development Foundation,1.0,1.0,3,0,0,0,0
2023-06-17,Blockdaemon Inc.,1.0,1.0,3,0,0,0,0
2023-06-17,COINQVEST LLC,1.0,1.0,3,0,0,0,0
2023-06-17,Franklin Templeton,1.0,1.0,3,0,0,0,0
2023-06-17,LOBSTR,1.0,1.0,5,0,0,0,0
2023-06-17,Public Node,1.0,1.0,3,0,0,0,0
2023-06-17,SatoshiPay,1.0,1.0,3,0,0,0,0
2023-06-17,Stellar Development Foundation,1.0,1.0,3,0,0,0,0
2023-06-18,Blockdaemon Inc.,1.0,1.0,3,0,0,0,0
2023-06-18,COINQVEST LLC,1.0,1.0,3,0,0,0,0
2023-06-18,Franklin Templeton,1.0,0.9958,3,0,0,0,0
2023-06-18,LOBSTR,1.0,1.0,5,0,0,0,0
2023-06-18,Public Node,1.0,1.0,3,0,0,0,0
2023-06-18,SatoshiPay,1.0,1.0,3,0,0,0,0
2023-06-18,Stellar Development Foundation,1.0,1.0,3,0,0,0,0
2023-06-19,Blockdaemon Inc.,1.0,1.0,3,0,0,0,0
2023-06-19,COINQVEST LLC,1.0,1.0,3,0,0,0,0
2023-06-19,Franklin Templeton,1.0,1.0,3,0,0,0,0
2023-06-19,LOBSTR,1.0,1.0,5,0,0,0,0
2023-06-19,Public Node,1.0,1.0,3,0,0,0,0
2023-06-19,SatoshiPay,1.0,0.9958,3,0,0,0,0
2023-06-19,Stellar Development Foundation,1.0,1.0,3,0,0,0,0
2023-06-20,Blockdaemon Inc.,1.0,0.9958,3,0,0,0,0
2023-06-20,COINQVEST LLC,1.0,1.0,3,0,0,0,0
2023-06-20,Franklin Templeton,1.0,1.0,3,0,0,0,0
2023-06-20,LOBSTR,1.0,1.0,5,0,0,0,0
2023-06-20,Public Node,1.0,1.0,3,0,0,0,0
2023-06-20,SatoshiPay,1.0,0.9979,3,0,0,0,0
2023-06-20,Stellar Development Foundation,1.0,1.0,3,0,0,0,0
2023-06-21,Blockdaemon Inc.,1.0,1.0,3,0,0,0,0
2023-06-21,COINQVEST LLC,1.0,1.0,3,0,0,0,0
2023-06-21,Franklin Templeton,1.0,1.0,3,0,0,0,0
2023-06-21,LOBSTR,1.0,0.9958,5,0,0,0,0
2023-06-21,Public Node,1.0,1.0,3,0,0,0,0
2023-06-21,SatoshiPay,1.0,0.9958,3,0,0,0,0
2023-06-21,Stellar Development Foundation,1.0,1.0,3,0,0,0,0
2023-06-22,Blockdaemon Inc.,1.0,1.0,3,0,0,0,0
2023-06-22,COINQVEST LLC,1.0,1.0,3,0,0,0,0
2023-06-22,Franklin Templeton,1.0,1.0,3,0,0,0,0
2023-06-22,LOBSTR,1.0,1.0,5,0,0,0,0
2023-06-22,Public Node,1.0,1.0,3,0,0,0,0
2023-06-22,SatoshiPay,1.0,0.9979,3,0,0,0,0
2023-06-22,Stellar Development Foundation,1.0,1.0,3,0,0,0,0
2023-06-23,Blockdaemon Inc.,1.0,1.0,3,0,0,0,0
2023-06-23,COINQVEST LLC,1.0,1.0,3,0,0,0,0
2023-06-23,Franklin Templeton,1.0,1.0,3,0,0,0,0
2023-06-23,LOBSTR,1.0,1.0,5,0,0,0,0
2023-06-23,Public Node,1.0,1.0,3,0,0,0,0
2023-06-23,SatoshiPay,1.0,0.9979,3,0,0,0,0
2023-06-23,Stellar Development Foundation,1.0,1.0,3,0,0,0,0
2023-06-24,Blockdaemon Inc.,1.0,1.0,3,0,0,0,0
2023-06-24,COINQVEST LLC,1.0,1.0,3,0,0,0,0
2023-06-24,Franklin Templeton,1.0,1.0,3,0,0,0,0
2023-06-24,LOBSTR,1.0,1.0,5,0,0,0,0
2023-06-24,Public Node,1.0,1.0,3,0,0,0,0
2023-06-24,SatoshiPay,1.0,1.0,3,0,0,0,0
2023-06-24,Stellar Development Foundation,1.0,1.0,3,0,0,0,0
2023-06-25,Blockdaemon Inc.,1.0,1.0,3,0,0,0,0
2023-06-25,COINQVEST LLC,1.0,1.0,3,0,0,0,0
2023-06-25,Franklin Templeton,1.0,0.9979,3,0,0,0,0
2023-06-25,LOBSTR,1.0,1.0,5,0,0,0,0
2023-06-25,Public Node,1.0,1.0,3,0,0,0,0
2023-06-25,SatoshiPay,1.0,0.9979,3,0,0,0,0
2023-06-25,Stellar Development Foundation,1.0,1.0,3,0,0,0,0
2023-06-26,Blockdaemon Inc.,1.0,1.0,3,0,0,0,0
2023-06-26,COINQVEST LLC,1.0,1.0,3,0,0,0,0
2023-06-26,Franklin Templeton,1.0,0.9958,3,0,0,0,0
2023-06-26,LOBSTR,1.0,1.0,5,0,0,0,0
2023-06-26,Public Node,1.0,1.0,3,0,0,0,0
2023-06-26,SatoshiPay,1.0,0.9979,3,0,0,0,0
2023-06-26,Stellar Development Foundation,1.0,1.0,3,0,0,0,0
2023-06-27,Blockdaemon Inc.,1.0,1.0,3,0,0,0,0
2023-06-27,COINQVEST LLC,1.0,1.0,3,0,0,0,0
2023-06-27,Franklin Templeton,1.0,0.9979,3,0,0,0,0
2023-06-27,LOBSTR,1.0,1.0,5,0,0,0,0
2023-06-27,Public Node,1.0,1.0,3,0,0,0,0
2023-06-27,SatoshiPay,1.0,0.9894,3,0,0,0,0
2023-06-27,Stellar Development Foundation,1.0,1.0,3,0,0,0,0
2023-06-28,Blockdaemon Inc.,1.0,1.0,3,0,0,0,0
2023-06-28,COINQVEST LLC,1.0,1.0,3,0,0,0,0
2023-06-28,Franklin Templeton,1.0,1.0,3,0,0,0,0
2023-06-28,LOBSTR,1.0,1.0,5,0,0,0,0
2023-06-28,Public Node,1.0,1.0,3,0,0,0,0
2023-06-28,SatoshiPay,1.0,0.9792,3,0,0,0,0
2023-06-28,Stellar Development Foundation,1.0,1.0,3,0,0,0,0
2023-06-29,Blockdaemon Inc.,1.0,1.0,3,0,0,0,0
2023-06-29,COINQVEST LLC,1.0,1.0,3,0,0,0,0
2023-06-29,Franklin Templeton,1.0,1.0,3,0,0,0,0
2023-06-29,LOBSTR,1.0,1.0,5,0,0,0,0
2023-06-29,Public Node,1.0,1.0,3,0,0,0,0
2023-06-29,SatoshiPay,1.0,0.9896,3,0,0,0,0
2023-06-29,Stellar Development Foundation,1.0,1.0,3,0,0,0,0
2023-06-30,Blockdaemon Inc.,1.0,1.0,3,0,0,0,0
2023-06-30,COINQVEST LLC,1.0,1.0,3,0,0,0,0
2023-06-30,Franklin Templeton,1.0,0.9979,3,0,0,0,0
2023-06-30,LOBSTR,1.0,1.0,5,0,0,0,0
2023-06-30,Public Node,1.0,1.0,3,0,0,0,0
2023-06-30,SatoshiPay,1.0,0.9875,3,0,0,0,0
2023-06-30,Stellar Development Foundation,1.0,1.0,3,0,0,0,0
2023-07-01,Blockdaemon Inc.,1.0,1.0,3,0,0,0,0
2023-07-01,COINQVEST LLC,1.0,1.0,3,0,0,0,0
2023-07-01,Franklin Templeton,1.0,0.9979,3,0,0,0,0
2023-07-01,LOBSTR,1.0,1.0,5,0,0,0,0
2023-07-01,Public Node,1.0,1.0,3,0,0,0,0
2023-07-01,SatoshiPay,1.0,0.9854,3,0,0,0,0
2023-07-01,Stellar Development Foundation,1.0,1.0,3,0,0,0,0
2023-07-02,Blockdaemon Inc.,1.0,1.0,3,0,0,0,0
2023-07-02,COINQVEST LLC,1.0,1.0,3,0,0,0,0
2023-07-02,Franklin Templeton,1.0,0.9979,3,0,0,0,0
2023-07-02,LOBSTR,1.0,1.0,5,0,0,0,0
2023-07-02,Public Node,1.0,1.0,3,0,0,0,0
2023-07-02,SatoshiPay,1.0,0.9979,3,0,0,0,0
2023-07-02,Stellar Development Foundation,1.0,1.0,3,0,0,0,0
2023-07-03,Blockdaemon Inc.,1.0,1.0,3,0,0,0,0
2023-07-03,COINQVEST LLC,1.0,1.0,3,0,0,0,0
2023-07-03,Franklin Templeton,1.0,1.0,3,0,0,0,0
2023-07-03,LOBSTR,1.0,0.3521,6,1,0,0,0
2023-07-03,Public Node,1.0,1.0,3,0,0,0,0
2023-07-03,SatoshiPay,1.0,0.9938,3,0,0,0,0
2023-07-03,Stellar Development Foundation,1.0,1.0,3,0,0,0,0
2023-07-04,Blockdaemon Inc.,1.0,1.0,3,0,0,0,0
2023-07-04,COINQVEST LLC,1.0,1.0,3,0,0,0,0
2023-07-04,Franklin Templeton,1.0,1.0,3,0,0,0,0
2023-07-04,LOBSTR,1.0,0.0,6,1,0,1,0
2023-07-04,Public Node,1.0,1.0,3,0,0,0,0
2023-07-04,SatoshiPay,1.0,0.9958,3,0,0,0,0
2023-07-04,Stellar Development Foundation,1.0,1.0,3,0,0,0,0
2023-07-05,Blockdaemon Inc.,1.0,1.0,3,0,0,0,0
2023-07-05,COINQVEST LLC,1.0,1.0,3,0,0,0,0
2023-07-05,Franklin Templeton,1.0,1.0,3,0,0,0,0
2023-07-05,LOBSTR,1.0,0.0,6,1,0,1,0
2023-07-05,Public Node,1.0,1.0,3,0,0,0,0
2023-07-05,SatoshiPay,1.0,0.9958,3,0,0,0,0
2023-07-05,Stellar Development Foundation,1.0,1.0,3,0,0,0,0
2023-07-06,Blockdaemon Inc.,1.0,1.0,3,0,0,0,0
2023-07-06,COINQVEST LLC,1.0,1.0,3,0,0,0,0
2023-07-06,Franklin Templeton,1.0,1.0,3,0,0,0,0
2023-07-06,LOBSTR,1.0,0.0,6,1,0,1,0
2023-07-06,Public Node,1.0,1.0,3,0,0,0,0
2023-07-06,SatoshiPay,1.0,0.9917,3,0,0,0,0
2023-07-06,Stellar Development Foundation,1.0,1.0,3,0,0,0,0
2023-07-07,Blockdaemon Inc.,1.0,1.0,3,0,0,0,0
2023-07-07,COINQVEST LLC,1.0,1.0,3,0,0,0,0
2023-07-07,Franklin Templeton,1.0,1.0,3,0,0,0,0
2023-07-07,LOBSTR,1.0,0.0,6,1,0,1,0
2023-07-07,Public Node,1.0,1.0,3,0,0,0,0
2023-07-07,SatoshiPay,1.0,0.9833,3,0,0,0,0
2023-07-07,Stellar Development Foundation,1.0,1.0,3,0,0,0,0
2023-07-08,Blockdaemon Inc.,1.0,1.0,3,0,0,0,0
2023-07-08,COINQVEST LLC,1.0,1.0,3,0,0,0,0
2023-07-08,Franklin Templeton,1.0,1.0,3,0,0,0,0
2023-07-08,LOBSTR,1.0,0.0,6,1,0,1,0
2023-07-08,Public Node,1.0,1.0,3,0,0,0,0
2023-07-08,SatoshiPay,1.0,0.9958,3,0,0,0,0
2023-07-08,Stellar Development Foundation,1.0,1.0,3,0,0,0,0
2023-07-09,Blockdaemon Inc.,1.0,1.0,3,0,0,0,0
2023-07-09,COINQVEST LLC,1.0,1.0,3,0,0,0,0
2023-07-09,Franklin Templeton,1.0,0.9979,3,0,0,0,0
2023-07-09,LOBSTR,1.0,0.0,6,1,0,1,0
2023-07-09,Public Node,1.0,1.0,3,0,0,0,0
2023-07-09,SatoshiPay,1.0,0.9958,3,0,0,0,0
2023-07-09,Stellar Development Foundation,1.0,1.0,3,0,0,0,0
2023-07-10,Blockdaemon Inc.,1.0,1.0,3,0,0,0,0
2023-07-10,COINQVEST LLC,1.0,1.0,3,0,0,0,0
2023-07-10,Franklin Templeton,1.0,0.9958,3,0,0,0,0
2023-07-10,LOBSTR,1.0,0.0,6,1,0,1,0
2023-07-10,Public Node,1.0,1.0,3,0,0,0,0
2023-07-10,SatoshiPay,1.0,0.9979,3,0,0,0,0
2023-07-10,Stellar Development Foundation,1.0,1.0,3,0,0,0,0
2023-07-11,Blockdaemon Inc.,1.0,1.0,3,0,0,0,0
2023-07-11,COINQVEST LLC,1.0,1.0,3,0,0,0,0
2023-07-11,Franklin Templeton,1.0,0.9979,3,0,0,0,0
2023-07-11,LOBSTR,1.0,0.0,6,1,0,1,0
2023-07-11,Public Node,1.0,1.0,3,0,0,0,0
2023-07-11,SatoshiPay,1.0,0.9917,3,0,0,0,0
2023-07-11,Stellar Development Foundation,1.0,1.0,3,0,0,0,0
2023-07-12,Blockdaemon Inc.,1.0,1.0,3,0,0,0,0
2023-07-12,COINQVEST LLC,1.0,1.0,3,0,0,0,0
2023-07-12,Franklin Templeton,1.0,0.9938,3,0,0,0,0
2023-07-12,LOBSTR,1.0,0.0,6,1,0,1,0
2023-07-12,Public Node,1.0,1.0,3,0,0,0,0
2023-07-12,SatoshiPay,1.0,0.9958,3,0,0,0,0
2023-07-12,Stellar Development Foundation,1.0,1.0,3,0,0,0,0
2023-07-13,Blockdaemon Inc.,1.0,1.0,3,0,0,0,0
2023-07-13,COINQVEST LLC,1.0,1.0,3,0,0,0,0
2023-07-13,Franklin Templeton,1.0,0.9958,3,0,0,0,0
2023-07-13,LOBSTR,1.0,0.0,6,1,0,1,0
2023-07-13,Public Node,1.0,0.9938,3,0,0,0,0
2023-07-13,SatoshiPay,1.0,0.9979,3,0,0,0,0
2023-07-13,Stellar Development Foundation,1.0,1.0,3,0,0,0,0
2023-07-14,Blockdaemon Inc.,1.0,1.0,3,0,0,0,0
2023-07-14,COINQVEST LLC,1.0,1.0,3,0,0,0,0
2023-07-14,Franklin Templeton,1.0,1.0,3,0,0,0,0
2023-07-14,LOBSTR,1.0,0.0,6,1,0,1,0
2023-07-14,Public Node,1.0,1.0,3,0,0,0,0
2023-07-14,SatoshiPay,1.0,0.9667,3,0,0,0,0
2023-07-14,Stellar Development Foundation,1.0,1.0,3,0,0,0,0
2023-07-15,Blockdaemon Inc.,1.0,1.0,3,0,0,0,0
2023-07-15,COINQVEST LLC,1.0,1.0,3,0,0,0,0
2023-07-15,Franklin Templeton,1.0,0.9979,3,0,0,0,0
2023-07-15,LOBSTR,1.0,0.0,6,1,0,1,0
2023-07-15,Public Node,1.0,1.0,3,0,0,0,0
2023-07-15,SatoshiPay,1.0,0.9938,3,0,0,0,0
2023-07-15,Stellar Development Foundation,1.0,1.0,3,0,0,0,0
2023-07-16,Blockdaemon Inc.,1.0,1.0,3,0,0,0,0
2023-07-16,COINQVEST LLC,1.0,1.0,3,0,0,0,0
2023-07-16,Franklin Templeton,1.0,1.0,3,0,0,0,0
2023-07-16,LOBSTR,1.0,0.0,6,1,0,1,0
2023-07-16,Public Node,1.0,1.0,3,0,0,0,0
2023-07-16,SatoshiPay,1.0,0.9979,3,0,0,0,0
2023-07-16,Stellar Development Foundation,1.0,1.0,3,0,0,0,0
2023-07-17,Blockdaemon Inc.,1.0,1.0,3,0,0,0,0
2023-07-17,COINQVEST LLC,1.0,1.0,3,0,0,0,0
2023-07-17,Franklin Templeton,1.0,1.0,3,0,0,0,0
2023-07-17,LOBSTR,1.0,0.0,6,1,0,1,0
2023-07-17,Public Node,1.0,0.9812,3,0,0,0,0
2023-07-17,SatoshiPay,1.0,0.9938,3,0,0,0,0
2023-07-17,Stellar Development Foundation,1.0,1.0,3,0,0,0,0
2023-07-18,Blockdaemon Inc.,1.0,1.0,3,0,0,0,0
2023-07-18,COINQVEST LLC,1.0,1.0,3,0,0,0,0
2023-07-18,Franklin Templeton,1.0,1.0,3,0,0,0,0
2023-07-18,LOBSTR,1.0,0.0,6,1,0,1,0
2023-07-18,Public Node,1.0,1.0,3,0,0,0,0
2023-07-18,SatoshiPay,1.0,1.0,3,0,0,0,0
2023-07-18,Stellar Development Foundation,1.0,1.0,3,0,0,0,0
2023-07-19,Blockdaemon Inc.,1.0021,1.0,3,0,0,0,0
2023-07-19,COINQVEST LLC,1.0021,1.0,3,0,0,0,0
2023-07-19,Franklin Templeton,1.0021,0.9979,3,0,0,0,0
2023-07-19,LOBSTR,1.0021,0.0,6,1,0,1,0
2023-07-19,Public Node,1.0021,1.0,3,0,0,0,0
2023-07-19,SatoshiPay,1.0021,0.9979,3,0,0,0,0
2023-07-19,Stellar Development Foundation,1.0021,1.0,3,0,0,0,0
2023-07-20,Blockdaemon Inc.,1.0,1.0,3,0,0,0,0
2023-07-20,COINQVEST LLC,1.0,1.0,3,0,0,0,0
2023-07-20,Franklin Templeton,1.0,0.9958,3,0,0,0,0
2023-07-20,LOBSTR,1.0,0.0,6,1,0,1,0
2023-07-20,Public Node,1.0,1.0,3,0,0,0,0
2023-07-20,SatoshiPay,1.0,0.9979,3,0,0,0,0
2023-07-20,Stellar Development Foundation,1.0,1.0,3,0,0,0,0
2023-07-21,Blockdaemon Inc.,1.0,1.0,3,0,0,0,0
2023-07-21,COINQVEST LLC,1.0,1.0,3,0,0,0,0
2023-07-21,Franklin Templeton,1.0,1.0,3,0,0,0,0
2023-07-21,LOBSTR,1.0,0.0,6,1,0,1,0
2023-07-21,Public Node,1.0,1.0,3,0,0,0,0
2023-07-21,SatoshiPay,1.0,0.9979,3,0,0,0,0
2023-07-21,Stellar Development Foundation,1.0,1.0,3,0,0,0,0
2023-07-22,Blockdaemon Inc.,1.0,1.0,3,0,0,0,0
2023-07-22,COINQVEST LLC,1.0,1.0,3,0,0,0,0
2023-07-22,Franklin Templeton,1.0,1.0,3,0,0,0,0
2023-07-22,LOBSTR,1.0,0.0,6,1,0,1,0
2023-07-22,Public Node,1.0,1.0,3,0,0,0,0
2023-07-22,SatoshiPay,1.0,1.0,3,0,0,0,0
2023-07-22,Stellar Development Foundation,1.0,1.0,3,0,0,0,0
2023-07-23,Blockdaemon Inc.,1.0,1.0,3,0,0,0,0
2023-07-23,COINQVEST LLC,1.0,1.0,3,0,0,0,0
2023-07-23,Franklin Templeton,1.0,1.0,3,0,0,0,0
2023-07-23,LOBSTR,1.0,0.0,6,1,0,1,0
2023-07-23,Public Node,1.0,1.0,3,0,0,0,0
2023-07-23,SatoshiPay,1.0,1.0,3,0,0,0,0
2023-07-23,Stellar Development Foundation,1.0,1.0,3,0,0,0,0
2023-07-24,Blockdaemon Inc.,1.0,1.0,3,0,0,0,0
2023-07-24,COINQVEST LLC,1.0,1.0,3,0,0,0,0
2023-07-24,Franklin Templeton,1.0,0.9896,3,0,0,0,0
2023-07-24,LOBSTR,1.0,0.0,6,1,0,1,0
2023-07-24,Public Node,1.0,1.0,3,0,0,0,0
2023-07-24,SatoshiPay,1.0,0.9938,3,0,0,0,0
2023-07-24,Stellar Development Foundation,1.0,1.0,3,0,0,0,0
2023-07-25,Blockdaemon Inc.,1.0,1.0,3,0,0,0,0
2023-07-25,COINQVEST LLC,1.0,1.0,3,0,0,0,0
2023-07-25,Franklin Templeton,1.0,0.9958,3,0,0,0,0
2023-07-25,LOBSTR,1.0,0.0,6,1,0,1,0
2023-07-25,Public Node,1.0,1.0,3,0,0,0,0
2023-07-25,SatoshiPay,1.0,0.9979,3,0,0,0,0
2023-07-25,Stellar Development Foundation,1.0,1.0,3,0,0,0,0
2023-07-26,Blockdaemon Inc.,1.0,1.0,3,0,0,0,0
2023-07-26,COINQVEST LLC,1.0,1.0,3,0,0,0,0
2023-07-26,Franklin Templeton,1.0,1.0,3,0,0,0,0
2023-07-26,LOBSTR,1.0,0.0,6,1,0,1,0
2023-07-26,Public Node,1.0,1.0,3,0,0,0,0
2023-07-26,SatoshiPay,1.0,1.0,3,0,0,0,0
2023-07-26,Stellar Development Foundation,1.0,1.0,3,0,0,0,0
2023-07-27,Blockdaemon Inc.,1.0,1.0,3,0,0,0,0
2023-07-27,COINQVEST LLC,1.0,1.0,3,0,0,0,0
2023-07-27,Franklin Templeton,1.0,1.0,3,0,0,0,0
2023-07-27,LOBSTR,1.0,0.0,6,1,0,1,0
2023-07-27,Public Node,1.0,1.0,3,0,0,0,0
2023-07-27,SatoshiPay,1.0,0.9854,3,0,0,0,0
2023-07-27,Stellar Development Foundation,1.0,1.0,3,0,0,0,0
2023-07-28,Blockdaemon Inc.,1.0,1.0,3,0,0,0,0
2023-07-28,COINQVEST LLC,1.0,1.0,3,0,0,0,0
2023-07-28,Franklin Templeton,1.0,1.0,3,0,0,0,0
2023-07-28,LOBSTR,1.0,0.0,6,1,0,1,0
2023-07-28,Public Node,1.0,1.0,3,0,0,0,0
2023-07-28,SatoshiPay,1.0,1.0,3,0,0,0,0
2023-07-28,Stellar Development Foundation,1.0,1.0,3,0,0,0,0
2023-07-29,Blockdaemon Inc.,1.0,1.0,3,0,0,0,0
2023-07-29,COINQVEST LLC,1.0,1.0,3,0,0,0,0
2023-07-29,Franklin Templeton,1.0,0.9979,3,0,0,0,0
2023-07-29,LOBSTR,1.0,0.0,6,1,0,1,0
2023-07-29,Public Node,1.0,1.0,3,0,0,0,0
2023-07-29,SatoshiPay,1.0,1.0,3,0,0,0,0
2023-07-29,Stellar Development Foundation,1.0,1.0,3,0,0,0,0
2023-07-30,Blockdaemon Inc.,1.0,1.0,3,0,0,0,0
2023-07-30,COINQVEST LLC,1.0,1.0,3,0,0,0,0
2023-07-30,Franklin Templeton,1.0,0.9979,3,0,0,0,0
2023-07-30,LOBSTR,1.0,0.0,6,1,0,1,0
2023-07-30,Public Node,1.0,1.0,3,0,0,0,0
2023-07-30,SatoshiPay,1.0,1.0,3,0,0,0,0
2023-07-30,Stellar Development Foundation,1.0,1.0,3,0,0,0,0
2023-07-31,Blockdaemon Inc.,1.0,1.0,3,0,0,0,0
2023-07-31,COINQVEST LLC,1.0,1.0,3,0,0,0,0
2023-07-31,Franklin Templeton,1.0,1.0,3,0,0,0,0
2023-07-31,LOBSTR,1.0,0.0,6,1,0,1,0
2023-07-31,Public Node,1.0,1.0,3,0,0,0,0
2023-07-31,SatoshiPay,1.0,1.0,3,0,0,0,0
2023-07-31,Stellar Development Foundation,1.0,1.0,3,0,0,0,0
2023-08-01,Blockdaemon Inc.,1.0,1.0,3,0,0,0,0
2023-08-01,COINQVEST LLC,1.0,1.0,3,0,0,0,0
2023-08-01,Franklin Templeton,1.0,1.0,3,0,0,0,0
2023-08-01,LOBSTR,1.0,0.0,6,1,0,1,0
2023-08-01,Public Node,1.0,1.0,3,0,0,0,0
2023-08-01,SatoshiPay,1.0,0.9979,3,0,0,0,0
2023-08-01,Stellar Development Foundation,1.0,1.0,3,0,0,0,0
2023-08-02,Blockdaemon Inc.,1.0,1.0,3,0,0,0,0
2023-08-02,COINQVEST LLC,1.0,1.0,3,0,0,0,0
2023-08-02,Franklin Templeton,1.0,1.0,3,0,0,0,0
2023-08-02,LOBSTR,1.0,0.0,6,1,0,1,0
2023-08-02,Public Node,1.0,1.0,3,0,0,0,0
2023-08-02,SatoshiPay,1.0,0.9938,3,0,0,0,0
2023-08-02,Stellar Development Foundation,1.0,1.0,3,0,0,0,0
2023-08-03,Blockdaemon Inc.,1.0,1.0,3,0,0,0,0
2023-08-03,COINQVEST LLC,1.0,1.0,3,0,0,0,0
2023-08-03,Franklin Templeton,1.0,0.9979,3,0,0,0,0
2023-08-03,LOBSTR,1.0,0.0,6,1,0,1,0
2023-08-03,Public Node,1.0,1.0,3,0,0,0,0
2023-08-03,SatoshiPay,1.0,0.9958,3,0,0,0,0
2023-08-03,Stellar Development Foundation,1.0,1.0,3,0,0,0,0
2023-08-04,Blockdaemon Inc.,1.0,1.0,3,0,0,0,0
2023-08-04,COINQVEST LLC,1.0,1.0,3,0,0,0,0
2023-08-04,Franklin Templeton,1.0,1.0,3,0,0,0,0
2023-08-04,LOBSTR,1.0,0.0,6,1,0,1,0
2023-08-04,Public Node,1.0,1.0,3,0,0,0,0
2023-08-04,SatoshiPay,1.0,0.9958,3,0,0,0,0
2023-08-04,Stellar Development Foundation,1.0,1.0,3,0,0,0,0
2023-08-05,Blockdaemon Inc.,1.0,1.0,3,0,0,0,0
2023-08-05,COINQVEST LLC,1.0,1.0,3,0,0,0,0
2023-08-05,Franklin Templeton,1.0,1.0,3,0,0,0,0
2023-08-05,LOBSTR,1.0,0.0,6,1,0,1,0
2023-08-05,Public Node,1.0,1.0,3,0,0,0,0
2023-08-05,SatoshiPay,1.0,1.0,3,0,0,0,0
2023-08-05,Stellar Development Foundation,1.0,1.0,3,0,0,0,0
2023-08-06,Blockdaemon Inc.,1.0,1.0,3,0,0,0,0
2023-08-06,COINQVEST LLC,1.0,1.0,3,0,0,0,0
2023-08-06,Franklin Templeton,1.0,0.9979,3,0,0,0,0
2023-08-06,LOBSTR,1.0,0.0,6,1,0,1,0
2023-08-06,Public Node,1.0,1.0,3,0,0,0,0
2023-08-06,SatoshiPay,1.0,0.9979,3,0,0,0,0
2023-08-06,Stellar Development Foundation,1.0,1.0,3,0,0,0,0
2023-08-07,Blockdaemon Inc.,1.0,1.0,3,0,0,0,0
2023-08-07,COINQVEST LLC,1.0,1.0,3,0,0,0,0
2023-08-07,Franklin Templeton,1.0,0.9979,3,0,0,0,0
2023-08-07,LOBSTR,1.0,0.0,6,1,0,1,0
2023-08-07,Public Node,1.0,1.0,3,0,0,0,0
2023-08-07,SatoshiPay,1.0,1.0,3,0,0,0,0
2023-08-07,Stellar Development Foundation,1.0,1.0,3,0,0,0,0
2023-08-08,Blockdaemon Inc.,1.0,1.0,3,0,0,0,0
2023-08-08,COINQVEST LLC,1.0,1.0,3,0,0,0,0
2023-08-08,Franklin Templeton,1.0,0.9979,3,0,0,0,0
2023-08-08,LOBSTR,1.0,0.0,6,1,0,1,0
2023-08-08,Public Node,1.0,1.0,3,0,0,0,0
2023-08-08,SatoshiPay,1.0,0.9958,3,0,0,0,0
2023-08-08,Stellar Development Foundation,1.0,1.0,3,0,0,0,0
2023-08-09,Blockdaemon Inc.,1.0,1.0,3,0,0,0,0
2023-08-09,COINQVEST LLC,1.0,1.0,3,0,0,0,0
2023-08-09,Franklin Templeton,1.0,0.9979,3,0,0,0,0
2023-08-09,LOBSTR,1.0,0.0,6,1,0,1,0
2023-08-09,Public Node,1.0,1.0,3,0,0,0,0
2023-08-09,SatoshiPay,0.9979,0.9979,3,0,0,0,0
2023-08-09,Stellar Development Foundation,1.0,1.0,3,0,0,0,0
2023-08-10,Blockdaemon Inc.,1.0,0.9979,3,0,0,0,0
2023-08-10,COINQVEST LLC,1.0,1.0,3,0,0,0,0
2023-08-10,Franklin Templeton,1.0,1.0,3,0,0,0,0
2023-08-10,LOBSTR,1.0,0.0,6,1,0,1,0
2023-08-10,Public Node,1.0,1.0,3,0,0,0,0
2023-08-10,SatoshiPay,1.0,0.9563,3,0,0,0,0
2023-08-10,Stellar Development Foundation,1.0,1.0,3,0,0,0,0
2023-08-11,Blockdaemon Inc.,1.0,1.0,3,0,0,0,0
2023-08-11,COINQVEST LLC,1.0,1.0,3,0,0,0,0
2023-08-11,Franklin Templeton,1.0,0.9979,3,0,0,0,0
2023-08-11,LOBSTR,1.0,0.0,6,1,0,1,0
2023-08-11,Public Node,1.0,1.0,3,0,0,0,0
2023-08-11,SatoshiPay,1.0,0.9854,3,0,0,0,0
2023-08-11,Stellar Development Foundation,1.0,1.0,3,0,0,0,0
2023-08-12,Blockdaemon Inc.,1.0,1.0,3,0,0,0,0
2023-08-12,COINQVEST LLC,1.0,1.0,3,0,0,0,0
2023-08-12,Franklin Templeton,1.0,1.0,3,0,0,0,0
2023-08-12,LOBSTR,1.0,0.0,6,1,0,1,0
2023-08-12,Public Node,1.0,1.0,3,0,0,0,0
2023-08-12,SatoshiPay,1.0,0.9854,3,0,0,0,0
2023-08-12,Stellar Development Foundation,1.0,1.0,3,0,0,0,0
2023-08-13,Blockdaemon Inc.,1.0,0.9979,3,0,0,0,0
2023-08-13,COINQVEST LLC,1.0,1.0,3,0,0,0,0
2023-08-13,Franklin Templeton,1.0,1.0,3,0,0,0,0
2023-08-13,LOBSTR,1.0,0.0,6,1,0,1,0
2023-08-13,Public Node,1.0,1.0,3,0,0,0,0
2023-08-13,SatoshiPay,1.0,0.9708,3,0,0,0,0
2023-08-13,Stellar Development Foundation,1.0,1.0,3,0,0,0,0
2023-08-14,Blockdaemon Inc.,1.0,1.0,3,0,0,0,0
2023-08-14,COINQVEST LLC,1.0,1.0,3,0,0,0,0
2023-08-14,Franklin Templeton,1.0,0.9979,3,0,0,0,0
2023-08-14,LOBSTR,1.0,0.0,6,1,0,1,0
2023-08-14,Public Node,1.0,1.0,3,0,0,0,0
2023-08-14,SatoshiPay,1.0,0.9729,3,0,0,0,0
2023-08-14,Stellar Development Foundation,1.0,1.0,3,0,0,0,0
2023-08-15,Blockdaemon Inc.,1.0,1.0,3,0,0,0,0
2023-08-15,COINQVEST LLC,1.0,1.0,3,0,0,0,0
2023-08-15,Franklin Templeton,1.0,0.9979,3,0,0,0,0
2023-08-15,LOBSTR,1.0,0.0,6,1,0,1,0
2023-08-15,Public Node,1.0,1.0,3,0,0,0,0
2023-08-15,SatoshiPay,1.0,0.9917,3,0,0,0,0
2023-08-15,Stellar Development Foundation,1.0,1.0,3,0,0,0,0
2023-08-16,Blockdaemon Inc.,1.0,1.0,3,0,0,0,0
2023-08-16,COINQVEST LLC,1.0,1.0,3,0,0,0,0
2023-08-16,Franklin Templeton,1.0,1.0,3,0,0,0,0
2023-08-16,LOBSTR,1.0,0.0,6,1,0,1,0
2023-08-16,Public Node,1.0,1.0,3,0,0,0,0
2023-08-16,SatoshiPay,0.9979,0.7829,3,1,0,0,0
2023-08-16,Stellar Development Foundation,1.0,1.0,3,0,0,0,0
2023-08-17,Blockdaemon Inc.,1.0,1.0,3,0,0,0,0
2023-08-17,COINQVEST LLC,1.0,1.0,3,0,0,0,0
2023-08-17,Franklin Templeton,1.0,0.9979,3,0,0,0,0
2023-08-17,LOBSTR,1.0,0.0,6,1,0,1,0
2023-08-17,Public Node,1.0,1.0,3,0,0,0,0
2023-08-17,SatoshiPay,1.0,0.973,3,0,0,0,0
2023-08-17,Stellar Development Foundation,1.0,1.0,3,0,0,0,0
2023-08-18,Blockdaemon Inc.,1.0,0.9979,3,0,0,0,0
2023-08-18,COINQVEST LLC,1.0,1.0,3,0,0,0,0
2023-08-18,Franklin Templeton,1.0,0.9979,3,0,0,0,0
2023-08-18,LOBSTR,1.0,0.0,6,1,0,1,0
2023-08-18,Public Node,1.0,1.0,3,0,0,0,0
2023-08-18,SatoshiPay,1.0,0.9417,3,0,0,0,0
2023-08-18,Stellar Development Foundation,1.0,1.0,3,0,0,0,0
2023-08-19,Blockdaemon Inc.,1.0,0.9938,3,0,0,0,0
2023-08-19,COINQVEST LLC,1.0,1.0,3,0,0,0,0
2023-08-19,Franklin Templeton,1.0,1.0,3,0,0,0,0
2023-08-19,LOBSTR,1.0,0.0,6,1,0,1,0
2023-08-19,Public Node,1.0,1.0,3,0,0,0,0
2023-08-19,SatoshiPay,1.0,0.9646,3,0,0,0,0
2023-08-19,Stellar Development Foundation,1.0,1.0,3,0,0,0,0
2023-08-20,Blockdaemon Inc.,1.0,1.0,3,0,0,0,0
2023-08-20,COINQVEST LLC,1.0,1.0,3,0,0,0,0
2023-08-20,Franklin Templeton,1.0,0.9979,3,0,0,0,0
2023-08-20,LOBSTR,1.0,0.0,6,1,0,1,0
2023-08-20,Public Node,1.0,1.0,3,0,0,0,0
2023-08-20,SatoshiPay,0.9833,0.2046,3,1,0,0,0
2023-08-20,Stellar Development Foundation,1.0,1.0,3,0,0,0,0
2023-08-21,Blockdaemon Inc.,1.0,1.0,3,0,0,0,0
2023-08-21,COINQVEST LLC,1.0,1.0,3,0,0,0,0
2023-08-21,Franklin Templeton,1.0,1.0,3,0,0,0,0
2023-08-21,LOBSTR,1.0,0.0,6,1,0,1,0
2023-08-21,Public Node,1.0,1.0,3,0,0,0,0
2023-08-21,SatoshiPay,1.0,0.0,3,1,0,1,0
2023-08-21,Stellar Development Foundation,1.0,1.0,3,0,0,0,0
2023-08-22,Blockdaemon Inc.,1.0,1.0,3,0,0,0,0
2023-08-22,COINQVEST LLC,1.0,1.0,3,0,0,0,0
2023-08-22,Franklin Templeton,1.0,1.0,3,0,0,0,0
2023-08-22,LOBSTR,1.0,0.0,6,1,0,1,0
2023-08-22,Public Node,1.0,1.0,3,0,0,0,0
2023-08-22,SatoshiPay,0.9937,0.0,3,1,0,1,0
2023-08-22,Stellar Development Foundation,1.0,1.0,3,0,0,0,0
2023-08-23,Blockdaemon Inc.,1.0,1.0,3,0,0,0,0
2023-08-23,COINQVEST LLC,1.0,1.0,3,0,0,0,0
2023-08-23,Franklin Templeton,1.0,1.0,3,0,0,0,0
2023-08-23,LOBSTR,1.0,0.0,6,1,0,1,0
2023-08-23,Public Node,1.0,1.0,3,0,0,0,0
2023-08-23,SatoshiPay,0.9667,0.0,3,1,0,1,0
2023-08-23,Stellar Development Foundation,1.0,1.0,3,0,0,0,0
2023-08-24,Blockdaemon Inc.,1.0,1.0,3,0,0,0,0
2023-08-24,COINQVEST LLC,1.0,1.0,3,0,0,0,0
2023-08-24,Franklin Templeton,1.0,1.0,3,0,0,0,0
2023-08-24,LOBSTR,1.0,0.0,6,1,0,1,0
2023-08-24,Public Node,1.0,1.0,3,0,0,0,0
2023-08-24,SatoshiPay,0.9542,0.0,3,1,1,1,0
2023-08-24,Stellar Development Foundation,1.0,1.0,3,0,0,0,0
2023-08-25,Blockdaemon Inc.,1.0,0.9937,3,0,0,0,0
2023-08-25,COINQVEST LLC,1.0,1.0,3,0,0,0,0
2023-08-25,Franklin Templeton,1.0,0.9979,3,0,0,0,0
2023-08-25,LOBSTR,1.0,0.0,6,1,0,1,0
2023-08-25,Public Node,1.0,1.0,3,0,0,0,0
2023-08-25,SatoshiPay,0.9749,0.0,3,1,1,1,0
2023-08-25,Stellar Development Foundation,1.0,1.0,3,0,0,0,0
2023-08-26,Blockdaemon Inc.,1.0,1.0,3,0,0,0,0
2023-08-26,COINQVEST LLC,1.0,1.0,3,0,0,0,0
2023-08-26,Franklin Templeton,1.0,0.9979,3,0,0,0,0
2023-08-26,LOBSTR,1.0,0.0,6,1,0,1,0
2023-08-26,Public Node,1.0,1.0,3,0,0,0,0
2023-08-26,SatoshiPay,0.9938,0.0,3,1,1,1,0
2023-08-26,Stellar Development Foundation,1.0,1.0,3,0,0,0,0
2023-08-27,Blockdaemon Inc.,1.0,1.0,3,0,0,0,0
2023-08-27,COINQVEST LLC,1.0,1.0,3,0,0,0,0
2023-08-27,Franklin Templeton,1.0,1.0,3,0,0,0,0
2023-08-27,LOBSTR,1.0,0.0,6,1,0,1,0
2023-08-27,Public Node,1.0,1.0,3,0,0,0,0
2023-08-27,SatoshiPay,0.9979,0.0,3,1,1,1,0
2023-08-27,Stellar Development Foundation,1.0,1.0,3,0,0,0,0
2023-08-28,Blockdaemon Inc.,1.0,1.0,3,0,0,0,0
2023-08-28,COINQVEST LLC,1.0,1.0,3,0,0,0,0
2023-08-28,Franklin Templeton,1.0,0.9979,3,0,0,0,0
2023-08-28,LOBSTR,1.0,0.0,6,1,0,1,0
2023-08-28,Public Node,1.0,1.0,3,0,0,0,0
2023-08-28,SatoshiPay,0.9958,0.0,3,1,1,1,0
2023-08-28,Stellar Development Foundation,1.0,1.0,3,0,0,0,0
2023-08-29,Blockdaemon Inc.,1.0,1.0,3,0,0,0,0
2023-08-29,COINQVEST LLC,1.0,1.0,3,0,0,0,0
2023-08-29,Franklin Templeton,1.0,0.9958,3,0,0,0,0
2023-08-29,LOBSTR,1.0,0.0,6,1,0,1,0
2023-08-29,Public Node,1.0,1.0,3,0,0,0,0
2023-08-29,SatoshiPay,0.9958,0.0,3,1,1,1,0
2023-08-29,Stellar Development Foundation,1.0,1.0,3,0,0,0,0
2023-08-30,Blockdaemon Inc.,1.0,1.0,3,0,0,0,0
2023-08-30,COINQVEST LLC,1.0,1.0,3,0,0,0,0
2023-08-30,Franklin Templeton,1.0,0.9916,3,0,0,0,0
2023-08-30,LOBSTR,1.0,0.0,6,1,0,1,0
2023-08-30,Public Node,1.0,1.0,3,0,0,0,0
2023-08-30,SatoshiPay,1.0,0.9102,3,0,0,0,0
2023-08-30,Stellar Development Foundation,1.0,0.9624,3,0,0,0,0
2023-08-31,Blockdaemon Inc.,1.0,1.0,3,0,0,0,0
2023-08-31,COINQVEST LLC,1.0,1.0,3,0,0,0,0
2023-08-31,Franklin Templeton,1.0,0.9979,3,0,0,0,0
2023-08-31,LOBSTR,1.0,0.0,6,1,0,1,0
2023-08-31,Public Node,1.0,1.0,3,0,0,0,0
2023-08-31,SatoshiPay,1.0,1.0,3,0,0,0,0
2023-08-31,Stellar Development Foundation,1.0,1.0,3,0,0,0,0
2023-09-01,Blockdaemon Inc.,1.0,1.0,3,0,0,0,0
2023-09-01,COINQVEST LLC,1.0,1.0,3,0,0,0,0
2023-09-01,Franklin Templeton,1.0,1.0,3,0,0,0,0
2023-09-01,LOBSTR,1.0,0.0,6,1,0,1,0
2023-09-01,Public Node,1.0,1.0,3,0,0,0,0
2023-09-01,SatoshiPay,1.0,1.0,3,0,0,0,0
2023-09-01,Stellar Development Foundation,1.0,1.0,3,0,0,0,0
2023-09-02,Blockdaemon Inc.,1.0,1.0,3,0,0,0,0
2023-09-02,COINQVEST LLC,1.0,1.0,3,0,0,0,0
2023-09-02,Franklin Templeton,1.0,0.9958,3,0,0,0,0
2023-09-02,LOBSTR,1.0,0.0,6,1,0,1,0
2023-09-02,Public Node,1.0,1.0,3,0,0,0,0
2023-09-02,SatoshiPay,1.0,0.9792,3,0,0,0,0
2023-09-02,Stellar Development Foundation,1.0,1.0,3,0,0,0,0
2023-09-03,Blockdaemon Inc.,1.0,0.9979,3,0,0,0,0
2023-09-03,COINQVEST LLC,1.0,1.0,3,0,0,0,0
2023-09-03,Franklin Templeton,0.9979,0.9938,3,0,0,0,0
2023-09-03,LOBSTR,1.0,0.0,6,1,0,1,0
2023-09-03,Public Node,1.0,1.0,3,0,0,0,0
2023-09-03,SatoshiPay,1.0,0.9688,3,0,0,0,0
2023-09-03,Stellar Development Foundation,1.0,1.0,3,0,0,0,0
2023-09-04,Blockdaemon Inc.,1.0,1.0,3,0,0,0,0
2023-09-04,COINQVEST LLC,1.0,1.0,3,0,0,0,0
2023-09-04,Franklin Templeton,1.0,0.9958,3,0,0,0,0
2023-09-04,LOBSTR,1.0,0.0,6,1,0,1,0
2023-09-04,Public Node,1.0,1.0,3,0,0,0,0
2023-09-04,SatoshiPay,1.0,0.9979,3,0,0,0,0
2023-09-04,Stellar Development Foundation,1.0,1.0,3,0,0,0,0
2023-09-05,Blockdaemon Inc.,1.0,1.0,3,0,0,0,0
2023-09-05,COINQVEST LLC,1.0,1.0,3,0,0,0,0
2023-09-05,Franklin Templeton,1.0,1.0,3,0,0,0,0
2023-09-05,LOBSTR,1.0,0.0,6,1,0,1,0
2023-09-05,Public Node,1.0,1.0,3,0,0,0,0
2023-09-05,SatoshiPay,1.0,0.9958,3,0,0,0,0
2023-09-05,Stellar Development Foundation,1.0,1.0,3,0,0,0,0
2023-09-06,Blockdaemon Inc.,1.0,1.0,3,0,0,0,0
2023-09-06,COINQVEST LLC,1.0,1.0,3,0,0,0,0
2023-09-06,Franklin Templeton,1.0,0.9979,3,0,0,0,0
2023-09-06,LOBSTR,1.0,0.0,6,1,0,1,0
2023-09-06,Public Node,1.0,1.0,3,0,0,0,0
2023-09-06,SatoshiPay,1.0,0.9979,3,0,0,0,0
2023-09-06,Stellar Development Foundation,1.0,1.0,3,0,0,0,0
2023-09-07,Blockdaemon Inc.,1.0,1.0,3,0,0,0,0
2023-09-07,COINQVEST LLC,1.0,1.0,3,0,0,0,0
2023-09-07,Franklin Templeton,1.0,0.9979,3,0,0,0,0
2023-09-07,LOBSTR,1.0,0.0,6,1,0,1,0
2023-09-07,Public Node,1.0,1.0,3,0,0,0,0
2023-09-07,SatoshiPay,1.0,0.9229,3,0,0,0,0
2023-09-07,Stellar Development Foundation,1.0,1.0,3,0,0,0,0
2023-09-08,Blockdaemon Inc.,1.0,1.0,3,0,0,0,0
2023-09-08,COINQVEST LLC,1.0,1.0,3,0,0,0,0
2023-09-08,Franklin Templeton,1.0,1.0,3,0,0,0,0
2023-09-08,LOBSTR,1.0,0.0,6,1,0,1,0
2023-09-08,Public Node,1.0,1.0,3,0,0,0,0
2023-09-08,SatoshiPay,1.0,0.9979,3,0,0,0,0
2023-09-08,Stellar Development Foundation,1.0,1.0,3,0,0,0,0
2023-09-09,Blockdaemon Inc.,1.0,1.0,3,0,0,0,0
2023-09-09,COINQVEST LLC,1.0,1.0,3,0,0,0,0
2023-09-09,Franklin Templeton,1.0,0.9958,3,0,0,0,0
2023-09-09,LOBSTR,1.0,0.0,6,1,0,1,0
2023-09-09,Public Node,1.0,1.0,3,0,0,0,0
2023-09-09,SatoshiPay,1.0,0.9958,3,0,0,0,0
2023-09-09,Stellar Development Foundation,1.0,1.0,3,0,0,0,0
2023-09-10,Blockdaemon Inc.,1.0,1.0,3,0,0,0,0
2023-09-10,COINQVEST LLC,1.0,1.0,3,0,0,0,0
2023-09-10,Franklin Templeton,1.0,0.9958,3,0,0,0,0
2023-09-10,LOBSTR,1.0,0.0,6,1,0,1,0
2023-09-10,Public Node,1.0,1.0,3,0,0,0,0
2023-09-10,SatoshiPay,1.0,0.9979,3,0,0,0,0
2023-09-10,Stellar Development Foundation,1.0,1.0,3,0,0,0,0
2023-09-11,Blockdaemon Inc.,1.0,1.0,3,0,0,0,0
2023-09-11,COINQVEST LLC,1.0,1.0,3,0,0,0,0
2023-09-11,Franklin Templeton,1.0,1.0,3,0,0,0,0
2023-09-11,LOBSTR,1.0,0.0,6,1,0,1,0
2023-09-11,Public Node,1.0,1.0,3,0,0,0,0
2023-09-11,SatoshiPay,1.0,0.9958,3,0,0,0,0
2023-09-11,Stellar Development Foundation,1.0,1.0,3,0,0,0,0
2023-09-12,Blockdaemon Inc.,1.0,1.0,3,0,0,0,0
2023-09-12,COINQVEST LLC,1.0,1.0,3,0,0,0,0
2023-09-12,Franklin Templeton,1.0,0.9979,3,0,0,0,0
2023-09-12,LOBSTR,1.0,0.0,6,1,0,1,0
2023-09-12,Public Node,1.0,1.0,3,0,0,0,0
2023-09-12,SatoshiPay,1.0,0.9917,3,0,0,0,0
2023-09-12,Stellar Development Foundation,1.0,1.0,3,0,0,0,0
2023-09-13,Blockdaemon Inc.,1.0,0.9979,3,0,0,0,0
2023-09-13,COINQVEST LLC,1.0,1.0,3,0,0,0,0
2023-09-13,Franklin Templeton,1.0,1.0,3,0,0,0,0
2023-09-13,LOBSTR,1.0,0.0,6,1,0,1,0
2023-09-13,Public Node,1.0,0.7229,3,1,0,0,0
2023-09-13,SatoshiPay,1.0,0.9979,3,0,0,0,0
2023-09-13,Stellar Development Foundation,1.0,1.0,3,0,0,0,0
2023-09-14,Blockdaemon Inc.,0.9979,0.9979,3,0,0,0,0
2023-09-14,COINQVEST LLC,0.9979,0.9979,3,0,0,0,0
2023-09-14,Franklin Templeton,0.9875,0.9749,3,1,0,0,0
2023-09-14,LOBSTR,0.9979,0.0,6,1,0,1,0
2023-09-14,Public Node,0.9061,0.7891,3,1,0,0,0
2023-09-14,SatoshiPay,0.9374,0.8518,3,1,0,0,0
2023-09-14,Stellar Development Foundation,0.8601,0.7954,3,1,0,1,0
2023-09-15,Blockdaemon Inc.,1.0,1.0,3,0,0,0,0
2023-09-15,COINQVEST LLC,1.0,1.0,3,0,0,0,0
2023-09-15,Franklin Templeton,0.9875,0.9542,3,1,0,0,0
2023-09-15,LOBSTR,1.0,0.0,6,1,0,1,0
2023-09-15,Public Node,1.0,1.0,3,0,0,0,0
2023-09-15,SatoshiPay,1.0,0.9271,3,0,0,0,0
2023-09-15,Stellar Development Foundation,1.0,1.0,3,0,0,0,0
2023-09-16,Blockdaemon Inc.,1.0,1.0,3,0,0,0,0
2023-09-16,COINQVEST LLC,1.0,1.0,3,0,0,0,0
2023-09-16,Franklin Templeton,1.0,1.0,3,0,0,0,0
2023-09-16,LOBSTR,1.0,0.0,6,1,0,1,0
2023-09-16,Public Node,1.0,1.0,3,0,0,0,0
2023-09-16,SatoshiPay,1.0,0.9813,3,0,0,0,0
2023-09-16,Stellar Development Foundation,1.0,1.0,3,0,0,0,0
2023-09-17,Blockdaemon Inc.,1.0,1.0,3,0,0,0,0
2023-09-17,COINQVEST LLC,1.0,1.0,3,0,0,0,0
2023-09-17,Franklin Templeton,1.0,1.0,3,0,0,0,0
2023-09-17,LOBSTR,1.0,0.0,6,1,0,1,0
2023-09-17,Public Node,1.0,1.0,3,0,0,0,0
2023-09-17,SatoshiPay,1.0,0.9979,3,0,0,0,0
2023-09-17,Stellar Development Foundation,1.0,1.0,3,0,0,0,0
2023-09-18,Blockdaemon Inc.,1.0,1.0,3,0,0,0,0
2023-09-18,COINQVEST LLC,1.0,1.0,3,0,0,0,0
2023-09-18,Franklin Templeton,1.0,0.9979,3,0,0,0,0
2023-09-18,LOBSTR,1.0,0.0,6,1,0,1,0
2023-09-18,Public Node,1.0,1.0,3,0,0,0,0
2023-09-18,SatoshiPay,1.0,0.9958,3,0,0,0,0
2023-09-18,Stellar Development Foundation,1.0,1.0,3,0,0,0,0
2023-09-19,Blockdaemon Inc.,1.0,1.0,3,0,0,0,0
2023-09-19,COINQVEST LLC,1.0,1.0,3,0,0,0,0
2023-09-19,Franklin Templeton,1.0,1.0,3,0,0,0,0
2023-09-19,LOBSTR,1.0,0.0,6,1,0,1,0
2023-09-19,Public Node,1.0,1.0,3,0,0,0,0
2023-09-19,SatoshiPay,1.0,0.9938,3,0,0,0,0
2023-09-19,Stellar Development Foundation,1.0,1.0,3,0,0,0,0
2023-09-20,Blockdaemon Inc.,1.0,1.0,3,0,0,0,0
2023-09-20,COINQVEST LLC,1.0,1.0,3,0,0,0,0
2023-09-20,Franklin Templeton,1.0,1.0,3,0,0,0,0
2023-09-20,LOBSTR,1.0,0.0,6,1,0,1,0
2023-09-20,Public Node,1.0,1.0,3,0,0,0,0
2023-09-20,SatoshiPay,1.0,0.9958,3,0,0,0,0
2023-09-20,Stellar Development Foundation,1.0,1.0,3,0,0,0,0
2023-09-21,Blockdaemon Inc.,1.0,1.0,3,0,0,0,0
2023-09-21,COINQVEST LLC,1.0,1.0,3,0,0,0,0
2023-09-21,Franklin Templeton,1.0,0.9938,3,0,0,0,0
2023-09-21,LOBSTR,1.0,0.0,6,1,0,1,0
2023-09-21,Public Node,1.0,1.0,3,0,0,0,0
2023-09-21,SatoshiPay,1.0,0.9979,3,0,0,0,0
2023-09-21,Stellar Development Foundation,1.0,1.0,3,0,0,0,0
2023-09-22,Blockdaemon Inc.,1.0,1.0,3,0,0,0,0
2023-09-22,COINQVEST LLC,1.0,1.0,3,0,0,0,0
2023-09-22,Franklin Templeton,1.0,1.0,3,0,0,0,0
2023-09-22,LOBSTR,1.0,0.0,6,1,0,1,0
2023-09-22,Public Node,1.0,1.0,3,0,0,0,0
2023-09-22,SatoshiPay,1.0,0.9958,3,0,0,0,0
2023-09-22,Stellar Development Foundation,1.0,1.0,3,0,0,0,0
2023-09-23,Blockdaemon Inc.,1.0,1.0,3,0,0,0,0
2023-09-23,COINQVEST LLC,1.0,1.0,3,0,0,0,0
2023-09-23,Franklin Templeton,1.0,1.0,3,0,0,0,0
2023-09-23,LOBSTR,1.0,0.0,6,1,0,1,0
2023-09-23,Public Node,1.0,1.0,3,0,0,0,0
2023-09-23,SatoshiPay,1.0,0.9958,3,0,0,0,0
2023-09-23,Stellar Development Foundation,1.0,1.0,3,0,0,0,0
2023-09-24,Blockdaemon Inc.,1.0,1.0,3,0,0,0,0
2023-09-24,COINQVEST LLC,1.0,1.0,3,0,0,0,0
2023-09-24,Franklin Templeton,1.0,1.0,3,0,0,0,0
2023-09-24,LOBSTR,1.0,0.0,6,1,0,1,0
2023-09-24,Public Node,1.0,1.0,3,0,0,0,0
2023-09-24,SatoshiPay,1.0,0.9979,3,0,0,0,0
2023-09-24,Stellar Development Foundation,1.0,1.0,3,0,0,0,0
2023-09-25,Blockdaemon Inc.,1.0,1.0,3,0,0,0,0
2023-09-25,COINQVEST LLC,1.0,1.0,3,0,0,0,0
2023-09-25,Franklin Templeton,1.0,1.0,3,0,0,0,0
2023-09-25,LOBSTR,1.0,0.0,6,1,0,1,0
2023-09-25,Public Node,1.0,1.0,3,0,0,0,0
2023-09-25,SatoshiPay,1.0,0.9979,3,0,0,0,0
2023-09-25,Stellar Development Foundation,1.0,1.0,3,0,0,0,0
2023-09-26,Blockdaemon Inc.,1.0,1.0,3,0,0,0,0
2023-09-26,COINQVEST LLC,1.0,1.0,3,0,0,0,0
2023-09-26,Franklin Templeton,1.0,0.9979,3,0,0,0,0
2023-09-26,LOBSTR,1.0,0.0,6,1,0,1,0
2023-09-26,Public Node,1.0,1.0,3,0,0,0,0
2023-09-26,SatoshiPay,1.0,0.9938,3,0,0,0,0
2023-09-26,Stellar Development Foundation,1.0,1.0,3,0,0,0,0
2023-09-27,Blockdaemon Inc.,1.0,1.0,3,0,0,0,0
2023-09-27,COINQVEST LLC,1.0,1.0,3,0,0,0,0
2023-09-27,Franklin Templeton,1.0,0.9938,3,0,0,0,0
2023-09-27,LOBSTR,1.0,0.0,6,1,0,1,0
2023-09-27,Public Node,1.0,1.0,3,0,0,0,0
2023-09-27,SatoshiPay,1.0,0.9917,3,0,0,0,0
2023-09-27,Stellar Development Foundation,1.0,1.0,3,0,0,0,0
2023-09-28,Blockdaemon Inc.,1.0,1.0,3,0,0,0,0
2023-09-28,COINQVEST LLC,1.0,1.0,3,0,0,0,0
2023-09-28,Franklin Templeton,1.0,1.0,3,0,0,0,0
2023-09-28,LOBSTR,1.0,0.0,6,1,0,1,0
2023-09-28,Public Node,1.0,1.0,3,0,0,0,0
2023-09-28,SatoshiPay,1.0,0.9958,3,0,0,0,0
2023-09-28,Stellar Development Foundation,1.0,1.0,3,0,0,0,0
2023-09-29,Blockdaemon Inc.,1.0,1.0,3,0,0,0,0
2023-09-29,COINQVEST LLC,1.0,1.0,3,0,0,0,0
2023-09-29,Franklin Templeton,1.0,0.9979,3,0,0,0,0
2023-09-29,LOBSTR,1.0,0.0,6,1,0,1,0
2023-09-29,Public Node,1.0,1.0,3,0,0,0,0
2023-09-29,SatoshiPay,1.0,1.0,3,0,0,0,0
2023-09-29,Stellar Development Foundation,1.0,1.0,3,0,0,0,0
2023-09-30,Blockdaemon Inc.,1.0,1.0,3,0,0,0,0
2023-09-30,COINQVEST LLC,1.0,1.0,3,0,0,0,0
2023-09-30,Franklin Templeton,1.0,1.0,3,0,0,0,0
2023-09-30,LOBSTR,1.0,0.0,6,1,0,1,0
2023-09-30,Public Node,1.0,1.0,3,0,0,0,0
2023-09-30,SatoshiPay,1.0,0.9792,3,0,0,0,0
2023-09-30,Stellar Development Foundation,1.0,1.0,3,0,0,0,0
2023-10-01,Blockdaemon Inc.,1.0,1.0,3,0,0,0,0
2023-10-01,COINQVEST LLC,1.0,1.0,3,0,0,0,0
2023-10-01,Franklin Templeton,1.0,1.0,3,0,0,0,0
2023-10-01,LOBSTR,1.0,0.0,6,1,0,1,0
2023-10-01,Public Node,1.0,1.0,3,0,0,0,0
2023-10-01,SatoshiPay,1.0,0.9938,3,0,0,0,0
2023-10-01,Stellar Development Foundation,1.0,1.0,3,0,0,0,0
2023-10-02,Blockdaemon Inc.,1.0,1.0,3,0,0,0,0
2023-10-02,COINQVEST LLC,1.0,1.0,3,0,0,0,0
2023-10-02,Franklin Templeton,1.0,1.0,3,0,0,0,0
2023-10-02,LOBSTR,1.0,0.0,6,1,0,1,0
2023-10-02,Public Node,1.0,1.0,3,0,0,0,0
2023-10-02,SatoshiPay,1.0,0.9854,3,0,0,0,0
2023-10-02,Stellar Development Foundation,1.0,1.0,3,0,0,0,0
2023-10-03,Blockdaemon Inc.,1.0,1.0,3,0,0,0,0
2023-10-03,COINQVEST LLC,1.0,1.0,3,0,0,0,0
2023-10-03,Franklin Templeton,0.9979,0.1294,3,1,0,0,0
2023-10-03,LOBSTR,1.0,0.0,6,1,0,1,0
2023-10-03,Public Node,1.0,1.0,3,0,0,0,0
2023-10-03,SatoshiPay,1.0,0.9854,3,0,0,0,0
2023-10-03,Stellar Development Foundation,1.0,1.0,3,0,0,0,0
2023-10-04,Blockdaemon Inc.,1.0,1.0,3,0,0,0,0
2023-10-04,COINQVEST LLC,1.0,1.0,3,0,0,0,0
2023-10-04,Franklin Templeton,0.9958,0.0,3,1,0,1,0
2023-10-04,LOBSTR,1.0,0.0,6,1,0,1,0
2023-10-04,Public Node,1.0,1.0,3,0,0,0,0
2023-10-04,SatoshiPay,1.0,0.9834,3,0,0,0,0
2023-10-04,Stellar Development Foundation,1.0,1.0,3,0,0,0,0
2023-10-05,Blockdaemon Inc.,1.0,1.0,3,0,0,0,0
2023-10-05,COINQVEST LLC,1.0,1.0,3,0,0,0,0
2023-10-05,Franklin Templeton,0.9979,0.0,3,1,0,1,0
2023-10-05,LOBSTR,1.0,0.0,6,1,0,1,0
2023-10-05,Public Node,1.0,1.0,3,0,0,0,0
2023-10-05,SatoshiPay,1.0,0.9937,3,0,0,0,0
2023-10-05,Stellar Development Foundation,1.0,1.0,3,0,0,0,0
2023-10-06,Blockdaemon Inc.,1.0,1.0,3,0,0,0,0
2023-10-06,COINQVEST LLC,1.0,1.0,3,0,0,0,0
2023-10-06,Franklin Templeton,0.9979,0.2125,3,1,0,0,0
2023-10-06,LOBSTR,1.0,0.0,6,1,0,1,0
2023-10-06,Public Node,1.0,1.0,3,0,0,0,0
2023-10-06,SatoshiPay,1.0,0.9563,3,0,0,0,0
2023-10-06,Stellar Development Foundation,1.0,1.0,3,0,0,0,0
2023-10-07,Blockdaemon Inc.,1.0,1.0,3,0,0,0,0
2023-10-07,COINQVEST LLC,1.0,1.0,3,0,0,0,0
2023-10-07,Franklin Templeton,1.0,0.0021,3,1,0,1,0
2023-10-07,LOBSTR,1.0,0.0,6,1,0,1,0
2023-10-07,Public Node,1.0,1.0,3,0,0,0,0
2023-10-07,SatoshiPay,1.0,0.9917,3,0,0,0,0
2023-10-07,Stellar Development Foundation,1.0,1.0,3,0,0,0,0
2023-10-08,Blockdaemon Inc.,1.0,1.0,3,0,0,0,0
2023-10-08,COINQVEST LLC,1.0,1.0,3,0,0,0,0
2023-10-08,Franklin Templeton,1.0,0.2349,3,1,0,0,0
2023-10-08,LOBSTR,1.0,0.0,6,1,0,1,0
2023-10-08,Public Node,1.0,1.0,3,0,0,0,0
2023-10-08,SatoshiPay,1.0,0.9938,3,0,0,0,0
2023-10-08,Stellar Development Foundation,1.0,1.0,3,0,0,0,0
2023-10-09,Blockdaemon Inc.,1.0,1.0,3,0,0,0,0
2023-10-09,COINQVEST LLC,1.0,1.0,3,0,0,0,0
2023-10-09,Franklin Templeton,1.0,0.2646,3,1,0,0,0
2023-10-09,LOBSTR,1.0,0.0,6,1,0,1,0
2023-10-09,Public Node,1.0,1.0,3,0,0,0,0
2023-10-09,SatoshiPay,0.9979,0.9396,3,0,0,0,0
2023-10-09,Stellar Development Foundation,1.0,1.0,3,0,0,0,0
2023-10-10,Blockdaemon Inc.,1.0,1.0,3,0,0,0,0
2023-10-10,COINQVEST LLC,1.0,1.0,3,0,0,0,0
2023-10-10,Franklin Templeton,1.0,0.5491,3,1,0,0,0
2023-10-10,LOBSTR,1.0,0.0,6,1,0,1,0
2023-10-10,Public Node,1.0,1.0,3,0,0,0,0
2023-10-10,SatoshiPay,1.0,0.9749,3,0,0,0,0
2023-10-10,Stellar Development Foundation,1.0,1.0,3,0,0,0,0
2023-10-11,Blockdaemon Inc.,1.0,1.0,3,0,0,0,0
2023-10-11,COINQVEST LLC,1.0,1.0,3,0,0,0,0
2023-10-11,Franklin Templeton,1.0,1.0,3,0,0,0,0
2023-10-11,LOBSTR,1.0,0.0,6,1,0,1,0
2023-10-11,Public Node,1.0,1.0,3,0,0,0,0
2023-10-11,SatoshiPay,1.0,0.9937,3,0,0,0,0
2023-10-11,Stellar Development Foundation,1.0,1.0,3,0,0,0,0
2023-10-12,Blockdaemon Inc.,1.0,1.0,3,0,0,0,0
2023-10-12,COINQVEST LLC,1.0,1.0,3,0,0,0,0
2023-10-12,Franklin Templeton,1.0,1.0,3,0,0,0,0
2023-10-12,LOBSTR,1.0,0.0,6,1,0,1,0
2023-10-12,Public Node,1.0,1.0,3,0,0,0,0
2023-10-12,SatoshiPay,1.0,0.9875,3,0,0,0,0
2023-10-12,Stellar Development Foundation,1.0,1.0,3,0,0,0,0
2023-10-13,Blockdaemon Inc.,1.0,1.0,3,0,0,0,0
2023-10-13,COINQVEST LLC,1.0,1.0,3,0,0,0,0
2023-10-13,Franklin Templeton,1.0,1.0,3,0,0,0,0
2023-10-13,LOBSTR,1.0,0.0,6,1,0,1,0
2023-10-13,Public Node,1.0,1.0,3,0,0,0,0
2023-10-13,SatoshiPay,1.0,0.9979,3,0,0,0,0
2023-10-13,Stellar Development Foundation,1.0,1.0,3,0,0,0,0
2023-10-14,Blockdaemon Inc.,1.0,0.9979,3,0,0,0,0
2023-10-14,COINQVEST LLC,1.0,1.0,3,0,0,0,0
2023-10-14,Franklin Templeton,1.0,1.0,3,0,0,0,0
2023-10-14,LOBSTR,1.0,0.0,6,1,0,1,0
2023-10-14,Public Node,1.0,1.0,3,0,0,0,0
2023-10-14,SatoshiPay,1.0,0.9958,3,0,0,0,0
2023-10-14,Stellar Development Foundation,1.0,1.0,3,0,0,0,0
2023-10-15,Blockdaemon Inc.,1.0,1.0,3,0,0,0,0
2023-10-15,COINQVEST LLC,1.0,1.0,3,0,0,0,0
2023-10-15,Franklin Templeton,1.0,0.9979,3,0,0,0,0
2023-10-15,LOBSTR,1.0,0.0,6,1,0,1,0
2023-10-15,Public Node,1.0,1.0,3,0,0,0,0
2023-10-15,SatoshiPay,1.0,0.9896,3,0,0,0,0
2023-10-15,Stellar Development Foundation,1.0,1.0,3,0,0,0,0
2023-10-16,Blockdaemon Inc.,1.0,1.0,3,0,0,0,0
2023-10-16,COINQVEST LLC,1.0,1.0,3,0,0,0,0
2023-10-16,Franklin Templeton,1.0,1.0,3,0,0,0,0
2023-10-16,LOBSTR,1.0,0.0,6,1,0,1,0
2023-10-16,Public Node,1.0,1.0,3,0,0,0,0
2023-10-16,SatoshiPay,1.0,0.9791,3,0,0,0,0
2023-10-16,Stellar Development Foundation,1.0,1.0,3,0,0,0,0
2023-10-17,Blockdaemon Inc.,1.0,0.9979,3,0,0,0,0
2023-10-17,COINQVEST LLC,1.0,1.0,3,0,0,0,0
2023-10-17,Franklin Templeton,1.0,0.9979,3,0,0,0,0
2023-10-17,LOBSTR,1.0,0.0,6,1,0,1,0
2023-10-17,Public Node,1.0,1.0,3,0,0,0,0
2023-10-17,SatoshiPay,0.9979,0.9917,3,0,0,0,0
2023-10-17,Stellar Development Foundation,1.0,1.0,3,0,0,0,0
2023-10-18,Blockdaemon Inc.,1.0,1.0,3,0,0,0,0
2023-10-18,COINQVEST LLC,1.0,1.0,3,0,0,0,0
2023-10-18,Franklin Templeton,1.0,1.0,3,0,0,0,0
2023-10-18,LOBSTR,1.0,0.0,6,1,0,1,0
2023-10-18,Public Node,1.0,1.0,3,0,0,0,0
2023-10-18,SatoshiPay,0.9979,0.9792,3,0,0,0,0
2023-10-18,Stellar Development Foundation,1.0,1.0,3,0,0,0,0
2023-10-19,Blockdaemon Inc.,1.0,1.0,3,0,0,0,0
2023-10-19,COINQVEST LLC,1.0,1.0,3,0,0,0,0
2023-10-19,Franklin Templeton,1.0,1.0,3,0,0,0,0
2023-10-19,LOBSTR,1.0,0.0,6,1,0,1,0
2023-10-19,Public Node,1.0,1.0,3,0,0,0,0
2023-10-19,SatoshiPay,1.0,0.9894,3,0,0,0,0
2023-10-19,Stellar Development Foundation,1.0,1.0,3,0,0,0,0
2023-10-20,Blockdaemon Inc.,1.0,1.0,3,0,0,0,0
2023-10-20,COINQVEST LLC,1.0,1.0,3,0,0,0,0
2023-10-20,Franklin Templeton,1.0,0.9979,3,0,0,0,0
2023-10-20,LOBSTR,1.0,0.0,6,1,0,1,0
2023-10-20,Public Node,1.0,1.0,3,0,0,0,0
2023-10-20,SatoshiPay,1.0,0.9688,3,0,0,0,0
2023-10-20,Stellar Development Foundation,1.0,1.0,3,0,0,0,0
2023-10-21,Blockdaemon Inc.,1.0,1.0,3,0,0,0,0
2023-10-21,COINQVEST LLC,1.0,1.0,3,0,0,0,0
2023-10-21,Franklin Templeton,1.0,1.0,3,0,0,0,0
2023-10-21,LOBSTR,1.0,0.0,6,1,0,1,0
2023-10-21,Public Node,1.0,1.0,3,0,0,0,0
2023-10-21,SatoshiPay,1.0,0.9938,3,0,0,0,0
2023-10-21,Stellar Development Foundation,1.0,1.0,3,0,0,0,0
2023-10-22,Blockdaemon Inc.,1.0,1.0,3,0,0,0,0
2023-10-22,COINQVEST LLC,1.0,1.0,3,0,0,0,0
2023-10-22,Franklin Templeton,1.0,1.0,3,0,0,0,0
2023-10-22,LOBSTR,1.0,0.0,6,1,0,1,0
2023-10-22,Public Node,1.0,1.0,3,0,0,0,0
2023-10-22,SatoshiPay,1.0,0.9792,3,0,0,0,0
2023-10-22,Stellar Development Foundation,1.0,1.0,3,0,0,0,0
2023-10-23,Blockdaemon Inc.,1.0,1.0,3,0,0,0,0
2023-10-23,COINQVEST LLC,1.0,1.0,3,0,0,0,0
2023-10-23,Franklin Templeton,1.0,1.0,3,0,0,0,0
2023-10-23,LOBSTR,1.0,0.0,6,1,0,1,0
2023-10-23,Public Node,1.0,1.0,3,0,0,0,0
2023-10-23,SatoshiPay,1.0,0.9771,3,0,0,0,0
2023-10-23,Stellar Development Foundation,1.0,1.0,3,0,0,0,0
2023-10-24,Blockdaemon Inc.,1.0,0.9979,3,0,0,0,0
2023-10-24,COINQVEST LLC,1.0,1.0,3,0,0,0,0
2023-10-24,Franklin Templeton,1.0,1.0,3,0,0,0,0
2023-10-24,LOBSTR,1.0,0.0,6,1,0,1,0
2023-10-24,Public Node,1.0,1.0,3,0,0,0,0
2023-10-24,SatoshiPay,1.0,0.9958,3,0,0,0,0
2023-10-24,Stellar Development Foundation,1.0,1.0,3,0,0,0,0
2023-10-25,Blockdaemon Inc.,1.0,1.0,3,0,0,0,0
2023-10-25,COINQVEST LLC,1.0,1.0,3,0,0,0,0
2023-10-25,Franklin Templeton,1.0,1.0,3,0,0,0,0
2023-10-25,LOBSTR,1.0,0.0,6,1,0,1,0
2023-10-25,Public Node,1.0,1.0,3,0,0,0,0
2023-10-25,SatoshiPay,1.0,0.9749,3,0,0,0,0
2023-10-25,Stellar Development Foundation,1.0,1.0,3,0,0,0,0
2023-10-26,Blockdaemon Inc.,1.0,1.0,3,0,0,0,0
2023-10-26,COINQVEST LLC,1.0,1.0,3,0,0,0,0
2023-10-26,Franklin Templeton,1.0,1.0,3,0,0,0,0
2023-10-26,LOBSTR,1.0,0.0,6,1,0,1,0
2023-10-26,Public Node,1.0,1.0,3,0,0,0,0
2023-10-26,SatoshiPay,1.0,0.9272,3,0,0,0,0
2023-10-26,Stellar Development Foundation,1.0,1.0,3,0,0,0,0
2023-10-27,Blockdaemon Inc.,1.0,1.0,3,0,0,0,0
2023-10-27,COINQVEST LLC,1.0,1.0,3,0,0,0,0
2023-10-27,Franklin Templeton,1.0,1.0,3,0,0,0,0
2023-10-27,LOBSTR,1.0,0.0,6,1,0,1,0
2023-10-27,Public Node,1.0,1.0,3,0,0,0,0
2023-10-27,SatoshiPay,1.0,0.9375,3,0,0,0,0
2023-10-27,Stellar Development Foundation,1.0,1.0,3,0,0,0,0
2023-10-28,Blockdaemon Inc.,1.0,1.0,3,0,0,0,0
2023-10-28,COINQVEST LLC,1.0,1.0,3,0,0,0,0
2023-10-28,Franklin Templeton,1.0,1.0,3,0,0,0,0
2023-10-28,LOBSTR,1.0,0.0,6,1,0,1,0
2023-10-28,Public Node,1.0,1.0,3,0,0,0,0
2023-10-28,SatoshiPay,1.0,1.0,3,0,0,0,0
2023-10-28,Stellar Development Foundation,1.0,1.0,3,0,0,0,0
2023-10-29,Blockdaemon Inc.,1.0,1.0,3,0,0,0,0
2023-10-29,COINQVEST LLC,1.0,1.0,3,0,0,0,0
2023-10-29,Franklin Templeton,1.0,0.9979,3,0,0,0,0
2023-10-29,LOBSTR,1.0,0.0,6,1,0,1,0
2023-10-29,Public Node,1.0,1.0,3,0,0,0,0
2023-10-29,SatoshiPay,1.0,0.9979,3,0,0,0,0
2023-10-29,Stellar Development Foundation,1.0,1.0,3,0,0,0,0
2023-10-30,Blockdaemon Inc.,1.0,1.0,3,0,0,0,0
2023-10-30,COINQVEST LLC,1.0,1.0,3,0,0,0,0
2023-10-30,Franklin Templeton,1.0,0.9958,3,0,0,0,0
2023-10-30,LOBSTR,1.0,0.0,6,1,0,1,0
2023-10-30,Public Node,1.0,1.0,3,0,0,0,0
2023-10-30,SatoshiPay,1.0,0.9979,3,0,0,0,0
2023-10-30,Stellar Development Foundation,1.0,1.0,3,0,0,0,0
2023-10-31,Blockdaemon Inc.,1.0,1.0,3,0,0,0,0
2023-10-31,COINQVEST LLC,1.0,1.0,3,0,0,0,0
2023-10-31,Franklin Templeton,1.0,0.9626,3,0,0,0,0
2023-10-31,LOBSTR,1.0,0.0,6,1,0,1,0
2023-10-31,Public Node,1.0,1.0,3,0,0,0,0
2023-10-31,SatoshiPay,1.0,0.9979,3,0,0,0,0
2023-10-31,Stellar Development Foundation,1.0,1.0,3,0,0,0,0
2023-11-01,Blockdaemon Inc.,1.0,1.0,3,0,0,0,0
2023-11-01,COINQVEST LLC,1.0,1.0,3,0,0,0,0
2023-11-01,Franklin Templeton,1.0,0.9979,3,0,0,0,0
2023-11-01,LOBSTR,1.0,0.0,6,1,0,1,0
2023-11-01,Public Node,1.0,1.0,3,0,0,0,0
2023-11-01,SatoshiPay,1.0,0.9979,3,0,0,0,0
2023-11-01,Stellar Development Foundation,1.0,1.0,3,0,0,0,0
2023-11-02,Blockdaemon Inc.,1.0,1.0,3,0,0,0,0
2023-11-02,COINQVEST LLC,1.0,0.9875,3,0,0,0,0
2023-11-02,Franklin Templeton,1.0,0.9667,3,0,0,0,0
2023-11-02,LOBSTR,1.0,0.0,6,1,0,1,0
2023-11-02,Public Node,1.0,1.0,3,0,0,0,0
2023-11-02,SatoshiPay,1.0,0.9917,3,0,0,0,0
2023-11-02,Stellar Development Foundation,1.0,1.0,3,0,0,0,0
2023-11-03,Blockdaemon Inc.,1.0,1.0,3,0,0,0,0
2023-11-03,COINQVEST LLC,1.0,1.0,3,0,0,0,0
2023-11-03,Franklin Templeton,1.0,0.9541,3,0,0,0,0
2023-11-03,LOBSTR,1.0,0.0,6,1,0,1,0
2023-11-03,Public Node,1.0,1.0,3,0,0,0,0
2023-11-03,SatoshiPay,1.0,0.9979,3,0,0,0,0
2023-11-03,Stellar Development Foundation,1.0,1.0,3,0,0,0,0
2023-11-04,Blockdaemon Inc.,1.0,1.0,3,0,0,0,0
2023-11-04,COINQVEST LLC,1.0,1.0,3,0,0,0,0
2023-11-04,Franklin Templeton,1.0,0.9958,3,0,0,0,0
2023-11-04,LOBSTR,1.0,0.0,6,1,0,1,0
2023-11-04,Public Node,1.0,1.0,3,0,0,0,0
2023-11-04,SatoshiPay,1.0,0.9979,3,0,0,0,0
2023-11-04,Stellar Development Foundation,1.0,1.0,3,0,0,0,0
2023-11-05,Blockdaemon Inc.,1.0,1.0,3,0,0,0,0
2023-11-05,COINQVEST LLC,1.0,1.0,3,0,0,0,0
2023-11-05,Franklin Templeton,1.0,0.9896,3,0,0,0,0
2023-11-05,LOBSTR,1.0,0.0,6,1,0,1,0
2023-11-05,Public Node,1.0,1.0,3,0,0,0,0
2023-11-05,SatoshiPay,1.0,0.9979,3,0,0,0,0
2023-11-05,Stellar Development Foundation,1.0,1.0,3,0,0,0,0
2023-11-06,Blockdaemon Inc.,1.0,0.9979,3,0,0,0,0
2023-11-06,COINQVEST LLC,1.0,0.9917,3,0,0,0,0
2023-11-06,Franklin Templeton,1.0,0.9896,3,0,0,0,0
2023-11-06,LOBSTR,1.0,0.0,6,1,0,1,0
2023-11-06,Public Node,1.0,1.0,3,0,0,0,0
2023-11-06,SatoshiPay,1.0,0.9979,3,0,0,0,0
2023-11-06,Stellar Development Foundation,1.0,1.0,3,0,0,0,0
2023-11-07,Blockdaemon Inc.,1.0,0.9938,3,0,0,0,0
2023-11-07,COINQVEST LLC,1.0,1.0,3,0,0,0,0
2023-11-07,Franklin Templeton,1.0,0.9896,3,0,0,0,0
2023-11-07,LOBSTR,1.0,0.0,6,1,0,1,0
2023-11-07,Public Node,1.0,1.0,3,0,0,0,0
2023-11-07,SatoshiPay,1.0,1.0,3,0,0,0,0
2023-11-07,Stellar Development Foundation,1.0,1.0,3,0,0,0,0
2023-11-08,Blockdaemon Inc.,1.0,1.0,3,0,0,0,0
2023-11-08,COINQVEST LLC,0.9974,1.0,3,0,0,0,0
2023-11-08,Franklin Templeton,1.0,0.9979,3,0,0,0,0
2023-11-08,LOBSTR,1.0,0.0,6,1,0,1,0
2023-11-08,Public Node,1.0,1.0,3,0,0,0,0
2023-11-08,SatoshiPay,1.0,0.9875,3,0,0,0,0
2023-11-08,Stellar Development Foundation,1.0,1.0,3,0,0,0,0
2023-11-09,Blockdaemon Inc.,1.0,1.0,3,0,0,0,0
2023-11-09,COINQVEST LLC,,1.0,3,0,0,0,0
2023-11-09,Franklin Templeton,1.0,0.9938,3,0,0,0,0
2023-11-09,LOBSTR,1.0,0.0,6,1,0,1,0
2023-11-09,Public Node,1.0,1.0,3,0,0,0,0
2023-11-09,SatoshiPay,1.0,0.9729,3,0,0,0,0
2023-11-09,Stellar Development Foundation,1.0,1.0,3,0,0,0,0
2023-11-10,Blockdaemon Inc.,1.0,1.0,3,0,0,0,0
2023-11-10,COINQVEST LLC,,1.0,3,0,0,0,0
2023-11-10,Franklin Templeton,1.0,0.9958,3,0,0,0,0
2023-11-10,LOBSTR,1.0,0.0,6,1,0,1,0
2023-11-10,Public Node,1.0,1.0,3,0,0,0,0
2023-11-10,SatoshiPay,1.0,0.9938,3,0,0,0,0
2023-11-10,Stellar Development Foundation,1.0,1.0,3,0,0,0,0
2023-11-11,Blockdaemon Inc.,1.0,1.0,3,0,0,0,0
2023-11-11,COINQVEST LLC,,1.0,3,0,0,0,0
2023-11-11,Franklin Templeton,1.0,0.9979,3,0,0,0,0
2023-11-11,LOBSTR,1.0,0.0,6,1,0,1,0
2023-11-11,Public Node,1.0,1.0,3,0,0,0,0
2023-11-11,SatoshiPay,1.0,0.9667,3,0,0,0,0
2023-11-11,Stellar Development Foundation,1.0,1.0,3,0,0,0,0
2023-11-12,Blockdaemon Inc.,1.0,1.0,3,0,0,0,0
2023-11-12,COINQVEST LLC,,1.0,3,0,0,0,0
2023-11-12,Franklin Templeton,1.0,0.9958,3,0,0,0,0
2023-11-12,LOBSTR,1.0,0.0,6,1,0,1,0
2023-11-12,Public Node,1.0,1.0,3,0,0,0,0
2023-11-12,SatoshiPay,1.0,0.9896,3,0,0,0,0
2023-11-12,Stellar Development Foundation,1.0,1.0,3,0,0,0,0
2023-11-13,Blockdaemon Inc.,1.0,1.0,3,0,0,0,0
2023-11-13,COINQVEST LLC,,1.0,3,0,0,0,0
2023-11-13,Franklin Templeton,1.0,0.9938,3,0,0,0,0
2023-11-13,LOBSTR,1.0,0.0,6,1,0,1,0
2023-11-13,Public Node,1.0,1.0,3,0,0,0,0
2023-11-13,SatoshiPay,0.9979,0.9354,3,0,0,0,0
2023-11-13,Stellar Development Foundation,1.0,1.0,3,0,0,0,0
2023-11-14,Blockdaemon Inc.,1.0,1.0,3,0,0,0,0
2023-11-14,COINQVEST LLC,,1.0,3,0,0,0,0
2023-11-14,Franklin Templeton,1.0,1.0,3,0,0,0,0
2023-11-14,LOBSTR,1.0,0.0,6,1,0,1,0
2023-11-14,Public Node,1.0,1.0,3,0,0,0,0
2023-11-14,SatoshiPay,1.0,0.9208,3,0,0,0,0
2023-11-14,Stellar Development Foundation,1.0,1.0,3,0,0,0,0
2023-11-15,Blockdaemon Inc.,1.0,1.0,3,0,0,0,0
2023-11-15,COINQVEST LLC,,1.0,3,0,0,0,0
2023-11-15,Franklin Templeton,1.0,0.9958,3,0,0,0,0
2023-11-15,LOBSTR,1.0,0.0,6,1,0,1,0
2023-11-15,Public Node,1.0,1.0,3,0,0,0,0
2023-11-15,SatoshiPay,1.0,0.9375,3,0,0,0,0
2023-11-15,Stellar Development Foundation,1.0,1.0,3,0,0,0,0
2023-11-16,Blockdaemon Inc.,1.0,1.0,3,0,0,0,0
2023-11-16,COINQVEST LLC,,1.0,3,0,0,0,0
2023-11-16,Franklin Templeton,1.0,0.9958,3,0,0,0,0
2023-11-16,LOBSTR,1.0,0.0,6,1,0,1,0
2023-11-16,Public Node,1.0,1.0,3,0,0,0,0
2023-11-16,SatoshiPay,1.0,0.95,3,0,0,0,0
2023-11-16,Stellar Development Foundation,1.0,1.0,3,0,0,0,0
2023-11-17,Blockdaemon Inc.,1.0,1.0,3,0,0,0,0
2023-11-17,COINQVEST LLC,,1.0,3,0,0,0,0
2023-11-17,Franklin Templeton,1.0,1.0,3,0,0,0,0
2023-11-17,LOBSTR,1.0,0.0,6,1,0,1,0
2023-11-17,Public Node,1.0,1.0,3,0,0,0,0
2023-11-17,SatoshiPay,1.0,0.9187,3,0,0,0,0
2023-11-17,Stellar Development Foundation,1.0,1.0,3,0,0,0,0
2023-11-18,Blockdaemon Inc.,1.0,1.0,3,0,0,0,0
2023-11-18,COINQVEST LLC,,1.0,3,0,0,0,0
2023-11-18,Franklin Templeton,1.0,0.9979,3,0,0,0,0
2023-11-18,LOBSTR,1.0,0.0,6,1,0,1,0
2023-11-18,Public Node,1.0,1.0,3,0,0,0,0
2023-11-18,SatoshiPay,1.0,0.9499,3,0,0,0,0
2023-11-18,Stellar Development Foundation,1.0,1.0,3,0,0,0,0
2023-11-19,Blockdaemon Inc.,1.0,1.0,3,0,0,0,0
2023-11-19,COINQVEST LLC,,1.0,3,0,0,0,0
2023-11-19,Franklin Templeton,1.0,1.0,3,0,0,0,0
2023-11-19,LOBSTR,1.0,0.0,6,1,0,1,0
2023-11-19,Public Node,1.0,1.0,3,0,0,0,0
2023-11-19,SatoshiPay,0.9979,0.9812,3,0,0,0,0
2023-11-19,Stellar Development Foundation,1.0,1.0,3,0,0,0,0
2023-11-20,Blockdaemon Inc.,1.0,1.0,3,0,0,0,0
2023-11-20,COINQVEST LLC,,1.0,3,0,0,0,0
2023-11-20,Franklin Templeton,1.0,0.9979,3,0,0,0,0
2023-11-20,LOBSTR,1.0,0.0,6,1,0,1,0
2023-11-20,Public Node,1.0,1.0,3,0,0,0,0
2023-11-20,SatoshiPay,0.9979,0.9543,3,0,0,0,0
2023-11-20,Stellar Development Foundation,1.0,1.0,3,0,0,0,0
2023-11-21,Blockdaemon Inc.,1.0,1.0,3,0,0,0,0
2023-11-21,COINQVEST LLC,,1.0,3,0,0,0,0
2023-11-21,Franklin Templeton,1.0,0.9938,3,0,0,0,0
2023-11-21,LOBSTR,1.0,0.0,6,1,0,1,0
2023-11-21,Public Node,1.0,1.0,3,0,0,0,0
2023-11-21,SatoshiPay,0.9958,0.8979,3,1,0,0,0
2023-11-21,Stellar Development Foundation,1.0,1.0,3,0,0,0,0
2023-11-22,Blockdaemon Inc.,1.0,1.0,3,0,0,0,0
2023-11-22,COINQVEST LLC,,1.0,3,0,0,0,0
2023-11-22,Franklin Templeton,1.0,0.5458,3,1,0,0,0
2023-11-22,LOBSTR,1.0,0.0,6,1,0,1,0
2023-11-22,Public Node,1.0,1.0,3,0,0,0,0
2023-11-22,SatoshiPay,0.9979,0.8438,3,1,0,0,0
2023-11-22,Stellar Development Foundation,1.0,1.0,3,0,0,0,0
2023-11-23,Blockdaemon Inc.,1.0,1.0,3,0,0,0,0
2023-11-23,COINQVEST LLC,,1.0,3,0,0,0,0
2023-11-23,Franklin Templeton,0.9979,0.0374,3,1,0,1,0
2023-11-23,LOBSTR,1.0,0.0,6,1,0,1,0
2023-11-23,Public Node,1.0,1.0,3,0,0,0,0
2023-11-23,SatoshiPay,0.9958,0.9106,3,0,0,0,0
2023-11-23,Stellar Development Foundation,1.0,1.0,3,0,0,0,0
2023-11-24,Blockdaemon Inc.,1.0,1.0,3,0,0,0,0
2023-11-24,COINQVEST LLC,,1.0,3,0,0,0,0
2023-11-24,Franklin Templeton,1.0,0.1273,3,1,0,0,0
2023-11-24,LOBSTR,1.0,0.0,6,1,0,1,0
2023-11-24,Public Node,1.0,1.0,3,0,0,0,0
2023-11-24,SatoshiPay,0.9937,0.929,3,0,0,0,0
2023-11-24,Stellar Development Foundation,1.0,1.0,3,0,0,0,0
2023-11-25,Blockdaemon Inc.,1.0,1.0,3,0,0,0,0
2023-11-25,COINQVEST LLC,,1.0,3,0,0,0,0
2023-11-25,Franklin Templeton,1.0,0.2896,3,1,0,0,0
2023-11-25,LOBSTR,1.0,0.0,6,1,0,1,0
2023-11-25,Public Node,1.0,1.0,3,0,0,0,0
2023-11-25,SatoshiPay,0.9958,0.9563,3,0,0,0,0
2023-11-25,Stellar Development Foundation,1.0,1.0,3,0,0,0,0
2023-11-26,Blockdaemon Inc.,1.0,1.0,3,0,0,0,0
2023-11-26,COINQVEST LLC,,1.0,3,0,0,0,0
2023-11-26,Franklin Templeton,0.9979,0.3375,3,1,0,0,0
2023-11-26,LOBSTR,1.0,0.0,6,1,0,1,0
2023-11-26,Public Node,1.0,1.0,3,0,0,0,0
2023-11-26,SatoshiPay,1.0,0.9542,3,0,0,0,0
2023-11-26,Stellar Development Foundation,1.0,1.0,3,0,0,0,0
2023-11-27,Blockdaemon Inc.,1.0,1.0,3,0,0,0,0
2023-11-27,COINQVEST LLC,,1.0,3,0,0,0,0
2023-11-27,Franklin Templeton,0.9958,0.2646,3,1,0,0,0
2023-11-27,LOBSTR,1.0,0.0,6,1,0,1,0
2023-11-27,Public Node,1.0,1.0,3,0,0,0,0
2023-11-27,SatoshiPay,1.0,0.9583,3,0,0,0,0
2023-11-27,Stellar Development Foundation,1.0,1.0,3,0,0,0,0
2023-11-28,Blockdaemon Inc.,1.0,1.0,3,0,0,0,0
2023-11-28,COINQVEST LLC,,1.0,3,0,0,0,0
2023-11-28,Franklin Templeton,1.0,0.1871,3,1,0,0,0
2023-11-28,LOBSTR,1.0,0.0,6,1,0,1,0
2023-11-28,Public Node,1.0,1.0,3,0,0,0,0
2023-11-28,SatoshiPay,1.0,0.9439,3,0,0,0,0
2023-11-28,Stellar Development Foundation,1.0,1.0,3,0,0,0,0
2023-11-29,Blockdaemon Inc.,1.0,1.0,3,0,0,0,0
2023-11-29,COINQVEST LLC,,1.0,3,0,0,0,0
2023-11-29,Franklin Templeton,0.9979,0.1002,3,1,0,0,0
2023-11-29,LOBSTR,1.0,0.0,6,1,0,1,0
2023-11-29,Public Node,1.0,1.0,3,0,0,0,0
2023-11-29,SatoshiPay,1.0,0.9729,3,0,0,0,0
2023-11-29,Stellar Development Foundation,1.0,1.0,3,0,0,0,0
2023-11-30,Blockdaemon Inc.,1.0,1.0,3,0,0,0,0
2023-11-30,COINQVEST LLC,,0.9647,3,0,0,0,0
2023-11-30,Franklin Templeton,0.9958,0.0457,3,1,0,1,0
2023-11-30,LOBSTR,1.0,0.0,6,1,0,1,0
2023-11-30,Public Node,1.0,1.0,3,0,0,0,0
2023-11-30,SatoshiPay,1.0,0.9231,3,0,0,0,0
2023-11-30,Stellar Development Foundation,1.0,1.0,3,0,0,0,0
2023-12-01,Blockdaemon Inc.,1.0,1.0,3,0,0,0,0
2023-12-01,COINQVEST LLC,,1.0,3,0,0,0,0
2023-12-01,Franklin Templeton,0.9979,0.0083,3,1,0,1,0
2023-12-01,LOBSTR,1.0,0.0,6,1,0,1,0
2023-12-01,Public Node,1.0,1.0,3,0,0,0,0
2023-12-01,SatoshiPay,0.9979,0.9146,3,0,0,0,0
2023-12-01,Stellar Development Foundation,1.0,1.0,3,0,0,0,0
2023-12-02,Blockdaemon Inc.,1.0,1.0,3,0,0,0,0
2023-12-02,COINQVEST LLC,,1.0,3,0,0,0,0
2023-12-02,Franklin Templeton,1.0,0.0,3,1,0,1,0
2023-12-02,LOBSTR,1.0,0.0,6,1,0,1,0
2023-12-02,Public Node,1.0,1.0,3,0,0,0,0
2023-12-02,SatoshiPay,1.0,0.9688,3,0,0,0,0
2023-12-02,Stellar Development Foundation,1.0,1.0,3,0,0,0,0
2023-12-03,Blockdaemon Inc.,1.0,1.0,3,0,0,0,0
2023-12-03,COINQVEST LLC,,1.0,3,0,0,0,0
2023-12-03,Franklin Templeton,0.9979,0.0,3,1,0,1,0
2023-12-03,LOBSTR,1.0,0.0,6,1,0,1,0
2023-12-03,Public Node,1.0,1.0,3,0,0,0,0
2023-12-03,SatoshiPay,1.0,0.9979,3,0,0,0,0
2023-12-03,Stellar Development Foundation,1.0,1.0,3,0,0,0,0
2023-12-04,Blockdaemon Inc.,1.0,1.0,3,0,0,0,0
2023-12-04,COINQVEST LLC,,1.0,3,0,0,0,0
2023-12-04,Franklin Templeton,1.0,0.5639,3,1,0,0,0
2023-12-04,LOBSTR,1.0,0.0,6,1,0,1,0
2023-12-04,Public Node,1.0,1.0,3,0,0,0,0
2023-12-04,SatoshiPay,0.9979,0.9937,3,0,0,0,0
2023-12-04,Stellar Development Foundation,1.0,1.0,3,0,0,0,0
2023-12-05,Blockdaemon Inc.,1.0,0.9979,3,0,0,0,0
2023-12-05,COINQVEST LLC,,1.0,3,0,0,0,0
2023-12-05,Franklin Templeton,1.0,0.9896,3,0,0,0,0
2023-12-05,LOBSTR,1.0,0.0,6,1,0,1,0
2023-12-05,Public Node,1.0,1.0,3,0,0,0,0
2023-12-05,SatoshiPay,1.0,0.9833,3,0,0,0,0
2023-12-05,Stellar Development Foundation,1.0,1.0,3,0,0,0,0
2023-12-06,Blockdaemon Inc.,1.0,1.0,3,0,0,0,0
2023-12-06,COINQVEST LLC,,1.0,3,0,0,0,0
2023-12-06,Franklin Templeton,1.0,0.9896,3,0,0,0,0
2023-12-06,LOBSTR,1.0,0.0,6,1,0,1,0
2023-12-06,Public Node,1.0,1.0,3,0,0,0,0
2023-12-06,SatoshiPay,0.9938,0.9771,3,0,0,0,0
2023-12-06,Stellar Development Foundation,1.0,1.0,3,0,0,0,0
2023-12-07,Blockdaemon Inc.,1.0,1.0,3,0,0,0,0
2023-12-07,COINQVEST LLC,,1.0,3,0,0,0,0
2023-12-07,Franklin Templeton,1.0,0.9938,3,0,0,0,0
2023-12-07,LOBSTR,1.0,0.0,6,1,0,1,0
2023-12-07,Public Node,1.0,1.0,3,0,0,0,0
2023-12-07,SatoshiPay,1.0,0.9563,3,0,0,0,0
2023-12-07,Stellar Development Foundation,1.0,1.0,3,0,0,0,0
2023-12-08,Blockdaemon Inc.,1.0,1.0,3,0,0,0,0
2023-12-08,COINQVEST LLC,,1.0,3,0,0,0,0
2023-12-08,Franklin Templeton,1.0,0.9958,3,0,0,0,0
2023-12-08,LOBSTR,1.0,0.0,6,1,0,1,0
2023-12-08,Public Node,1.0,1.0,3,0,0,0,0
2023-12-08,SatoshiPay,0.9958,0.9688,3,0,0,0,0
2023-12-08,Stellar Development Foundation,1.0,1.0,3,0,0,0,0
2023-12-09,Blockdaemon Inc.,1.0,0.9958,3,0,0,0,0
2023-12-09,COINQVEST LLC,,1.0,3,0,0,0,0
2023-12-09,Franklin Templeton,1.0,0.9979,3,0,0,0,0
2023-12-09,LOBSTR,1.0,0.0,6,1,0,1,0
2023-12-09,Public Node,1.0,1.0,3,0,0,0,0
2023-12-09,SatoshiPay,0.9958,0.975,3,0,0,0,0
2023-12-09,Stellar Development Foundation,1.0,1.0,3,0,0,0,0
2023-12-10,Blockdaemon Inc.,1.0,1.0,3,0,0,0,0
2023-12-10,COINQVEST LLC,,1.0,3,0,0,0,0
2023-12-10,Franklin Templeton,1.0,1.0,3,0,0,0,0
2023-12-10,LOBSTR,1.0,0.0,6,1,0,1,0
2023-12-10,Public Node,1.0,1.0,3,0,0,0,0
2023-12-10,SatoshiPay,1.0,0.9916,3,0,0,0,0
2023-12-10,Stellar Development Foundation,1.0,1.0,3,0,0,0,0
2023-12-11,Blockdaemon Inc.,1.0,1.0,3,0,0,0,0
2023-12-11,COINQVEST LLC,,1.0,3,0,0,0,0
2023-12-11,Franklin Templeton,1.0,0.9979,3,0,0,0,0
2023-12-11,LOBSTR,1.0,0.0,6,1,0,1,0
2023-12-11,Public Node,1.0,1.0,3,0,0,0,0
2023-12-11,SatoshiPay,0.9979,0.9459,3,0,0,0,0
2023-12-11,Stellar Development Foundation,1.0,1.0,3,0,0,0,0
2023-12-12,Blockdaemon Inc.,1.0,1.0,3,0,0,0,0
2023-12-12,COINQVEST LLC,,1.0,3,0,0,0,0
2023-12-12,Franklin Templeton,1.0,0.9958,3,0,0,0,0
2023-12-12,LOBSTR,1.0,0.0,6,1,0,1,0
2023-12-12,Public Node,1.0,1.0,3,0,0,0,0
2023-12-12,SatoshiPay,0.9958,0.9354,3,0,0,0,0
2023-12-12,Stellar Development Foundation,1.0,1.0,3,0,0,0,0
2023-12-13,Blockdaemon Inc.,1.0,1.0,3,0,0,0,0
2023-12-13,COINQVEST LLC,,1.0,3,0,0,0,0
2023-12-13,Franklin Templeton,1.0,0.9917,3,0,0,0,0
2023-12-13,LOBSTR,1.0,0.0,6,1,0,1,0
2023-12-13,Public Node,1.0,1.0,3,0,0,0,0
2023-12-13,SatoshiPay,0.9979,0.8792,3,1,0,0,0
2023-12-13,Stellar Development Foundation,1.0,1.0,3,0,0,0,0
2023-12-14,Blockdaemon Inc.,1.0,1.0,3,0,0,0,0
2023-12-14,COINQVEST LLC,,1.0,3,0,0,0,0
2023-12-14,Franklin Templeton,1.0,0.9938,3,0,0,0,0
2023-12-14,LOBSTR,1.0,0.0,6,1,0,1,0
2023-12-14,Public Node,1.0,1.0,3,0,0,0,0
2023-12-14,SatoshiPay,1.0,0.9917,3,0,0,0,0
2023-12-14,Stellar Development Foundation,1.0,1.0,3,0,0,0,0
2023-12-15,Blockdaemon Inc.,1.0,1.0,3,0,0,0,0
2023-12-15,COINQVEST LLC,,1.0,3,0,0,0,0
2023-12-15,Franklin Templeton,1.0,0.9979,3,0,0,0,0
2023-12-15,LOBSTR,1.0,0.0,6,1,0,1,0
2023-12-15,Public Node,1.0,1.0,3,0,0,0,0
2023-12-15,SatoshiPay,1.0,0.9812,3,0,0,0,0
2023-12-15,Stellar Development Foundation,1.0,1.0,3,0,0,0,0
2023-12-16,Blockdaemon Inc.,1.0,1.0,3,0,0,0,0
2023-12-16,COINQVEST LLC,,1.0,3,0,0,0,0
2023-12-16,Franklin Templeton,1.0,0.9958,3,0,0,0,0
2023-12-16,LOBSTR,1.0,0.0,6,1,0,1,0
2023-12-16,Public Node,1.0,1.0,3,0,0,0,0
2023-12-16,SatoshiPay,1.0,0.9625,3,0,0,0,0
2023-12-16,Stellar Development Foundation,1.0,1.0,3,0,0,0,0
2023-12-17,Blockdaemon Inc.,1.0,1.0,3,0,0,0,0
2023-12-17,COINQVEST LLC,,1.0,3,0,0,0,0
2023-12-17,Franklin Templeton,1.0,0.9979,3,0,0,0,0
2023-12-17,LOBSTR,1.0,0.0,6,1,0,1,0
2023-12-17,Public Node,1.0,1.0,3,0,0,0,0
2023-12-17,SatoshiPay,0.9979,0.9917,3,0,0,0,0
2023-12-17,Stellar Development Foundation,1.0,1.0,3,0,0,0,0
2023-12-18,Blockdaemon Inc.,1.0,0.9979,3,0,0,0,0
2023-12-18,COINQVEST LLC,,1.0,3,0,0,0,0
2023-12-18,Franklin Templeton,1.0,0.9979,3,0,0,0,0
2023-12-18,LOBSTR,1.0,0.0,6,1,0,1,0
2023-12-18,Public Node,1.0,1.0,3,0,0,0,0
2023-12-18,SatoshiPay,1.0,0.9958,3,0,0,0,0
2023-12-18,Stellar Development Foundation,1.0,1.0,3,0,0,0,0
2023-12-19,Blockdaemon Inc.,1.0,1.0,3,0,0,0,0
2023-12-19,COINQVEST LLC,,1.0,3,0,0,0,0
2023-12-19,Franklin Templeton,1.0,0.9937,3,0,0,0,0
2023-12-19,LOBSTR,1.0,0.0,6,1,0,1,0
2023-12-19,Public Node,1.0,1.0,3,0,0,0,0
2023-12-19,SatoshiPay,0.9979,0.977,3,0,0,0,0
2023-12-19,Stellar Development Foundation,1.0,1.0,3,0,0,0,0
2023-12-20,Blockdaemon Inc.,1.0,1.0,3,0,0,0,0
2023-12-20,COINQVEST LLC,,1.0,3,0,0,0,0
2023-12-20,Franklin Templeton,1.0,0.9938,3,0,0,0,0
2023-12-20,LOBSTR,1.0,0.0,6,1,0,1,0
2023-12-20,Public Node,1.0,1.0,3,0,0,0,0
2023-12-20,SatoshiPay,1.0,0.9875,3,0,0,0,0
2023-12-20,Stellar Development Foundation,1.0,1.0,3,0,0,0,0
2023-12-21,Blockdaemon Inc.,1.0,0.9979,3,0,0,0,0
2023-12-21,COINQVEST LLC,,1.0,3,0,0,0,0
2023-12-21,Franklin Templeton,1.0,0.9958,3,0,0,0,0
2023-12-21,LOBSTR,1.0,0.0,6,1,0,1,0
2023-12-21,Public Node,1.0,0.9979,3,0,0,0,0
2023-12-21,SatoshiPay,1.0,1.0,3,0,0,0,0
2023-12-21,Stellar Development Foundation,1.0,1.0,3,0,0,0,0
2023-12-22,Blockdaemon Inc.,1.0,1.0,3,0,0,0,0
2023-12-22,COINQVEST LLC,,1.0,3,0,0,0,0
2023-12-22,Franklin Templeton,1.0,1.0,3,0,0,0,0
2023-12-22,LOBSTR,1.0,0.0,6,1,0,1,0
2023-12-22,Public Node,1.0,1.0,3,0,0,0,0
2023-12-22,SatoshiPay,1.0,0.9917,3,0,0,0,0
2023-12-22,Stellar Development Foundation,1.0,1.0,3,0,0,0,0
2023-12-23,Blockdaemon Inc.,1.0,1.0,3,0,0,0,0
2023-12-23,COINQVEST LLC,,1.0,3,0,0,0,0
2023-12-23,Franklin Templeton,1.0,0.9979,3,0,0,0,0
2023-12-23,LOBSTR,1.0,0.0,6,1,0,1,0
2023-12-23,Public Node,1.0,1.0,3,0,0,0,0
2023-12-23,SatoshiPay,0.9958,0.9479,3,0,0,0,0
2023-12-23,Stellar Development Foundation,1.0,1.0,3,0,0,0,0
2023-12-24,Blockdaemon Inc.,1.0,1.0,3,0,0,0,0
2023-12-24,COINQVEST LLC,,1.0,3,0,0,0,0
2023-12-24,Franklin Templeton,1.0,0.9958,3,0,0,0,0
2023-12-24,LOBSTR,1.0,0.0,6,1,0,1,0
2023-12-24,Public Node,1.0,1.0,3,0,0,0,0
2023-12-24,SatoshiPay,1.0,0.9958,3,0,0,0,0
2023-12-24,Stellar Development Foundation,1.0,1.0,3,0,0,0,0
2023-12-25,Blockdaemon Inc.,1.0,1.0,3,0,0,0,0
2023-12-25,COINQVEST LLC,,1.0,3,0,0,0,0
2023-12-25,Franklin Templeton,1.0,0.9938,3,0,0,0,0
2023-12-25,LOBSTR,1.0,0.0,6,1,0,1,0
2023-12-25,Public Node,1.0,1.0,3,0,0,0,0
2023-12-25,SatoshiPay,1.0,0.9896,3,0,0,0,0
2023-12-25,Stellar Development Foundation,1.0,1.0,3,0,0,0,0
2023-12-26,Blockdaemon Inc.,1.0,1.0,3,0,0,0,0
2023-12-26,COINQVEST LLC,,1.0,3,0,0,0,0
2023-12-26,Franklin Templeton,1.0,0.9938,3,0,0,0,0
2023-12-26,LOBSTR,1.0,0.0,6,1,0,1,0
2023-12-26,Public Node,1.0,1.0,3,0,0,0,0
2023-12-26,SatoshiPay,1.0,0.9833,3,0,0,0,0
2023-12-26,Stellar Development Foundation,1.0,1.0,3,0,0,0,0
2023-12-27,Blockdaemon Inc.,1.0,1.0,3,0,0,0,0
2023-12-27,COINQVEST LLC,,1.0,3,0,0,0,0
2023-12-27,Franklin Templeton,1.0,0.9979,3,0,0,0,0
2023-12-27,LOBSTR,1.0,0.0,6,1,0,1,0
2023-12-27,Public Node,1.0,1.0,3,0,0,0,0
2023-12-27,SatoshiPay,0.9979,0.9771,3,0,0,0,0
2023-12-27,Stellar Development Foundation,1.0,1.0,3,0,0,0,0
2023-12-28,Blockdaemon Inc.,1.0,1.0,3,0,0,0,0
2023-12-28,COINQVEST LLC,,1.0,3,0,0,0,0
2023-12-28,Franklin Templeton,1.0,1.0,3,0,0,0,0
2023-12-28,LOBSTR,1.0,0.0,6,1,0,1,0
2023-12-28,Public Node,1.0,1.0,3,0,0,0,0
2023-12-28,SatoshiPay,1.0,0.9938,3,0,0,0,0
2023-12-28,Stellar Development Foundation,1.0,1.0,3,0,0,0,0
2023-12-29,Blockdaemon Inc.,1.0,0.9979,3,0,0,0,0
2023-12-29,COINQVEST LLC,,1.0,3,0,0,0,0
2023-12-29,Franklin Templeton,1.0,1.0,3,0,0,0,0
2023-12-29,LOBSTR,1.0,0.0,6,1,0,1,0
2023-12-29,Public Node,1.0,1.0,3,0,0,0,0
2023-12-29,SatoshiPay,0.9979,0.9604,3,0,0,0,0
2023-12-29,Stellar Development Foundation,1.0,1.0,3,0,0,0,0
2023-12-30,Blockdaemon Inc.,1.0,1.0,3,0,0,0,0
2023-12-30,COINQVEST LLC,,1.0,3,0,0,0,0
2023-12-30,Franklin Templeton,1.0,0.9958,3,0,0,0,0
2023-12-30,LOBSTR,1.0,0.0,6,1,0,1,0
2023-12-30,Public Node,1.0,1.0,3,0,0,0,0
2023-12-30,SatoshiPay,0.9958,0.9833,3,0,0,0,0
2023-12-30,Stellar Development Foundation,1.0,1.0,3,0,0,0,0
2023-12-31,Blockdaemon Inc.,1.0,1.0,3,0,0,0,0
2023-12-31,COINQVEST LLC,,1.0,3,0,0,0,0
2023-12-31,Franklin Templeton,0.9979,0.9896,3,0,0,0,0
2023-12-31,LOBSTR,1.0,0.0,6,1,0,1,0
2023-12-31,Public Node,1.0,1.0,3,0,0,0,0
2023-12-31,SatoshiPay,0.9979,0.9854,3,0,0,0,0
2023-12-31,Stellar Development Foundation,1.0,1.0,3,0,0,0,0
2024-01-01,Blockdaemon Inc.,1.0,1.0,3,0,0,0,0
2024-01-01,COINQVEST LLC,,1.0,3,0,0,0,0
2024-01-01,Franklin Templeton,1.0,0.9979,3,0,0,0,0
2024-01-01,LOBSTR,1.0,0.0,6,1,0,1,0
2024-01-01,Public Node,1.0,1.0,3,0,0,0,0
2024-01-01,SatoshiPay,0.9979,0.9812,3,0,0,0,0
2024-01-01,Stellar Development Foundation,1.0,1.0,3,0,0,0,0
2024-01-02,Blockdaemon Inc.,1.0,0.9979,3,0,0,0,0
2024-01-02,COINQVEST LLC,,1.0,3,0,0,0,0
2024-01-02,Franklin Templeton,1.0,0.9979,3,0,0,0,0
2024-01-02,LOBSTR,1.0,0.0,6,1,0,1,0
2024-01-02,Public Node,1.0,1.0,3,0,0,0,0
2024-01-02,SatoshiPay,0.9896,0.9604,3,1,0,0,0
2024-01-02,Stellar Development Foundation,1.0,1.0,3,0,0,0,0
2024-01-03,Blockdaemon Inc.,1.0,1.0,3,0,0,0,0
2024-01-03,COINQVEST LLC,,1.0,3,0,0,0,0
2024-01-03,Franklin Templeton,1.0,0.9958,3,0,0,0,0
2024-01-03,LOBSTR,1.0,0.0,6,1,0,1,0
2024-01-03,Public Node,1.0,1.0,3,0,0,0,0
2024-01-03,SatoshiPay,0.9896,0.9604,3,1,0,0,0
2024-01-03,Stellar Development Foundation,1.0,1.0,3,0,0,0,0
2024-01-04,Blockdaemon Inc.,1.0,1.0,3,0,0,0,0
2024-01-04,COINQVEST LLC,,1.0,3,0,0,0,0
2024-01-04,Franklin Templeton,1.0,0.9958,3,0,0,0,0
2024-01-04,LOBSTR,1.0,0.0,6,1,0,1,0
2024-01-04,Public Node,1.0,1.0,3,0,0,0,0
2024-01-04,SatoshiPay,0.9812,0.9396,3,1,1,0,0
2024-01-04,Stellar Development Foundation,1.0,1.0,3,0,0,0,0
2024-01-05,Blockdaemon Inc.,1.0,1.0,3,0,0,0,0
2024-01-05,COINQVEST LLC,,1.0,3,0,0,0,0
2024-01-05,Franklin Templeton,1.0,0.9958,3,0,0,0,0
2024-01-05,LOBSTR,1.0,0.0,6,1,0,1,0
2024-01-05,Public Node,1.0,1.0,3,0,0,0,0
2024-01-05,SatoshiPay,0.9938,0.9458,3,0,1,0,0
2024-01-05,Stellar Development Foundation,1.0,1.0,3,0,0,0,0
2024-01-06,Blockdaemon Inc.,1.0,1.0,3,0,0,0,0
2024-01-06,COINQVEST LLC,,1.0,3,0,0,0,0
2024-01-06,Franklin Templeton,1.0,0.9979,3,0,0,0,0
2024-01-06,LOBSTR,1.0,0.0,6,1,0,1,0
2024-01-06,Public Node,1.0,1.0,3,0,0,0,0
2024-01-06,SatoshiPay,0.9958,0.9583,3,0,1,0,0
2024-01-06,Stellar Development Foundation,1.0,1.0,3,0,0,0,0
2024-01-07,Blockdaemon Inc.,1.0,1.0,3,0,0,0,0
2024-01-07,COINQVEST LLC,,1.0,3,0,0,0,0
2024-01-07,Franklin Templeton,1.0,0.9979,3,0,0,0,0
2024-01-07,LOBSTR,1.0,0.0,6,1,0,1,0
2024-01-07,Public Node,1.0,1.0,3,0,0,0,0
2024-01-07,SatoshiPay,1.0,0.9875,3,0,1,0,0
2024-01-07,Stellar Development Foundation,1.0,1.0,3,0,0,0,0
2024-01-08,Blockdaemon Inc.,1.0,1.0,3,0,0,0,0
2024-01-08,COINQVEST LLC,,1.0,3,0,0,0,0
2024-01-08,Franklin Templeton,1.0,0.9958,3,0,0,0,0
2024-01-08,LOBSTR,1.0,0.0,6,1,0,1,0
2024-01-08,Public Node,1.0,1.0,3,0,0,0,0
2024-01-08,SatoshiPay,1.0,0.9896,3,0,1,0,0
2024-01-08,Stellar Development Foundation,1.0,1.0,3,0,0,0,0
2024-01-09,Blockdaemon Inc.,1.0,1.0,3,0,0,0,0
2024-01-09,COINQVEST LLC,,1.0,3,0,0,0,0
2024-01-09,Franklin Templeton,1.0,0.9979,3,0,0,0,0
2024-01-09,LOBSTR,1.0,0.0,6,1,0,1,0
2024-01-09,Public Node,1.0,1.0,3,0,0,0,0
2024-01-09,SatoshiPay,1.0,0.9896,3,0,0,0,0
2024-01-09,Stellar Development Foundation,1.0,1.0,3,0,0,0,0
2024-01-10,Blockdaemon Inc.,1.0,1.0,3,0,0,0,0
2024-01-10,COINQVEST LLC,,1.0,3,0,0,0,0
2024-01-10,Franklin Templeton,1.0,0.9958,3,0,0,0,0
2024-01-10,LOBSTR,1.0,0.0,6,1,0,1,0
2024-01-10,Public Node,1.0,1.0,3,0,0,0,0
2024-01-10,SatoshiPay,0.9896,0.925,3,1,0,0,0
2024-01-10,Stellar Development Foundation,1.0,1.0,3,0,0,0,0
2024-01-11,Blockdaemon Inc.,1.0,1.0,3,0,0,0,0
2024-01-11,COINQVEST LLC,,1.0,3,0,0,0,0
2024-01-11,Franklin Templeton,1.0,0.9958,3,0,0,0,0
2024-01-11,LOBSTR,1.0,0.0,6,1,0,1,0
2024-01-11,Public Node,1.0,1.0,3,0,0,0,0
2024-01-11,SatoshiPay,0.9896,0.9395,3,1,0,0,0
2024-01-11,Stellar Development Foundation,1.0,1.0,3,0,0,0,0
2024-01-12,Blockdaemon Inc.,1.0,1.0,3,0,0,0,0
2024-01-12,COINQVEST LLC,,1.0,3,0,0,0,0
2024-01-12,Franklin Templeton,1.0,0.9938,3,0,0,0,0
2024-01-12,LOBSTR,1.0,0.0,6,1,0,1,0
2024-01-12,Public Node,1.0,1.0,3,0,0,0,0
2024-01-12,SatoshiPay,0.9979,0.9625,3,0,0,0,0
2024-01-12,Stellar Development Foundation,1.0,1.0,3,0,0,0,0
2024-01-13,Blockdaemon Inc.,1.0,0.9896,3,0,0,0,0
2024-01-13,COINQVEST LLC,,1.0,3,0,0,0,0
2024-01-13,Franklin Templeton,1.0,0.9938,3,0,0,0,0
2024-01-13,LOBSTR,1.0,0.0,6,1,0,1,0
2024-01-13,Public Node,1.0,1.0,3,0,0,0,0
2024-01-13,SatoshiPay,1.0,0.9875,3,0,0,0,0
2024-01-13,Stellar Development Foundation,1.0,1.0,3,0,0,0,0
2024-01-14,Blockdaemon Inc.,1.0,1.0,3,0,0,0,0
2024-01-14,COINQVEST LLC,,1.0,3,0,0,0,0
2024-01-14,Franklin Templeton,1.0,0.9896,3,0,0,0,0
2024-01-14,LOBSTR,1.0,0.0,6,1,0,1,0
2024-01-14,Public Node,1.0,1.0,3,0,0,0,0
2024-01-14,SatoshiPay,1.0,0.9792,3,0,0,0,0
2024-01-14,Stellar Development Foundation,1.0,1.0,3,0,0,0,0
2024-01-15,Blockdaemon Inc.,1.0,1.0,3,0,0,0,0
2024-01-15,COINQVEST LLC,,1.0,3,0,0,0,0
2024-01-15,Franklin Templeton,1.0,0.9958,3,0,0,0,0
2024-01-15,LOBSTR,1.0,0.0,6,1,0,1,0
2024-01-15,Public Node,1.0,1.0,3,0,0,0,0
2024-01-15,SatoshiPay,0.9979,0.9625,3,0,0,0,0
2024-01-15,Stellar Development Foundation,1.0,1.0,3,0,0,0,0
2024-01-16,Blockdaemon Inc.,1.0,1.0,3,0,0,0,0
2024-01-16,COINQVEST LLC,,1.0,3,0,0,0,0
2024-01-16,Franklin Templeton,1.0,0.9896,3,0,0,0,0
2024-01-16,LOBSTR,1.0,0.0,6,1,0,1,0
2024-01-16,Public Node,1.0,1.0,3,0,0,0,0
2024-01-16,SatoshiPay,1.0,0.9875,3,0,0,0,0
2024-01-16,Stellar Development Foundation,1.0,1.0,3,0,0,0,0
2024-01-17,Blockdaemon Inc.,1.0,1.0,3,0,0,0,0
2024-01-17,COINQVEST LLC,,1.0,3,0,0,0,0
2024-01-17,Franklin Templeton,1.0,0.9792,3,0,0,0,0
2024-01-17,LOBSTR,1.0,0.0,6,1,0,1,0
2024-01-17,Public Node,1.0,1.0,3,0,0,0,0
2024-01-17,SatoshiPay,0.9979,0.9584,3,0,0,0,0
2024-01-17,Stellar Development Foundation,1.0,1.0,3,0,0,0,0
2024-01-18,Blockdaemon Inc.,1.0,1.0,3,0,0,0,0
2024-01-18,COINQVEST LLC,,1.0,3,0,0,0,0
2024-01-18,Franklin Templeton,1.0,0.9979,3,0,0,0,0
2024-01-18,LOBSTR,1.0,0.0,6,1,0,1,0
2024-01-18,Public Node,1.0,1.0,3,0,0,0,0
2024-01-18,SatoshiPay,0.9896,0.8042,3,1,0,0,0
2024-01-18,Stellar Development Foundation,1.0,1.0,3,0,0,0,0
2024-01-19,Blockdaemon Inc.,1.0,1.0,3,0,0,0,0
2024-01-19,COINQVEST LLC,,1.0,3,0,0,0,0
2024-01-19,Franklin Templeton,1.0,0.9938,3,0,0,0,0
2024-01-19,LOBSTR,1.0,0.0,6,1,0,1,0
2024-01-19,Public Node,1.0,1.0,3,0,0,0,0
2024-01-19,SatoshiPay,0.9938,0.8146,3,1,0,0,0
2024-01-19,Stellar Development Foundation,1.0,1.0,3,0,0,0,0
2024-01-20,Blockdaemon Inc.,1.0,1.0,3,0,0,0,0
2024-01-20,COINQVEST LLC,,1.0,3,0,0,0,0
2024-01-20,Franklin Templeton,1.0,0.9938,3,0,0,0,0
2024-01-20,LOBSTR,1.0,0.0,6,1,0,1,0
2024-01-20,Public Node,1.0,1.0,3,0,0,0,0
2024-01-20,SatoshiPay,0.9958,0.95,3,0,0,0,0
2024-01-20,Stellar Development Foundation,1.0,1.0,3,0,0,0,0
2024-01-21,Blockdaemon Inc.,1.0,1.0,3,0,0,0,0
2024-01-21,COINQVEST LLC,,1.0,3,0,0,0,0
2024-01-21,Franklin Templeton,1.0,0.9979,3,0,0,0,0
2024-01-21,LOBSTR,1.0,0.0,6,1,0,1,0
2024-01-21,Public Node,1.0,1.0,3,0,0,0,0
2024-01-21,SatoshiPay,1.0,0.9938,3,0,0,0,0
2024-01-21,Stellar Development Foundation,1.0,1.0,3,0,0,0,0
2024-01-22,Blockdaemon Inc.,1.0,1.0,3,0,0,0,0
2024-01-22,COINQVEST LLC,,1.0,3,0,0,0,0
2024-01-22,Franklin Templeton,1.0,0.9979,3,0,0,0,0
2024-01-22,LOBSTR,1.0,0.0,6,1,0,1,0
2024-01-22,Public Node,1.0,1.0,3,0,0,0,0
2024-01-22,SatoshiPay,0.9958,0.9313,3,0,0,0,0
2024-01-22,Stellar Development Foundation,1.0,1.0,3,0,0,0,0
2024-01-23,Blockdaemon Inc.,1.0,1.0,3,0,0,0,0
2024-01-23,COINQVEST LLC,,1.0,3,0,0,0,0
2024-01-23,Franklin Templeton,1.0,0.9938,3,0,0,0,0
2024-01-23,LOBSTR,1.0,0.0,6,1,0,1,0
2024-01-23,Public Node,1.0,1.0,3,0,0,0,0
2024-01-23,SatoshiPay,1.0,0.9812,3,0,0,0,0
2024-01-23,Stellar Development Foundation,1.0,1.0,3,0,0,0,0
2024-01-24,Blockdaemon Inc.,1.0,1.0,3,0,0,0,0
2024-01-24,COINQVEST LLC,,1.0,3,0,0,0,0
2024-01-24,Franklin Templeton,1.0,0.9958,3,0,0,0,0
2024-01-24,LOBSTR,1.0,0.0,6,1,0,1,0
2024-01-24,Public Node,1.0,1.0,3,0,0,0,0
2024-01-24,SatoshiPay,1.0,0.9958,3,0,0,0,0
2024-01-24,Stellar Development Foundation,1.0,1.0,3,0,0,0,0
2024-01-25,Blockdaemon Inc.,1.0,1.0,3,0,0,0,0
2024-01-25,COINQVEST LLC,,1.0,3,0,0,0,0
2024-01-25,Franklin Templeton,1.0,1.0,3,0,0,0,0
2024-01-25,LOBSTR,1.0,0.0,6,1,0,1,0
2024-01-25,Public Node,1.0,1.0,3,0,0,0,0
2024-01-25,SatoshiPay,0.9979,0.9812,3,0,0,0,0
2024-01-25,Stellar Development Foundation,1.0,1.0,3,0,0,0,0
2024-01-26,Blockdaemon Inc.,1.0,1.0,3,0,0,0,0
2024-01-26,COINQVEST LLC,,1.0,3,0,0,0,0
2024-01-26,Franklin Templeton,1.0,0.9958,3,0,0,0,0
2024-01-26,LOBSTR,1.0,0.0,6,1,0,1,0
2024-01-26,Public Node,1.0,1.0,3,0,0,0,0
2024-01-26,SatoshiPay,1.0,0.9583,3,0,0,0,0
2024-01-26,Stellar Development Foundation,1.0,1.0,3,0,0,0,0
2024-01-27,Blockdaemon Inc.,1.0,1.0,3,0,0,0,0
2024-01-27,COINQVEST LLC,,1.0,3,0,0,0,0
2024-01-27,Franklin Templeton,1.0,1.0,3,0,0,0,0
2024-01-27,LOBSTR,1.0,0.0,6,1,0,1,0
2024-01-27,Public Node,1.0,1.0,3,0,0,0,0
2024-01-27,SatoshiPay,1.0,0.9917,3,0,0,0,0
2024-01-27,Stellar Development Foundation,1.0,1.0,3,0,0,0,0
2024-01-28,Blockdaemon Inc.,1.0,1.0,3,0,0,0,0
2024-01-28,COINQVEST LLC,,1.0,3,0,0,0,0
2024-01-28,Franklin Templeton,1.0,1.0,3,0,0,0,0
2024-01-28,LOBSTR,1.0,0.0,6,1,0,1,0
2024-01-28,Public Node,1.0,1.0,3,0,0,0,0
2024-01-28,SatoshiPay,1.0,0.9938,3,0,0,0,0
2024-01-28,Stellar Development Foundation,1.0,1.0,3,0,0,0,0
2024-01-29,Blockdaemon Inc.,1.0,1.0,3,0,0,0,0
2024-01-29,COINQVEST LLC,,1.0,3,0,0,0,0
2024-01-29,Franklin Templeton,1.0,1.0,3,0,0,0,0
2024-01-29,LOBSTR,1.0,0.0,6,1,0,1,0
2024-01-29,Public Node,1.0,1.0,3,0,0,0,0
2024-01-29,SatoshiPay,1.0,0.975,3,0,0,0,0
2024-01-29,Stellar Development Foundation,1.0,1.0,3,0,0,0,0
2024-01-30,Blockdaemon Inc.,1.0,1.0,3,0,0,0,0
2024-01-30,COINQVEST LLC,,1.0,3,0,0,0,0
2024-01-30,Franklin Templeton,1.0,1.0,3,0,0,0,0
2024-01-30,LOBSTR,1.0,0.0,6,1,0,1,0
2024-01-30,Public Node,1.0,1.0,3,0,0,0,0
2024-01-30,SatoshiPay,0.9875,0.948,3,1,0,0,0
2024-01-30,Stellar Development Foundation,1.0,1.0,3,0,0,0,0
2024-01-31,Blockdaemon Inc.,1.0,1.0,3,0,0,0,0
2024-01-31,COINQVEST LLC,,1.0,3,0,0,0,0
2024-01-31,Franklin Templeton,1.0,1.0,3,0,0,0,0
2024-01-31,LOBSTR,1.0,0.0,6,1,0,1,0
2024-01-31,Public Node,1.0,1.0,3,0,0,0,0
2024-01-31,SatoshiPay,0.9583,0.8938,3,1,0,0,0
2024-01-31,Stellar Development Foundation,1.0,1.0,3,0,0,0,0
2024-02-01,Blockdaemon Inc.,1.0,0.9958,3,0,0,0,0
2024-02-01,COINQVEST LLC,,1.0,3,0,0,0,0
2024-02-01,Franklin Templeton,1.0,1.0,3,0,0,0,0
2024-02-01,LOBSTR,1.0,0.0,6,1,0,1,0
2024-02-01,Public Node,1.0,1.0,3,0,0,0,0
2024-02-01,SatoshiPay,0.9896,0.9688,3,1,1,0,0
2024-02-01,Stellar Development Foundation,1.0,1.0,3,0,0,0,0
2024-02-02,Blockdaemon Inc.,1.0,0.9979,3,0,0,0,0
2024-02-02,COINQVEST LLC,,1.0,3,0,0,0,0
2024-02-02,Franklin Templeton,1.0,0.9958,3,0,0,0,0
2024-02-02,LOBSTR,1.0,0.0,6,1,0,1,0
2024-02-02,Public Node,1.0,1.0,3,0,0,0,0
2024-02-02,SatoshiPay,0.9958,0.9771,3,0,1,0,0
2024-02-02,Stellar Development Foundation,1.0,1.0,3,0,0,0,0
2024-02-03,Blockdaemon Inc.,1.0,0.9979,3,0,0,0,0
2024-02-03,COINQVEST LLC,,1.0,3,0,0,0,0
2024-02-03,Franklin Templeton,1.0,0.9958,3,0,0,0,0
2024-02-03,LOBSTR,1.0,0.0,6,1,0,1,0
2024-02-03,Public Node,1.0,1.0,3,0,0,0,0
2024-02-03,SatoshiPay,0.9938,0.9854,3,0,1,0,0
2024-02-03,Stellar Development Foundation,1.0,1.0,3,0,0,0,0
2024-02-04,Blockdaemon Inc.,1.0,1.0,3,0,0,0,0
2024-02-04,COINQVEST LLC,,1.0,3,0,0,0,0
2024-02-04,Franklin Templeton,1.0,0.9979,3,0,0,0,0
2024-02-04,LOBSTR,1.0,0.0,6,1,0,1,0
2024-02-04,Public Node,1.0,1.0,3,0,0,0,0
2024-02-04,SatoshiPay,1.0,0.9896,3,0,1,0,0
2024-02-04,Stellar Development Foundation,1.0,1.0,3,0,0,0,0
2024-02-05,Blockdaemon Inc.,1.0,1.0,3,0,0,0,0
2024-02-05,COINQVEST LLC,,1.0,3,0,0,0,0
2024-02-05,Franklin Templeton,1.0,0.9938,3,0,0,0,0
2024-02-05,LOBSTR,1.0,0.0,6,1,0,1,0
2024-02-05,Public Node,1.0,1.0,3,0,0,0,0
2024-02-05,SatoshiPay,0.9917,0.9313,3,0,1,0,0
2024-02-05,Stellar Development Foundation,1.0,1.0,3,0,0,0,0
2024-02-06,Blockdaemon Inc.,1.0,1.0,3,0,0,0,0
2024-02-06,COINQVEST LLC,,1.0,3,0,0,0,0
2024-02-06,Franklin Templeton,1.0,0.9958,3,0,0,0,0
2024-02-06,LOBSTR,1.0,0.0,6,1,0,1,0
2024-02-06,Public Node,1.0,1.0,3,0,0,0,0
2024-02-06,SatoshiPay,0.9791,0.9248,3,1,1,0,0
2024-02-06,Stellar Development Foundation,1.0,1.0,3,0,0,0,0
2024-02-07,Blockdaemon Inc.,1.0,1.0,3,0,0,0,0
2024-02-07,COINQVEST LLC,,0.9729,3,0,0,0,0
2024-02-07,Franklin Templeton,1.0,0.9979,3,0,0,0,0
2024-02-07,LOBSTR,1.0,0.0,6,1,0,1,0
2024-02-07,Public Node,1.0,1.0,3,0,0,0,0
2024-02-07,SatoshiPay,0.9958,0.9667,3,0,0,0,0
2024-02-07,Stellar Development Foundation,1.0,1.0,3,0,0,0,0
2024-02-08,Blockdaemon Inc.,1.0,1.0,3,0,0,0,0
2024-02-08,COINQVEST LLC,,1.0,3,0,0,0,0
2024-02-08,Franklin Templeton,1.0,0.9917,3,0,0,0,0
2024-02-08,LOBSTR,1.0,0.0,6,1,0,1,0
2024-02-08,Public Node,1.0,1.0,3,0,0,0,0
2024-02-08,SatoshiPay,0.9958,0.95,3,0,0,0,0
2024-02-08,Stellar Development Foundation,1.0,1.0,3,0,0,0,0
2024-02-09,Blockdaemon Inc.,1.0,1.0,3,0,0,0,0
2024-02-09,COINQVEST LLC,,1.0,3,0,0,0,0
2024-02-09,Franklin Templeton,1.0,0.9979,3,0,0,0,0
2024-02-09,LOBSTR,1.0,0.0,6,1,0,1,0
2024-02-09,Public Node,1.0,1.0,3,0,0,0,0
2024-02-09,SatoshiPay,0.9708,0.8979,3,1,0,0,0
2024-02-09,Stellar Development Foundation,1.0,1.0,3,0,0,0,0
2024-02-10,Blockdaemon Inc.,1.0,1.0,3,0,0,0,0
2024-02-10,COINQVEST LLC,,1.0,3,0,0,0,0
2024-02-10,Franklin Templeton,1.0,1.0,3,0,0,0,0
2024-02-10,LOBSTR,1.0,0.0,6,1,0,1,0
2024-02-10,Public Node,1.0,1.0,3,0,0,0,0
2024-02-10,SatoshiPay,0.975,0.9229,3,1,1,0,0
2024-02-10,Stellar Development Foundation,1.0,1.0,3,0,0,0,0
2024-02-11,Blockdaemon Inc.,1.0,1.0,3,0,0,0,0
2024-02-11,COINQVEST LLC,,1.0,3,0,0,0,0
2024-02-11,Franklin Templeton,1.0,0.9979,3,0,0,0,0
2024-02-11,LOBSTR,1.0,0.0,6,1,0,1,0
2024-02-11,Public Node,1.0,1.0,3,0,0,0,0
2024-02-11,SatoshiPay,0.9771,0.9458,3,1,1,0,0
2024-02-11,Stellar Development Foundation,1.0,1.0,3,0,0,0,0
2024-02-12,Blockdaemon Inc.,1.0,1.0,3,0,0,0,0
2024-02-12,COINQVEST LLC,,1.0,3,0,0,0,0
2024-02-12,Franklin Templeton,1.0,0.9979,3,0,0,0,0
2024-02-12,LOBSTR,1.0,0.0,6,1,0,1,0
2024-02-12,Public Node,1.0,1.0,3,0,0,0,0
2024-02-12,SatoshiPay,0.9458,0.875,3,1,1,0,0
2024-02-12,Stellar Development Foundation,1.0,1.0,3,0,0,0,0
2024-02-13,Blockdaemon Inc.,1.0,1.0,3,0,0,0,0
2024-02-13,COINQVEST LLC,,1.0,3,0,0,0,0
2024-02-13,Franklin Templeton,1.0,0.9979,3,0,0,0,0
2024-02-13,LOBSTR,1.0,0.0,6,1,0,1,0
2024-02-13,Public Node,1.0,1.0,3,0,0,0,0
2024-02-13,SatoshiPay,0.9667,0.8583,3,1,1,0,0
2024-02-13,Stellar Development Foundation,1.0,1.0,3,0,0,0,0
2024-02-14,Blockdaemon Inc.,1.0,1.0,3,0,0,0,0
2024-02-14,COINQVEST LLC,,1.0,3,0,0,0,0
2024-02-14,Franklin Templeton,1.0,1.0,3,0,0,0,0
2024-02-14,LOBSTR,1.0,0.0,6,1,0,1,0
2024-02-14,Public Node,1.0,1.0,3,0,0,0,0
2024-02-14,SatoshiPay,0.8292,0.7625,3,1,1,1,0
2024-02-14,Stellar Development Foundation,1.0,1.0,3,0,0,0,0
2024-02-15,Blockdaemon Inc.,1.0,1.0,3,0,0,0,0
2024-02-15,COINQVEST LLC,,1.0,3,0,0,0,0
2024-02-15,Franklin Templeton,1.0,0.9938,3,0,0,0,0
2024-02-15,LOBSTR,1.0,0.0,6,1,0,1,0
2024-02-15,Public Node,1.0,1.0,3,0,0,0,0
2024-02-15,SatoshiPay,1.0,1.0,3,0,1,0,0
2024-02-15,Stellar Development Foundation,1.0,1.0,3,0,0,0,0
2024-02-16,Blockdaemon Inc.,1.0,1.0,3,0,0,0,0
2024-02-16,COINQVEST LLC,,1.0,3,0,0,0,0
2024-02-16,Franklin Templeton,1.0,0.9938,3,0,0,0,0
2024-02-16,LOBSTR,1.0,0.0,6,1,0,1,0
2024-02-16,Public Node,1.0,1.0,3,0,0,0,0
2024-02-16,SatoshiPay,1.0,0.9979,3,0,1,0,0
2024-02-16,Stellar Development Foundation,1.0,1.0,3,0,0,0,0
2024-02-17,Blockdaemon Inc.,1.0,1.0,3,0,0,0,0
2024-02-17,COINQVEST LLC,,1.0,3,0,0,0,0
2024-02-17,Franklin Templeton,1.0,0.9979,3,0,0,0,0
2024-02-17,LOBSTR,1.0,0.0,6,1,0,1,0
2024-02-17,Public Node,1.0,1.0,3,0,0,0,0
2024-02-17,SatoshiPay,1.0,1.0,3,0,1,0,0
2024-02-17,Stellar Development Foundation,1.0,1.0,3,0,0,0,0
2024-02-18,Blockdaemon Inc.,1.0,1.0,3,0,0,0,0
2024-02-18,COINQVEST LLC,,1.0,3,0,0,0,0
2024-02-18,Franklin Templeton,1.0,1.0,3,0,0,0,0
2024-02-18,LOBSTR,1.0,0.0,6,1,0,1,0
2024-02-18,Public Node,1.0,1.0,3,0,0,0,0
2024-02-18,SatoshiPay,1.0,1.0,3,0,1,0,0
2024-02-18,Stellar Development Foundation,1.0,1.0,3,0,0,0,0
2024-02-19,Blockdaemon Inc.,1.0,0.9958,3,0,0,0,0
2024-02-19,COINQVEST LLC,,1.0,3,0,0,0,0
2024-02-19,Franklin Templeton,1.0,0.9979,3,0,0,0,0
2024-02-19,LOBSTR,1.0,0.0,6,1,0,1,0
2024-02-19,Public Node,1.0,1.0,3,0,0,0,0
2024-02-19,SatoshiPay,1.0,0.9979,3,0,0,0,0
2024-02-19,Stellar Development Foundation,1.0,1.0,3,0,0,0,0
2024-02-20,Blockdaemon Inc.,1.0,1.0,3,0,0,0,0
2024-02-20,COINQVEST LLC,,1.0,3,0,0,0,0
2024-02-20,Franklin Templeton,1.0,0.9979,3,0,0,0,0
2024-02-20,LOBSTR,1.0,0.0,6,1,0,1,0
2024-02-20,Public Node,1.0,1.0,3,0,0,0,0
2024-02-20,SatoshiPay,1.0,0.9979,3,0,0,0,0
2024-02-20,Stellar Development Foundation,1.0,1.0,3,0,0,0,0
2024-02-21,Blockdaemon Inc.,1.0,1.0,3,0,0,0,0
2024-02-21,COINQVEST LLC,,1.0,3,0,0,0,0
2024-02-21,Franklin Templeton,1.0,0.9917,3,0,0,0,0
2024-02-21,LOBSTR,1.0,0.0,6,1,0,1,0
2024-02-21,Public Node,1.0,1.0,3,0,0,0,0
2024-02-21,SatoshiPay,1.0,1.0,3,0,0,0,0
2024-02-21,Stellar Development Foundation,1.0,1.0,3,0,0,0,0
2024-02-22,Blockdaemon Inc.,1.0,0.9979,3,0,0,0,0
2024-02-22,COINQVEST LLC,,1.0,3,0,0,0,0
2024-02-22,Franklin Templeton,1.0,0.9958,3,0,0,0,0
2024-02-22,LOBSTR,1.0,0.0,6,1,0,1,0
2024-02-22,Public Node,1.0,1.0,3,0,0,0,0
2024-02-22,SatoshiPay,1.0,1.0,3,0,0,0,0
2024-02-22,Stellar Development Foundation,1.0,1.0,3,0,0,0,0
2024-02-23,Blockdaemon Inc.,1.0,1.0,3,0,0,0,0
2024-02-23,COINQVEST LLC,,1.0,3,0,0,0,0
2024-02-23,Franklin Templeton,1.0,1.0,3,0,0,0,0
2024-02-23,LOBSTR,1.0,0.0,6,1,0,1,0
2024-02-23,Public Node,1.0,1.0,3,0,0,0,0
2024-02-23,SatoshiPay,1.0,1.0,3,0,0,0,0
2024-02-23,Stellar Development Foundation,1.0,1.0,3,0,0,0,0
2024-02-24,Blockdaemon Inc.,1.0,1.0,3,0,0,0,0
2024-02-24,COINQVEST LLC,,1.0,3,0,0,0,0
2024-02-24,Franklin Templeton,1.0,1.0,3,0,0,0,0
2024-02-24,LOBSTR,1.0,0.0,6,1,0,1,0
2024-02-24,Public Node,1.0,1.0,3,0,0,0,0
2024-02-24,SatoshiPay,1.0,1.0,3,0,0,0,0
2024-02-24,Stellar Development Foundation,1.0,1.0,3,0,0,0,0
2024-02-25,Blockdaemon Inc.,1.0,1.0,3,0,0,0,0
2024-02-25,COINQVEST LLC,,1.0,3,0,0,0,0
2024-02-25,Franklin Templeton,1.0,1.0,3,0,0,0,0
2024-02-25,LOBSTR,1.0,0.0,6,1,0,1,0
2024-02-25,Public Node,1.0,1.0,3,0,0,0,0
2024-02-25,SatoshiPay,1.0,1.0,3,0,0,0,0
2024-02-25,Stellar Development Foundation,1.0,1.0,3,0,0,0,0
2024-02-26,Blockdaemon Inc.,1.0,1.0,3,0,0,0,0
2024-02-26,COINQVEST LLC,,1.0,3,0,0,0,0
2024-02-26,Franklin Templeton,1.0,1.0,3,0,0,0,0
2024-02-26,LOBSTR,1.0,0.0,6,1,0,1,0
2024-02-26,Public Node,1.0,1.0,3,0,0,0,0
2024-02-26,SatoshiPay,1.0,0.9958,3,0,0,0,0
2024-02-26,Stellar Development Foundation,1.0,1.0,3,0,0,0,0
2024-02-27,Blockdaemon Inc.,1.0,0.9979,3,0,0,0,0
2024-02-27,COINQVEST LLC,,1.0,3,0,0,0,0
2024-02-27,Franklin Templeton,1.0,1.0,3,0,0,0,0
2024-02-27,LOBSTR,1.0,0.0,6,1,0,1,0
2024-02-27,Public Node,1.0,1.0,3,0,0,0,0
2024-02-27,SatoshiPay,1.0,0.9938,3,0,0,0,0
2024-02-27,Stellar Development Foundation,1.0,1.0,3,0,0,0,0
2024-02-28,Blockdaemon Inc.,1.0,1.0,3,0,0,0,0
2024-02-28,COINQVEST LLC,,1.0,3,0,0,0,0
2024-02-28,Franklin Templeton,1.0,1.0,3,0,0,0,0
2024-02-28,LOBSTR,1.0,0.0,6,1,0,1,0
2024-02-28,Public Node,1.0,1.0,3,0,0,0,0
2024-02-28,SatoshiPay,1.0,0.4782,3,1,0,0,0
2024-02-28,Stellar Development Foundation,1.0,1.0,3,0,0,0,0
2024-02-29,Blockdaemon Inc.,1.0,0.9958,3,0,0,0,0
2024-02-29,COINQVEST LLC,,1.0,3,0,0,0,0
2024-02-29,Franklin Templeton,1.0,0.9979,3,0,0,0,0
2024-02-29,LOBSTR,1.0,0.0,6,1,0,1,0
2024-02-29,Public Node,1.0,1.0,3,0,0,0,0
2024-02-29,SatoshiPay,1.0,0.9458,3,0,0,0,0
2024-02-29,Stellar Development Foundation,1.0,1.0,3,0,0,0,0
2024-03-01,Blockdaemon Inc.,1.0,0.9979,3,0,0,0,0
2024-03-01,COINQVEST LLC,,1.0,3,0,0,0,0
2024-03-01,Franklin Templeton,1.0,0.9979,3,0,0,0,0
2024-03-01,LOBSTR,1.0,0.0,6,1,0,1,0
2024-03-01,Public Node,1.0,1.0,3,0,0,0,0
2024-03-01,SatoshiPay,1.0,0.9958,3,0,0,0,0
2024-03-01,Stellar Development Foundation,1.0,1.0,3,0,0,0,0
2024-03-02,Blockdaemon Inc.,1.0,0.9979,3,0,0,0,0
2024-03-02,COINQVEST LLC,,1.0,3,0,0,0,0
2024-03-02,Franklin Templeton,1.0,1.0,3,0,0,0,0
2024-03-02,LOBSTR,1.0,0.0,6,1,0,1,0
2024-03-02,Public Node,1.0,1.0,3,0,0,0,0
2024-03-02,SatoshiPay,1.0,1.0,3,0,0,0,0
2024-03-02,Stellar Development Foundation,1.0,1.0,3,0,0,0,0
2024-03-03,Blockdaemon Inc.,1.0,1.0,3,0,0,0,0
2024-03-03,COINQVEST LLC,,1.0,3,0,0,0,0
2024-03-03,Franklin Templeton,1.0,0.9979,3,0,0,0,0
2024-03-03,LOBSTR,1.0,0.0,6,1,0,1,0
2024-03-03,Public Node,1.0,1.0,3,0,0,0,0
2024-03-03,SatoshiPay,1.0,0.9958,3,0,0,0,0
2024-03-03,Stellar Development Foundation,1.0,1.0,3,0,0,0,0
2024-03-04,Blockdaemon Inc.,1.0,1.0021,3,0,0,0,0
2024-03-04,COINQVEST LLC,,1.0021,3,0,0,0,0
2024-03-04,Franklin Templeton,1.0,1.0,3,0,0,0,0
2024-03-04,LOBSTR,1.0,0.0,6,1,0,1,0
2024-03-04,Public Node,1.0,1.0021,3,0,0,0,0
2024-03-04,SatoshiPay,1.0,1.0021,3,0,0,0,0
2024-03-04,Stellar Development Foundation,1.0,1.0021,3,0,0,0,0
2024-03-05,Blockdaemon Inc.,1.0,1.0,3,0,0,0,0
2024-03-05,COINQVEST LLC,,1.0,3,0,0,0,0
2024-03-05,Franklin Templeton,1.0,0.9938,3,0,0,0,0
2024-03-05,LOBSTR,1.0,0.0,6,1,0,1,0
2024-03-05,Public Node,1.0,1.0,3,0,0,0,0
2024-03-05,SatoshiPay,1.0,1.0,3,0,0,0,0
2024-03-05,Stellar Development Foundation,1.0,1.0,3,0,0,0,0
2024-03-06,Blockdaemon Inc.,1.0,1.0,3,0,0,0,0
2024-03-06,COINQVEST LLC,,1.0,3,0,0,0,0
2024-03-06,Franklin Templeton,1.0,0.9979,3,0,0,0,0
2024-03-06,LOBSTR,1.0,0.0,6,1,0,1,0
2024-03-06,Public Node,1.0,1.0,3,0,0,0,0
2024-03-06,SatoshiPay,1.0,0.9812,3,0,0,0,0
2024-03-06,Stellar Development Foundation,1.0,1.0,3,0,0,0,0
2024-03-07,Blockdaemon Inc.,1.0,0.9979,3,0,0,0,0
2024-03-07,COINQVEST LLC,,1.0,3,0,0,0,0
2024-03-07,Franklin Templeton,1.0,0.9979,3,0,0,0,0
2024-03-07,LOBSTR,1.0,0.0,6,1,0,1,0
2024-03-07,Public Node,1.0,1.0,3,0,0,0,0
2024-03-07,SatoshiPay,1.0,0.9979,3,0,0,0,0
2024-03-07,Stellar Development Foundation,1.0,1.0,3,0,0,0,0
2024-03-08,Blockdaemon Inc.,1.0,0.9979,3,0,0,0,0
2024-03-08,COINQVEST LLC,,1.0,3,0,0,0,0
2024-03-08,Franklin Templeton,1.0,0.9958,3,0,0,0,0
2024-03-08,LOBSTR,1.0,0.0,6,1,0,1,0
2024-03-08,Public Node,1.0,1.0,3,0,0,0,0
2024-03-08,SatoshiPay,1.0,0.9958,3,0,0,0,0
2024-03-08,Stellar Development Foundation,1.0,1.0,3,0,0,0,0
2024-03-09,Blockdaemon Inc.,1.0,1.0,3,0,0,0,0
2024-03-09,COINQVEST LLC,,1.0,3,0,0,0,0
2024-03-09,Franklin Templeton,1.0,1.0,3,0,0,0,0
2024-03-09,LOBSTR,1.0,0.0,6,1,0,1,0
2024-03-09,Public Node,1.0,1.0,3,0,0,0,0
2024-03-09,SatoshiPay,1.0,0.9958,3,0,0,0,0
2024-03-09,Stellar Development Foundation,1.0,1.0,3,0,0,0,0
2024-03-10,Blockdaemon Inc.,1.0,1.0,3,0,0,0,0
2024-03-10,COINQVEST LLC,,1.0,3,0,0,0,0
2024-03-10,Franklin Templeton,1.0,0.9979,3,0,0,0,0
2024-03-10,LOBSTR,1.0,0.0,6,1,0,1,0
2024-03-10,Public Node,1.0,1.0,3,0,0,0,0
2024-03-10,SatoshiPay,1.0,0.9938,3,0,0,0,0
2024-03-10,Stellar Development Foundation,1.0,1.0,3,0,0,0,0
2024-03-11,Blockdaemon Inc.,1.0,1.0,3,0,0,0,0
2024-03-11,COINQVEST LLC,,1.0,3,0,0,0,0
2024-03-11,Franklin Templeton,1.0,0.9979,3,0,0,0,0
2024-03-11,LOBSTR,1.0,0.0,6,1,0,1,0
2024-03-11,Public Node,1.0,1.0,3,0,0,0,0
2024-03-11,SatoshiPay,1.0,0.9938,3,0,0,0,0
2024-03-11,Stellar Development Foundation,1.0,1.0,3,0,0,0,0
2024-03-12,Blockdaemon Inc.,1.0,0.9938,3,0,0,0,0
2024-03-12,COINQVEST LLC,,1.0,3,0,0,0,0
2024-03-12,Franklin Templeton,1.0,0.9979,3,0,0,0,0
2024-03-12,LOBSTR,1.0,0.0,6,1,0,1,0
2024-03-12,Public Node,1.0,1.0,3,0,0,0,0
2024-03-12,SatoshiPay,1.0,0.9938,3,0,0,0,0
2024-03-12,Stellar Development Foundation,1.0,1.0,3,0,0,0,0
2024-03-13,Blockdaemon Inc.,1.0,1.0,3,0,0,0,0
2024-03-13,COINQVEST LLC,,1.0,3,0,0,0,0
2024-03-13,Franklin Templeton,1.0,0.9979,3,0,0,0,0
2024-03-13,LOBSTR,1.0,0.0,6,1,0,1,0
2024-03-13,Public Node,1.0,1.0,3,0,0,0,0
2024-03-13,SatoshiPay,1.0,0.9979,3,0,0,0,0
2024-03-13,Stellar Development Foundation,1.0,1.0,3,0,0,0,0
2024-03-14,Blockdaemon Inc.,1.0,0.9979,3,0,0,0,0
2024-03-14,COINQVEST LLC,,1.0,3,0,0,0,0
2024-03-14,Franklin Templeton,1.0,1.0,3,0,0,0,0
2024-03-14,LOBSTR,1.0,0.0,6,1,0,1,0
2024-03-14,Public Node,1.0,1.0,3,0,0,0,0
2024-03-14,SatoshiPay,1.0,0.9979,3,0,0,0,0
2024-03-14,Stellar Development Foundation,1.0,1.0,3,0,0,0,0
2024-03-15,Blockdaemon Inc.,1.0,1.0,3,0,0,0,0
2024-03-15,COINQVEST LLC,,1.0,3,0,0,0,0
2024-03-15,Franklin Templeton,1.0,0.9979,3,0,0,0,0
2024-03-15,LOBSTR,1.0,0.0,6,1,0,1,0
2024-03-15,Public Node,1.0,1.0,3,0,0,0,0
2024-03-15,SatoshiPay,1.0,1.0,3,0,0,0,0
2024-03-15,Stellar Development Foundation,1.0,1.0,3,0,0,0,0
2024-03-16,Blockdaemon Inc.,1.0,1.0,3,0,0,0,0
2024-03-16,COINQVEST LLC,,1.0,3,0,0,0,0
2024-03-16,Franklin Templeton,1.0,1.0,3,0,0,0,0
2024-03-16,LOBSTR,1.0,0.0,6,1,0,1,0
2024-03-16,Public Node,1.0,1.0,3,0,0,0,0
2024-03-16,SatoshiPay,1.0,0.9979,3,0,0,0,0
2024-03-16,Stellar Development Foundation,1.0,1.0,3,0,0,0,0
2024-03-17,Blockdaemon Inc.,1.0,1.0,3,0,0,0,0
2024-03-17,COINQVEST LLC,,1.0,3,0,0,0,0
2024-03-17,Franklin Templeton,1.0,1.0,3,0,0,0,0
2024-03-17,LOBSTR,1.0,0.0,6,1,0,1,0
2024-03-17,Public Node,1.0,1.0,3,0,0,0,0
2024-03-17,SatoshiPay,1.0,0.9979,3,0,0,0,0
2024-03-17,Stellar Development Foundation,1.0,1.0,3,0,0,0,0
2024-03-18,Blockdaemon Inc.,1.0,1.0,3,0,0,0,0
2024-03-18,COINQVEST LLC,,1.0,3,0,0,0,0
2024-03-18,Franklin Templeton,1.0,1.0,3,0,0,0,0
2024-03-18,LOBSTR,1.0,0.0,6,1,0,1,0
2024-03-18,Public Node,1.0,1.0,3,0,0,0,0
2024-03-18,SatoshiPay,1.0,0.9958,3,0,0,0,0
2024-03-18,Stellar Development Foundation,1.0,1.0,3,0,0,0,0
2024-03-19,Blockdaemon Inc.,1.0,1.0,3,0,0,0,0
2024-03-19,COINQVEST LLC,,1.0,3,0,0,0,0
2024-03-19,Franklin Templeton,1.0,1.0,3,0,0,0,0
2024-03-19,LOBSTR,1.0,0.0,6,1,0,1,0
2024-03-19,Public Node,1.0,1.0,3,0,0,0,0
2024-03-19,SatoshiPay,1.0,0.9917,3,0,0,0,0
2024-03-19,Stellar Development Foundation,1.0,1.0,3,0,0,0,0
2024-03-20,Blockdaemon Inc.,1.0,1.0,3,0,0,0,0
2024-03-20,COINQVEST LLC,,1.0,3,0,0,0,0
2024-03-20,Franklin Templeton,1.0,1.0,3,0,0,0,0
2024-03-20,LOBSTR,1.0,0.0,6,1,0,1,0
2024-03-20,Public Node,1.0,0.9979,3,0,0,0,0
2024-03-20,SatoshiPay,1.0,0.9938,3,0,0,0,0
2024-03-20,Stellar Development Foundation,1.0,1.0,3,0,0,0,0
2024-03-21,Blockdaemon Inc.,1.0,0.9938,3,0,0,0,0
2024-03-21,COINQVEST LLC,,1.0,3,0,0,0,0
2024-03-21,Franklin Templeton,1.0,1.0,3,0,0,0,0
2024-03-21,LOBSTR,1.0,0.0,6,1,0,1,0
2024-03-21,Public Node,1.0,1.0,3,0,0,0,0
2024-03-21,SatoshiPay,0.9979,0.9958,3,0,0,0,0
2024-03-21,Stellar Development Foundation,1.0,1.0,3,0,0,0,0
2024-03-22,Blockdaemon Inc.,1.0,1.0,3,0,0,0,0
2024-03-22,COINQVEST LLC,,1.0,3,0,0,0,0
2024-03-22,Franklin Templeton,1.0,1.0,3,0,0,0,0
2024-03-22,LOBSTR,1.0,0.0,6,1,0,1,0
2024-03-22,Public Node,1.0,1.0,3,0,0,0,0
2024-03-22,SatoshiPay,0.9979,0.9958,3,0,0,0,0
2024-03-22,Stellar Development Foundation,1.0,1.0,3,0,0,0,0
2024-03-23,Blockdaemon Inc.,1.0,0.9979,3,0,0,0,0
2024-03-23,COINQVEST LLC,,1.0,3,0,0,0,0
2024-03-23,Franklin Templeton,1.0,0.9979,3,0,0,0,0
2024-03-23,LOBSTR,1.0,0.0,6,1,0,1,0
2024-03-23,Public Node,1.0,1.0,3,0,0,0,0
2024-03-23,SatoshiPay,1.0,1.0,3,0,0,0,0
2024-03-23,Stellar Development Foundation,1.0,1.0,3,0,0,0,0
2024-03-24,Blockdaemon Inc.,1.0,1.0,3,0,0,0,0
2024-03-24,COINQVEST LLC,,1.0,3,0,0,0,0
2024-03-24,Franklin Templeton,1.0,1.0,3,0,0,0,0
2024-03-24,LOBSTR,1.0,0.0,6,1,0,1,0
2024-03-24,Public Node,1.0,1.0,3,0,0,0,0
2024-03-24,SatoshiPay,1.0,1.0,3,0,0,0,0
2024-03-24,Stellar Development Foundation,1.0,1.0,3,0,0,0,0
2024-03-25,Blockdaemon Inc.,1.0,1.0,3,0,0,0,0
2024-03-25,COINQVEST LLC,,1.0,3,0,0,0,0
2024-03-25,Franklin Templeton,1.0,1.0,3,0,0,0,0
2024-03-25,LOBSTR,1.0,0.0,6,1,0,1,0
2024-03-25,Public Node,1.0,1.0,3,0,0,0,0
2024-03-25,SatoshiPay,1.0,1.0,3,0,0,0,0
2024-03-25,Stellar Development Foundation,1.0,1.0,3,0,0,0,0
2024-03-26,Blockdaemon Inc.,1.0,0.9958,3,0,0,0,0
2024-03-26,COINQVEST LLC,,1.0,3,0,0,0,0
2024-03-26,Franklin Templeton,1.0,0.9958,3,0,0,0,0
2024-03-26,LOBSTR,1.0,0.0,6,1,0,1,0
2024-03-26,Public Node,1.0,1.0,3,0,0,0,0
2024-03-26,SatoshiPay,1.0,0.9979,3,0,0,0,0
2024-03-26,Stellar Development Foundation,1.0,1.0,3,0,0,0,0
2024-03-27,Blockdaemon Inc.,1.0,1.0,3,0,0,0,0
2024-03-27,COINQVEST LLC,,1.0,3,0,0,0,0
2024-03-27,Franklin Templeton,1.0,0.9958,3,0,0,0,0
2024-03-27,LOBSTR,1.0,0.0,6,1,0,1,0
2024-03-27,Public Node,1.0,1.0,3,0,0,0,0
2024-03-27,SatoshiPay,1.0,1.0,3,0,0,0,0
2024-03-27,Stellar Development Foundation,1.0,1.0,3,0,0,0,0
2024-03-28,Blockdaemon Inc.,1.0,1.0,3,0,0,0,0
2024-03-28,COINQVEST LLC,,1.0,3,0,0,0,0
2024-03-28,Franklin Templeton,1.0,0.9979,3,0,0,0,0
2024-03-28,LOBSTR,1.0,0.0,6,1,0,1,0
2024-03-28,Public Node,1.0,1.0,3,0,0,0,0
2024-03-28,SatoshiPay,1.0,0.9979,3,0,0,0,0
2024-03-28,Stellar Development Foundation,1.0,1.0,3,0,0,0,0
2024-03-29,Blockdaemon Inc.,1.0,1.0,3,0,0,0,0
2024-03-29,COINQVEST LLC,,1.0,3,0,0,0,0
2024-03-29,Franklin Templeton,1.0,0.9979,3,0,0,0,0
2024-03-29,LOBSTR,1.0,0.0,6,1,0,1,0
2024-03-29,Public Node,1.0,1.0,3,0,0,0,0
2024-03-29,SatoshiPay,1.0,0.9979,3,0,0,0,0
2024-03-29,Stellar Development Foundation,1.0,1.0,3,0,0,0,0
2024-03-30,Blockdaemon Inc.,1.0,1.0,3,0,0,0,0
2024-03-30,COINQVEST LLC,,1.0,3,0,0,0,0
2024-03-30,Franklin Templeton,1.0,1.0,3,0,0,0,0
2024-03-30,LOBSTR,1.0,0.0,6,1,0,1,0
2024-03-30,Public Node,1.0,1.0,3,0,0,0,0
2024-03-30,SatoshiPay,1.0,0.9896,3,0,0,0,0
2024-03-30,Stellar Development Foundation,1.0,1.0,3,0,0,0,0
2024-03-31,Blockdaemon Inc.,1.0,1.0,3,0,0,0,0
2024-03-31,COINQVEST LLC,,1.0,3,0,0,0,0
2024-03-31,Franklin Templeton,1.0,1.0,3,0,0,0,0
2024-03-31,LOBSTR,1.0,0.0,6,1,0,1,0
2024-03-31,Public Node,1.0,1.0,3,0,0,0,0
2024-03-31,SatoshiPay,0.9979,0.9958,3,0,0,0,0
2024-03-31,Stellar Development Foundation,1.0,1.0,3,0,0,0,0
2024-04-01,Blockdaemon Inc.,1.0,1.0,3,0,0,0,0
2024-04-01,COINQVEST LLC,,1.0,3,0,0,0,0
2024-04-01,Franklin Templeton,1.0,0.9979,3,0,0,0,0
2024-04-01,LOBSTR,1.0,0.0,6,1,0,1,0
2024-04-01,Public Node,1.0,1.0,3,0,0,0,0
2024-04-01,SatoshiPay,1.0,0.975,3,0,0,0,0
2024-04-01,Stellar Development Foundation,1.0,1.0,3,0,0,0,0
2024-04-02,Blockdaemon Inc.,1.0,1.0,3,0,0,0,0
2024-04-02,COINQVEST LLC,,1.0,3,0,0,0,0
2024-04-02,Franklin Templeton,1.0,0.9979,3,0,0,0,0
2024-04-02,LOBSTR,1.0,0.0,6,1,0,1,0
2024-04-02,Public Node,1.0,1.0,3,0,0,0,0
2024-04-02,SatoshiPay,1.0,0.9938,3,0,0,0,0
2024-04-02,Stellar Development Foundation,1.0,1.0,3,0,0,0,0
2024-04-03,Blockdaemon Inc.,1.0,0.9979,3,0,0,0,0
2024-04-03,COINQVEST LLC,,1.0,3,0,0,0,0
2024-04-03,Franklin Templeton,1.0,0.9979,3,0,0,0,0
2024-04-03,LOBSTR,1.0,0.0,6,1,0,1,0
2024-04-03,Public Node,1.0,1.0,3,0,0,0,0
2024-04-03,SatoshiPay,1.0,0.9958,3,0,0,0,0
2024-04-03,Stellar Development Foundation,1.0,1.0,3,0,0,0,0
2024-04-04,Blockdaemon Inc.,1.0,1.0,3,0,0,0,0
2024-04-04,COINQVEST LLC,,1.0,3,0,0,0,0
2024-04-04,Franklin Templeton,1.0,0.9979,3,0,0,0,0
2024-04-04,LOBSTR,1.0,0.0,6,1,0,1,0
2024-04-04,Public Node,1.0,1.0,3,0,0,0,0
2024-04-04,SatoshiPay,1.0,0.9958,3,0,0,0,0
2024-04-04,Stellar Development Foundation,1.0,1.0,3,0,0,0,0
2024-04-05,Blockdaemon Inc.,1.0,1.0,3,0,0,0,0
2024-04-05,COINQVEST LLC,,1.0,3,0,0,0,0
2024-04-05,Franklin Templeton,1.0,1.0,3,0,0,0,0
2024-04-05,LOBSTR,1.0,0.0,6,1,0,1,0
2024-04-05,Public Node,1.0,1.0,3,0,0,0,0
2024-04-05,SatoshiPay,1.0,0.9979,3,0,0,0,0
2024-04-05,Stellar Development Foundation,1.0,1.0,3,0,0,0,0
2024-04-06,Blockdaemon Inc.,1.0,1.0,3,0,0,0,0
2024-04-06,COINQVEST LLC,,0.8625,3,1,0,0,0
2024-04-06,Franklin Templeton,1.0,1.0,3,0,0,0,0
2024-04-06,LOBSTR,1.0,0.0,6,1,0,1,0
2024-04-06,Public Node,1.0,1.0,3,0,0,0,0
2024-04-06,SatoshiPay,1.0,1.0,3,0,0,0,0
2024-04-06,Stellar Development Foundation,1.0,1.0,3,0,0,0,0
2024-04-07,Blockdaemon Inc.,1.0,1.0,3,0,0,0,0
2024-04-07,COINQVEST LLC,,1.0,3,0,0,0,0
2024-04-07,Franklin Templeton,1.0,1.0,3,0,0,0,0
2024-04-07,LOBSTR,1.0,0.0,6,1,0,1,0
2024-04-07,Public Node,1.0,1.0,3,0,0,0,0
2024-04-07,SatoshiPay,1.0,0.9958,3,0,0,0,0
2024-04-07,Stellar Development Foundation,1.0,1.0,3,0,0,0,0
2024-04-08,Blockdaemon Inc.,1.0,1.0,3,0,0,0,0
2024-04-08,COINQVEST LLC,,1.0,3,0,0,0,0
2024-04-08,Franklin Templeton,1.0,0.9958,3,0,0,0,0
2024-04-08,LOBSTR,1.0,0.0,6,1,0,1,0
2024-04-08,Public Node,1.0,1.0,3,0,0,0,0
2024-04-08,SatoshiPay,1.0,0.9958,3,0,0,0,0
2024-04-08,Stellar Development Foundation,1.0,1.0,3,0,0,0,0
2024-04-09,Blockdaemon Inc.,1.0,1.0,3,0,0,0,0
2024-04-09,COINQVEST LLC,,1.0,3,0,0,0,0
2024-04-09,Franklin Templeton,1.0,0.9979,3,0,0,0,0
2024-04-09,LOBSTR,1.0,0.0,6,1,0,1,0
2024-04-09,Public Node,1.0,1.0,3,0,0,0,0
2024-04-09,SatoshiPay,1.0,0.8669,3,1,0,0,0
2024-04-09,Stellar Development Foundation,1.0,1.0,3,0,0,0,0
2024-04-10,Blockdaemon Inc.,1.0,1.0,3,0,0,0,0
2024-04-10,COINQVEST LLC,,1.0,3,0,0,0,0
2024-04-10,Franklin Templeton,1.0,0.9958,3,0,0,0,0
2024-04-10,LOBSTR,1.0,0.0,6,1,0,1,0
2024-04-10,Public Node,1.0,1.0,3,0,0,0,0
2024-04-10,SatoshiPay,1.0,0.9979,3,0,0,0,0
2024-04-10,Stellar Development Foundation,1.0,1.0,3,0,0,0,0
2024-04-11,Blockdaemon Inc.,1.0,1.0,3,0,0,0,0
2024-04-11,COINQVEST LLC,,1.0,3,0,0,0,0
2024-04-11,Franklin Templeton,1.0,0.9938,3,0,0,0,0
2024-04-11,LOBSTR,1.0,0.0,6,1,0,1,0
2024-04-11,Public Node,1.0,1.0,3,0,0,0,0
2024-04-11,SatoshiPay,1.0,0.9979,3,0,0,0,0
2024-04-11,Stellar Development Foundation,1.0,1.0,3,0,0,0,0
2024-04-12,Blockdaemon Inc.,1.0,1.0,3,0,0,0,0
2024-04-12,COINQVEST LLC,,1.0,3,0,0,0,0
2024-04-12,Franklin Templeton,1.0,0.9979,3,0,0,0,0
2024-04-12,LOBSTR,1.0,0.0,6,1,0,1,0
2024-04-12,Public Node,1.0,1.0,3,0,0,0,0
2024-04-12,SatoshiPay,1.0,0.9979,3,0,0,0,0
2024-04-12,Stellar Development Foundation,1.0,1.0,3,0,0,0,0
2024-04-13,Blockdaemon Inc.,1.0,0.9979,3,0,0,0,0
2024-04-13,COINQVEST LLC,,1.0,3,0,0,0,0
2024-04-13,Franklin Templeton,1.0,0.9937,3,0,0,0,0
2024-04-13,LOBSTR,1.0,0.0,6,1,0,1,0
2024-04-13,Public Node,1.0,1.0,3,0,0,0,0
2024-04-13,SatoshiPay,1.0,0.9979,3,0,0,0,0
2024-04-13,Stellar Development Foundation,1.0,1.0,3,0,0,0,0
2024-04-14,Blockdaemon Inc.,1.0,0.9979,3,0,0,0,0
2024-04-14,COINQVEST LLC,,1.0,3,0,0,0,0
2024-04-14,Franklin Templeton,1.0,1.0,3,0,0,0,0
2024-04-14,LOBSTR,1.0,0.0,6,1,0,1,0
2024-04-14,Public Node,1.0,1.0,3,0,0,0,0
2024-04-14,SatoshiPay,1.0,0.9958,3,0,0,0,0
2024-04-14,Stellar Development Foundation,1.0,1.0,3,0,0,0,0
2024-04-15,Blockdaemon Inc.,1.0,0.9834,3,0,0,0,0
2024-04-15,COINQVEST LLC,,1.0,3,0,0,0,0
2024-04-15,Franklin Templeton,1.0,0.9979,3,0,0,0,0
2024-04-15,LOBSTR,1.0,0.0,6,1,0,1,0
2024-04-15,Public Node,1.0,1.0,3,0,0,0,0
2024-04-15,SatoshiPay,1.0,1.0,3,0,0,0,0
2024-04-15,Stellar Development Foundation,1.0,1.0,3,0,0,0,0
2024-04-16,Blockdaemon Inc.,1.0,1.0,3,0,0,0,0
2024-04-16,COINQVEST LLC,,1.0,3,0,0,0,0
2024-04-16,Franklin Templeton,1.0,0.9938,3,0,0,0,0
2024-04-16,LOBSTR,1.0,0.0,6,1,0,1,0
2024-04-16,Public Node,1.0,1.0,3,0,0,0,0
2024-04-16,SatoshiPay,1.0,0.9979,3,0,0,0,0
2024-04-16,Stellar Development Foundation,1.0,1.0,3,0,0,0,0
2024-04-17,Blockdaemon Inc.,1.0,1.0,3,0,0,0,0
2024-04-17,COINQVEST LLC,,1.0,3,0,0,0,0
2024-04-17,Franklin Templeton,1.0,0.9979,3,0,0,0,0
2024-04-17,LOBSTR,1.0,0.0,6,1,0,1,0
2024-04-17,Public Node,1.0,1.0,3,0,0,0,0
2024-04-17,SatoshiPay,1.0,1.0,3,0,0,0,0
2024-04-17,Stellar Development Foundation,1.0,1.0,3,0,0,0,0
2024-04-18,Blockdaemon Inc.,1.0,1.0,3,0,0,0,0
2024-04-18,COINQVEST LLC,,1.0,3,0,0,0,0
2024-04-18,Franklin Templeton,1.0,0.9958,3,0,0,0,0
2024-04-18,LOBSTR,1.0,0.0,6,1,0,1,0
2024-04-18,Public Node,1.0,1.0,3,0,0,0,0
2024-04-18,SatoshiPay,1.0,1.0,3,0,0,0,0
2024-04-18,Stellar Development Foundation,1.0,0.9958,3,0,0,0,0
2024-04-19,Blockdaemon Inc.,1.0,1.0,3,0,0,0,0
2024-04-19,COINQVEST LLC,,1.0,3,0,0,0,0
2024-04-19,Franklin Templeton,1.0,1.0,3,0,0,0,0
2024-04-19,LOBSTR,1.0,0.0,6,1,0,1,0
2024-04-19,Public Node,1.0,1.0,3,0,0,0,0
2024-04-19,SatoshiPay,1.0,0.9979,3,0,0,0,0
2024-04-19,Stellar Development Foundation,1.0,1.0,3,0,0,0,0
2024-04-20,Blockdaemon Inc.,1.0,1.0,3,0,0,0,0
2024-04-20,COINQVEST LLC,,1.0,3,0,0,0,0
2024-04-20,Franklin Templeton,1.0,1.0,3,0,0,0,0
2024-04-20,LOBSTR,1.0,0.0,6,1,0,1,0
2024-04-20,Public Node,1.0,1.0,3,0,0,0,0
2024-04-20,SatoshiPay,1.0,0.9875,3,0,0,0,0
2024-04-20,Stellar Development Foundation,1.0,1.0,3,0,0,0,0
2024-04-21,Blockdaemon Inc.,1.0,1.0,3,0,0,0,0
2024-04-21,COINQVEST LLC,,1.0,3,0,0,0,0
2024-04-21,Franklin Templeton,1.0,1.0,3,0,0,0,0
2024-04-21,LOBSTR,1.0,0.0,6,1,0,1,0
2024-04-21,Public Node,1.0,1.0,3,0,0,0,0
2024-04-21,SatoshiPay,1.0,1.0,3,0,0,0,0
2024-04-21,Stellar Development Foundation,1.0,1.0,3,0,0,0,0
2024-04-22,Blockdaemon Inc.,1.0,1.0,3,0,0,0,0
2024-04-22,COINQVEST LLC,,1.0,3,0,0,0,0
2024-04-22,Franklin Templeton,1.0,0.9979,3,0,0,0,0
2024-04-22,LOBSTR,1.0,0.0,6,1,0,1,0
2024-04-22,Public Node,1.0,1.0,3,0,0,0,0
2024-04-22,SatoshiPay,1.0,0.9875,3,0,0,0,0
2024-04-22,Stellar Development Foundation,1.0,1.0,3,0,0,0,0
2024-04-23,Blockdaemon Inc.,1.0,1.0,3,0,0,0,0
2024-04-23,COINQVEST LLC,,1.0,3,0,0,0,0
2024-04-23,Franklin Templeton,1.0,1.0,3,0,0,0,0
2024-04-23,LOBSTR,1.0,0.0,6,1,0,1,0
2024-04-23,Public Node,1.0,1.0,3,0,0,0,0
2024-04-23,SatoshiPay,1.0,0.9667,3,0,0,0,0
2024-04-23,Stellar Development Foundation,1.0,0.9958,3,0,0,0,0
2024-04-24,Blockdaemon Inc.,1.0,1.0,3,0,0,0,0
2024-04-24,COINQVEST LLC,,1.0,3,0,0,0,0
2024-04-24,Franklin Templeton,1.0,1.0,3,0,0,0,0
2024-04-24,LOBSTR,1.0,0.0,6,1,0,1,0
2024-04-24,Public Node,1.0,1.0,3,0,0,0,0
2024-04-24,SatoshiPay,1.0,0.9708,3,0,0,0,0
2024-04-24,Stellar Development Foundation,1.0,1.0,3,0,0,0,0
2024-04-25,Blockdaemon Inc.,1.0,1.0,3,0,0,0,0
2024-04-25,COINQVEST LLC,,1.0,3,0,0,0,0
2024-04-25,Franklin Templeton,1.0,0.9916,3,0,0,0,0
2024-04-25,LOBSTR,1.0,0.0,6,1,0,1,0
2024-04-25,Public Node,1.0,1.0,3,0,0,0,0
2024-04-25,SatoshiPay,1.0,0.8914,3,1,0,0,0
2024-04-25,Stellar Development Foundation,1.0,1.0,3,0,0,0,0
2024-04-26,Blockdaemon Inc.,1.0,1.0,3,0,0,0,0
2024-04-26,COINQVEST LLC,,1.0,3,0,0,0,0
2024-04-26,Franklin Templeton,1.0,1.0,3,0,0,0,0
2024-04-26,LOBSTR,1.0,0.0,6,1,0,1,0
2024-04-26,Public Node,1.0,1.0,3,0,0,0,0
2024-04-26,SatoshiPay,0.9979,0.9042,3,0,0,0,0
2024-04-26,Stellar Development Foundation,1.0,1.0,3,0,0,0,0
2024-04-27,Blockdaemon Inc.,1.0,1.0,3,0,0,0,0
2024-04-27,COINQVEST LLC,,1.0,3,0,0,0,0
2024-04-27,Franklin Templeton,1.0,1.0,3,0,0,0,0
2024-04-27,LOBSTR,1.0,0.0,6,1,0,1,0
2024-04-27,Public Node,1.0,1.0,3,0,0,0,0
2024-04-27,SatoshiPay,1.0,1.0,3,0,0,0,0
2024-04-27,Stellar Development Foundation,1.0,1.0,3,0,0,0,0
2024-04-28,Blockdaemon Inc.,1.0,1.0,3,0,0,0,0
2024-04-28,COINQVEST LLC,,1.0,3,0,0,0,0
2024-04-28,Franklin Templeton,1.0,1.0,3,0,0,0,0
2024-04-28,LOBSTR,1.0,0.0,6,1,0,1,0
2024-04-28,Public Node,1.0,1.0,3,0,0,0,0
2024-04-28,SatoshiPay,1.0,0.9979,3,0,0,0,0
2024-04-28,Stellar Development Foundation,1.0,1.0,3,0,0,0,0
2024-04-29,Blockdaemon Inc.,1.0,1.0,3,0,0,0,0
2024-04-29,COINQVEST LLC,,1.0,3,0,0,0,0
2024-04-29,Franklin Templeton,1.0,1.0,3,0,0,0,0
2024-04-29,LOBSTR,1.0,0.0,6,1,0,1,0
2024-04-29,Public Node,1.0,1.0,3,0,0,0,0
2024-04-29,SatoshiPay,1.0,1.0,3,0,0,0,0
2024-04-29,Stellar Development Foundation,1.0,1.0,3,0,0,0,0
2024-04-30,Blockdaemon Inc.,1.0,1.0,3,0,0,0,0
2024-04-30,COINQVEST LLC,,1.0,3,0,0,0,0
2024-04-30,Franklin Templeton,1.0,1.0,3,0,0,0,0
2024-04-30,LOBSTR,1.0,0.0,6,1,0,1,0
2024-04-30,Public Node,1.0,1.0,3,0,0,0,0
2024-04-30,SatoshiPay,1.0,1.0,3,0,0,0,0
2024-04-30,Stellar Development Foundation,1.0,1.0,3,0,0,0,0
2024-05-01,Blockdaemon Inc.,1.0,1.0,3,0,0,0,0
2024-05-01,COINQVEST LLC,,1.0,3,0,0,0,0
2024-05-01,Franklin Templeton,1.0,1.0,3,0,0,0,0
2024-05-01,LOBSTR,1.0,0.0,6,1,0,1,0
2024-05-01,Public Node,1.0,1.0,3,0,0,0,0
2024-05-01,SatoshiPay,1.0,1.0,3,0,0,0,0
2024-05-01,Stellar Development Foundation,1.0,1.0,3,0,0,0,0
2024-05-02,Blockdaemon Inc.,1.0,1.0,3,0,0,0,0
2024-05-02,COINQVEST LLC,,1.0,3,0,0,0,0
2024-05-02,Franklin Templeton,1.0,1.0,3,0,0,0,0
2024-05-02,LOBSTR,1.0,0.0,6,1,0,1,0
2024-05-02,Public Node,1.0,1.0,3,0,0,0,0
2024-05-02,SatoshiPay,1.0,0.9917,3,0,0,0,0
2024-05-02,Stellar Development Foundation,1.0,1.0,3,0,0,0,0
2024-05-03,Blockdaemon Inc.,1.0,1.0,3,0,0,0,0
2024-05-03,COINQVEST LLC,,1.0,3,0,0,0,0
2024-05-03,Franklin Templeton,1.0,1.0,3,0,0,0,0
2024-05-03,LOBSTR,1.0,0.0,6,1,0,1,0
2024-05-03,Public Node,1.0,1.0,3,0,0,0,0
2024-05-03,SatoshiPay,1.0,1.0,3,0,0,0,0
2024-05-03,Stellar Development Foundation,1.0,1.0,3,0,0,0,0
2024-05-04,Blockdaemon Inc.,1.0,1.0,3,0,0,0,0
2024-05-04,COINQVEST LLC,,1.0,3,0,0,0,0
2024-05-04,Franklin Templeton,1.0,0.9979,3,0,0,0,0
2024-05-04,LOBSTR,1.0,0.0,6,1,0,1,0
2024-05-04,Public Node,1.0,1.0,3,0,0,0,0
2024-05-04,SatoshiPay,1.0,1.0,3,0,0,0,0
2024-05-04,Stellar Development Foundation,1.0,1.0,3,0,0,0,0
2024-05-05,Blockdaemon Inc.,1.0,1.0,3,0,0,0,0
2024-05-05,COINQVEST LLC,,1.0,3,0,0,0,0
2024-05-05,Franklin Templeton,1.0,1.0,3,0,0,0,0
2024-05-05,LOBSTR,1.0,0.0,6,1,0,1,0
2024-05-05,Public Node,1.0,1.0,3,0,0,0,0
2024-05-05,SatoshiPay,1.0,1.0,3,0,0,0,0
2024-05-05,Stellar Development Foundation,1.0,1.0,3,0,0,0,0
2024-05-06,Blockdaemon Inc.,1.0,1.0,3,0,0,0,0
2024-05-06,COINQVEST LLC,,1.0,3,0,0,0,0
2024-05-06,Franklin Templeton,1.0,1.0,3,0,0,0,0
2024-05-06,LOBSTR,1.0,0.0,6,1,0,1,0
2024-05-06,Public Node,1.0,1.0,3,0,0,0,0
2024-05-06,SatoshiPay,1.0,1.0,3,0,0,0,0
2024-05-06,Stellar Development Foundation,1.0,1.0,3,0,0,0,0
2024-05-07,Blockdaemon Inc.,1.0,1.0,3,0,0,0,0
2024-05-07,COINQVEST LLC,,1.0,3,0,0,0,0
2024-05-07,Franklin Templeton,1.0,1.0,3,0,0,0,0
2024-05-07,LOBSTR,1.0,0.0,6,1,0,1,0
2024-05-07,Public Node,1.0,1.0,3,0,0,0,0
2024-05-07,SatoshiPay,1.0,1.0,3,0,0,0,0
2024-05-07,Stellar Development Foundation,1.0,1.0,3,0,0,0,0
2024-05-08,Blockdaemon Inc.,1.0,1.0,3,0,0,0,0
2024-05-08,COINQVEST LLC,,1.0,3,0,0,0,0
2024-05-08,Franklin Templeton,1.0,1.0,3,0,0,0,0
2024-05-08,LOBSTR,1.0,0.0,6,1,0,1,0
2024-05-08,Public Node,1.0,1.0,3,0,0,0,0
2024-05-08,SatoshiPay,1.0,1.0,3,0,0,0,0
2024-05-08,Stellar Development Foundation,1.0,1.0,3,0,0,0,0
2024-05-09,Blockdaemon Inc.,1.0,1.0,3,0,0,0,0
2024-05-09,COINQVEST LLC,,1.0,3,0,0,0,0
2024-05-09,Franklin Templeton,1.0,1.0,3,0,0,0,0
2024-05-09,LOBSTR,1.0,0.0,6,1,0,1,0
2024-05-09,Public Node,1.0,1.0,3,0,0,0,0
2024-05-09,SatoshiPay,1.0,1.0,3,0,0,0,0
2024-05-09,Stellar Development Foundation,1.0,1.0,3,0,0,0,0
2024-05-10,Blockdaemon Inc.,1.0,1.0,3,0,0,0,0
2024-05-10,COINQVEST LLC,,1.0,3,0,0,0,0
2024-05-10,Franklin Templeton,1.0,1.0,3,0,0,0,0
2024-05-10,LOBSTR,1.0,0.0,6,1,0,1,0
2024-05-10,Public Node,1.0,1.0,3,0,0,0,0
2024-05-10,SatoshiPay,1.0,1.0,3,0,0,0,0
2024-05-10,Stellar Development Foundation,1.0,1.0,3,0,0,0,0
2024-05-11,Blockdaemon Inc.,1.0,1.0,3,0,0,0,0
2024-05-11,COINQVEST LLC,,1.0,3,0,0,0,0
2024-05-11,Franklin Templeton,1.0,0.9979,3,0,0,0,0
2024-05-11,LOBSTR,1.0,0.0,6,1,0,1,0
2024-05-11,Public Node,1.0,1.0,3,0,0,0,0
2024-05-11,SatoshiPay,1.0,1.0,3,0,0,0,0
2024-05-11,Stellar Development Foundation,1.0,1.0,3,0,0,0,0
2024-05-12,Blockdaemon Inc.,1.0,1.0,3,0,0,0,0
2024-05-12,COINQVEST LLC,,1.0,3,0,0,0,0
2024-05-12,Franklin Templeton,1.0,1.0,3,0,0,0,0
2024-05-12,LOBSTR,1.0,0.0,6,1,0,1,0
2024-05-12,Public Node,1.0,1.0,3,0,0,0,0
2024-05-12,SatoshiPay,1.0,0.9958,3,0,0,0,0
2024-05-12,Stellar Development Foundation,1.0,1.0,3,0,0,0,0
2024-05-13,Blockdaemon Inc.,1.0,1.0,3,0,0,0,0
2024-05-13,COINQVEST LLC,,1.0,3,0,0,0,0
2024-05-13,Franklin Templeton,1.0,1.0,3,0,0,0,0
2024-05-13,LOBSTR,1.0,0.0,6,1,0,1,0
2024-05-13,Public Node,1.0,1.0,3,0,0,0,0
2024-05-13,SatoshiPay,1.0,1.0,3,0,0,0,0
2024-05-13,Stellar Development Foundation,1.0,1.0,3,0,0,0,0
2024-05-14,Blockdaemon Inc.,1.0,1.0,3,0,0,0,0
2024-05-14,COINQVEST LLC,,1.0,3,0,0,0,0
2024-05-14,Franklin Templeton,1.0,1.0,3,0,0,0,0
2024-05-14,LOBSTR,1.0,0.0,6,1,0,1,0
2024-05-14,Public Node,1.0,1.0,3,0,0,0,0
2024-05-14,SatoshiPay,1.0,0.9938,3,0,0,0,0
2024-05-14,Stellar Development Foundation,1.0,1.0,3,0,0,0,0
2024-05-15,Blockdaemon Inc.,1.0,1.0,3,0,0,0,0
2024-05-15,COINQVEST LLC,,1.0,3,0,0,0,0
2024-05-15,Franklin Templeton,1.0,1.0,3,0,0,0,0
2024-05-15,LOBSTR,1.0,0.0,6,1,0,1,0
2024-05-15,Public Node,1.0,1.0,3,0,0,0,0
2024-05-15,SatoshiPay,1.0,0.9917,3,0,0,0,0
2024-05-15,Stellar Development Foundation,1.0,1.0,3,0,0,0,0
2024-05-16,Blockdaemon Inc.,1.0,1.0021,3,0,0,0,0
2024-05-16,COINQVEST LLC,,1.0021,3,0,0,0,0
2024-05-16,Franklin Templeton,1.0,1.0021,3,0,0,0,0
2024-05-16,LOBSTR,1.0,0.0,6,1,0,1,0
2024-05-16,Public Node,1.0,1.0021,3,0,0,0,0
2024-05-16,SatoshiPay,1.0,0.9917,3,0,0,0,0
2024-05-16,Stellar Development Foundation,1.0,1.0021,3,0,0,0,0
2024-05-17,Blockdaemon Inc.,1.0,1.0,3,0,0,0,0
2024-05-17,COINQVEST LLC,,1.0,3,0,0,0,0
2024-05-17,Franklin Templeton,1.0,1.0,3,0,0,0,0
2024-05-17,LOBSTR,1.0,0.0,6,1,0,1,0
2024-05-17,Public Node,1.0,1.0,3,0,0,0,0
2024-05-17,SatoshiPay,1.0,0.9979,3,0,0,0,0
2024-05-17,Stellar Development Foundation,1.0,1.0,3,0,0,0,0
2024-05-18,Blockdaemon Inc.,1.0,1.0,3,0,0,0,0
2024-05-18,COINQVEST LLC,,1.0,3,0,0,0,0
2024-05-18,Franklin Templeton,1.0,1.0,3,0,0,0,0
2024-05-18,LOBSTR,1.0,0.0,6,1,0,1,0
2024-05-18,Public Node,1.0,1.0,3,0,0,0,0
2024-05-18,SatoshiPay,1.0,0.9979,3,0,0,0,0
2024-05-18,Stellar Development Foundation,1.0,1.0,3,0,0,0,0
2024-05-19,Blockdaemon Inc.,1.0,1.0,3,0,0,0,0
2024-05-19,COINQVEST LLC,,1.0,3,0,0,0,0
2024-05-19,Franklin Templeton,1.0,1.0,3,0,0,0,0
2024-05-19,LOBSTR,1.0,0.0,6,1,0,1,0
2024-05-19,Public Node,1.0,1.0,3,0,0,0,0
2024-05-19,SatoshiPay,1.0,0.9854,3,0,0,0,0
2024-05-19,Stellar Development Foundation,1.0,1.0,3,0,0,0,0
2024-05-20,Blockdaemon Inc.,1.0,1.0,3,0,0,0,0
2024-05-20,COINQVEST LLC,,1.0,3,0,0,0,0
2024-05-20,Franklin Templeton,1.0,1.0,3,0,0,0,0
2024-05-20,LOBSTR,1.0,0.0,6,1,0,1,0
2024-05-20,Public Node,1.0,1.0,3,0,0,0,0
2024-05-20,SatoshiPay,1.0,1.0,3,0,0,0,0
2024-05-20,Stellar Development Foundation,1.0,1.0,3,0,0,0,0
2024-05-21,Blockdaemon Inc.,1.0,1.0,3,0,0,0,0
2024-05-21,COINQVEST LLC,,1.0,3,0,0,0,0
2024-05-21,Franklin Templeton,1.0,1.0,3,0,0,0,0
2024-05-21,LOBSTR,1.0,0.0,6,1,0,1,0
2024-05-21,Public Node,1.0,1.0,3,0,0,0,0
2024-05-21,SatoshiPay,1.0,1.0,3,0,0,0,0
2024-05-21,Stellar Development Foundation,1.0,1.0,3,0,0,0,0
2024-05-22,Blockdaemon Inc.,1.0,1.0,3,0,0,0,0
2024-05-22,COINQVEST LLC,,1.0,3,0,0,0,0
2024-05-22,Franklin Templeton,1.0,0.9979,3,0,0,0,0
2024-05-22,LOBSTR,1.0,0.0,6,1,0,1,0
2024-05-22,Public Node,1.0,1.0,3,0,0,0,0
2024-05-22,SatoshiPay,1.0,0.9979,3,0,0,0,0
2024-05-22,Stellar Development Foundation,1.0,1.0,3,0,0,0,0
2024-05-23,Blockdaemon Inc.,1.0,1.0,3,0,0,0,0
2024-05-23,COINQVEST LLC,,1.0,3,0,0,0,0
2024-05-23,Franklin Templeton,1.0,1.0,3,0,0,0,0
2024-05-23,LOBSTR,1.0,0.0,6,1,0,1,0
2024-05-23,Public Node,1.0,0.9958,3,0,0,0,0
2024-05-23,SatoshiPay,1.0,0.9979,3,0,0,0,0
2024-05-23,Stellar Development Foundation,1.0,1.0,3,0,0,0,0
2024-05-24,Blockdaemon Inc.,1.0,1.0,3,0,0,0,0
2024-05-24,COINQVEST LLC,,1.0,3,0,0,0,0
2024-05-24,Franklin Templeton,1.0,1.0,3,0,0,0,0
2024-05-24,LOBSTR,1.0,0.0,6,1,0,1,0
2024-05-24,Public Node,1.0,1.0,3,0,0,0,0
2024-05-24,SatoshiPay,1.0,1.0,3,0,0,0,0
2024-05-24,Stellar Development Foundation,1.0,1.0,3,0,0,0,0
2024-05-25,Blockdaemon Inc.,1.0,1.0,3,0,0,0,0
2024-05-25,COINQVEST LLC,,1.0,3,0,0,0,0
2024-05-25,Franklin Templeton,1.0,1.0,3,0,0,0,0
2024-05-25,LOBSTR,1.0,0.0,6,1,0,1,0
2024-05-25,Public Node,1.0,1.0,3,0,0,0,0
2024-05-25,SatoshiPay,1.0,0.9812,3,0,0,0,0
2024-05-25,Stellar Development Foundation,1.0,1.0,3,0,0,0,0
2024-05-26,Blockdaemon Inc.,1.0,1.0,3,0,0,0,0
2024-05-26,COINQVEST LLC,,1.0,3,0,0,0,0
2024-05-26,Franklin Templeton,1.0,1.0,3,0,0,0,0
2024-05-26,LOBSTR,1.0,0.0,6,1,0,1,0
2024-05-26,Public Node,1.0,1.0,3,0,0,0,0
2024-05-26,SatoshiPay,1.0,0.9729,3,0,0,0,0
2024-05-26,Stellar Development Foundation,1.0,1.0,3,0,0,0,0
2024-05-27,Blockdaemon Inc.,1.0,1.0,3,0,0,0,0
2024-05-27,COINQVEST LLC,,1.0,3,0,0,0,0
2024-05-27,Franklin Templeton,1.0,1.0,3,0,0,0,0
2024-05-27,LOBSTR,1.0,0.0,6,1,0,1,0
2024-05-27,Public Node,1.0,1.0,3,0,0,0,0
2024-05-27,SatoshiPay,1.0,0.9875,3,0,0,0,0
2024-05-27,Stellar Development Foundation,1.0,1.0,3,0,0,0,0
2024-05-28,Blockdaemon Inc.,1.0,1.0,3,0,0,0,0
2024-05-28,COINQVEST LLC,,1.0,3,0,0,0,0
2024-05-28,Franklin Templeton,1.0,0.9979,3,0,0,0,0
2024-05-28,LOBSTR,1.0,0.0,6,1,0,1,0
2024-05-28,Public Node,1.0,1.0,3,0,0,0,0
2024-05-28,SatoshiPay,1.0,0.9979,3,0,0,0,0
2024-05-28,Stellar Development Foundation,1.0,1.0,3,0,0,0,0
2024-05-29,Blockdaemon Inc.,0.9979,0.9896,3,0,0,0,0
2024-05-29,COINQVEST LLC,,1.0,3,0,0,0,0
2024-05-29,Franklin Templeton,1.0,1.0,3,0,0,0,0
2024-05-29,LOBSTR,1.0,0.0,6,1,0,1,0
2024-05-29,Public Node,1.0,1.0,3,0,0,0,0
2024-05-29,SatoshiPay,1.0,1.0,3,0,0,0,0
2024-05-29,Stellar Development Foundation,1.0,1.0,3,0,0,0,0
2024-05-30,Blockdaemon Inc.,1.0,1.0,3,0,0,0,0
2024-05-30,COINQVEST LLC,,1.0,3,0,0,0,0
2024-05-30,Franklin Templeton,1.0,1.0,3,0,0,0,0
2024-05-30,LOBSTR,1.0,0.0,6,1,0,1,0
2024-05-30,Public Node,1.0,1.0,3,0,0,0,0
2024-05-30,SatoshiPay,1.0,0.9896,3,0,0,0,0
2024-05-30,Stellar Development Foundation,1.0,1.0,3,0,0,0,0
2024-05-31,Blockdaemon Inc.,1.0,1.0,3,0,0,0,0
2024-05-31,COINQVEST LLC,,1.0,3,0,0,0,0
2024-05-31,Franklin Templeton,1.0,1.0,3,0,0,0,0
2024-05-31,LOBSTR,1.0,0.0,6,1,0,1,0
2024-05-31,Public Node,1.0,1.0,3,0,0,0,0
2024-05-31,SatoshiPay,0.9958,0.9729,3,0,0,0,0
2024-05-31,Stellar Development Foundation,1.0,1.0,3,0,0,0,0
2024-06-01,Blockdaemon Inc.,1.0,1.0,3,0,0,0,0
2024-06-01,COINQVEST LLC,,1.0,3,0,0,0,0
2024-06-01,Franklin Templeton,1.0,1.0,3,0,0,0,0
2024-06-01,LOBSTR,1.0,0.0,6,1,0,1,0
2024-06-01,Public Node,1.0,1.0,3,0,0,0,0
2024-06-01,SatoshiPay,0.9979,0.9833,3,0,0,0,0
2024-06-01,Stellar Development Foundation,1.0,1.0,3,0,0,0,0
2024-06-02,Blockdaemon Inc.,1.0,1.0,3,0,0,0,0
2024-06-02,COINQVEST LLC,,1.0,3,0,0,0,0
2024-06-02,Franklin Templeton,1.0,1.0,3,0,0,0,0
2024-06-02,LOBSTR,1.0,0.0,6,1,0,1,0
2024-06-02,Public Node,1.0,1.0,3,0,0,0,0
2024-06-02,SatoshiPay,0.9979,0.9958,3,0,0,0,0
2024-06-02,Stellar Development Foundation,1.0,1.0,3,0,0,0,0
2024-06-03,Blockdaemon Inc.,1.0,1.0,3,0,0,0,0
2024-06-03,COINQVEST LLC,,1.0,3,0,0,0,0
2024-06-03,Franklin Templeton,1.0,1.0,3,0,0,0,0
2024-06-03,LOBSTR,1.0,0.0,6,1,0,1,0
2024-06-03,Public Node,1.0,1.0,3,0,0,0,0
2024-06-03,SatoshiPay,0.9938,0.9604,3,0,0,0,0
2024-06-03,Stellar Development Foundation,1.0,1.0,3,0,0,0,0
2024-06-04,Blockdaemon Inc.,1.0,1.0,3,0,0,0,0
2024-06-04,COINQVEST LLC,,1.0,3,0,0,0,0
2024-06-04,Franklin Templeton,1.0,1.0,3,0,0,0,0
2024-06-04,LOBSTR,1.0,0.0,6,1,0,1,0
2024-06-04,Public Node,1.0,1.0,3,0,0,0,0
2024-06-04,SatoshiPay,0.9917,0.9604,3,0,0,0,0
2024-06-04,Stellar Development Foundation,1.0,1.0,3,0,0,0,0
2024-06-05,Blockdaemon Inc.,1.0,1.0,3,0,0,0,0
2024-06-05,COINQVEST LLC,,1.0,3,0,0,0,0
2024-06-05,Franklin Templeton,1.0,1.0,3,0,0,0,0
2024-06-05,LOBSTR,1.0,0.0,6,1,0,1,0
2024-06-05,Public Node,1.0,1.0,3,0,0,0,0
2024-06-05,SatoshiPay,1.0,0.9917,3,0,0,0,0
2024-06-05,Stellar Development Foundation,1.0,1.0,3,0,0,0,0
2024-06-06,Blockdaemon Inc.,1.0,1.0,3,0,0,0,0
2024-06-06,COINQVEST LLC,,0.9979,3,0,0,0,0
2024-06-06,Franklin Templeton,1.0,0.9958,3,0,0,0,0
2024-06-06,LOBSTR,1.0,0.0,6,1,0,1,0
2024-06-06,Public Node,1.0,1.0,3,0,0,0,0
2024-06-06,SatoshiPay,1.0,0.9833,3,0,0,0,0
2024-06-06,Stellar Development Foundation,1.0,1.0,3,0,0,0,0
2024-06-07,Blockdaemon Inc.,1.0,1.0,3,0,0,0,0
2024-06-07,COINQVEST LLC,,0.9958,3,0,0,0,0
2024-06-07,Franklin Templeton,1.0,0.9937,3,0,0,0,0
2024-06-07,LOBSTR,1.0,0.0,6,1,0,1,0
2024-06-07,Public Node,1.0,1.0,3,0,0,0,0
2024-06-07,SatoshiPay,1.0,0.9687,3,0,0,0,0
2024-06-07,Stellar Development Foundation,1.0,1.0,3,0,0,0,0
2024-06-08,Blockdaemon Inc.,1.0,1.0,3,0,0,0,0
2024-06-08,COINQVEST LLC,,1.0,3,0,0,0,0
2024-06-08,Franklin Templeton,1.0,1.0,3,0,0,0,0
2024-06-08,LOBSTR,1.0,0.0,6,1,0,1,0
2024-06-08,Public Node,1.0,1.0,3,0,0,0,0
2024-06-08,SatoshiPay,1.0,0.9979,3,0,0,0,0
2024-06-08,Stellar Development Foundation,1.0,1.0,3,0,0,0,0
2024-06-09,Blockdaemon Inc.,1.0,1.0,3,0,0,0,0
2024-06-09,COINQVEST LLC,,1.0,3,0,0,0,0
2024-06-09,Franklin Templeton,1.0,1.0,3,0,0,0,0
2024-06-09,LOBSTR,1.0,0.0,6,1,0,1,0
2024-06-09,Public Node,1.0,1.0,3,0,0,0,0
2024-06-09,SatoshiPay,1.0,1.0,3,0,0,0,0
2024-06-09,Stellar Development Foundation,1.0,1.0,3,0,0,0,0
2024-06-10,Blockdaemon Inc.,1.0,1.0,3,0,0,0,0
2024-06-10,COINQVEST LLC,,1.0,3,0,0,0,0
2024-06-10,Franklin Templeton,1.0,1.0,3,0,0,0,0
2024-06-10,LOBSTR,1.0,0.0,6,1,0,1,0
2024-06-10,Public Node,1.0,1.0,3,0,0,0,0
2024-06-10,SatoshiPay,1.0,1.0,3,0,0,0,0
2024-06-10,Stellar Development Foundation,1.0,1.0,3,0,0,0,0
2024-06-11,Blockdaemon Inc.,1.0,1.0,3,0,0,0,0
2024-06-11,COINQVEST LLC,,1.0,3,0,0,0,0
2024-06-11,Franklin Templeton,1.0,1.0,3,0,0,0,0
2024-06-11,LOBSTR,1.0,0.0,6,1,0,1,0
2024-06-11,Public Node,1.0,1.0,3,0,0,0,0
2024-06-11,SatoshiPay,1.0,1.0,3,0,0,0,0
2024-06-11,Stellar Development Foundation,1.0,1.0,3,0,0,0,0
2024-06-12,Blockdaemon Inc.,1.0,1.0,3,0,0,0,0
2024-06-12,COINQVEST LLC,,1.0,3,0,0,0,0
2024-06-12,Franklin Templeton,1.0,1.0,3,0,0,0,0
2024-06-12,LOBSTR,1.0,0.0,6,1,0,1,0
2024-06-12,Public Node,1.0,1.0,3,0,0,0,0
2024-06-12,SatoshiPay,1.0,1.0,3,0,0,0,0
2024-06-12,Stellar Development Foundation,1.0,1.0,3,0,0,0,0
2024-06-13,Blockdaemon Inc.,1.0,1.0,3,0,0,0,0
2024-06-13,COINQVEST LLC,,1.0,3,0,0,0,0
2024-06-13,Franklin Templeton,1.0,1.0,3,0,0,0,0
2024-06-13,LOBSTR,1.0,0.0,6,1,0,1,0
2024-06-13,Public Node,1.0,1.0,3,0,0,0,0
2024-06-13,SatoshiPay,1.0,1.0,3,0,0,0,0
2024-06-13,Stellar Development Foundation,1.0,1.0,3,0,0,0,0
2024-06-14,Blockdaemon Inc.,1.0,1.0,3,0,0,0,0
2024-06-14,COINQVEST LLC,,1.0,3,0,0,0,0
2024-06-14,Franklin Templeton,1.0,1.0,3,0,0,0,0
2024-06-14,LOBSTR,1.0,0.0,6,1,0,1,0
2024-06-14,Public Node,1.0,1.0,3,0,0,0,0
2024-06-14,SatoshiPay,1.0,1.0,3,0,0,0,0
2024-06-14,Stellar Development Foundation,1.0,1.0,3,0,0,0,0
2024-06-15,Blockdaemon Inc.,1.0,1.0,3,0,0,0,0
2024-06-15,COINQVEST LLC,,1.0,3,0,0,0,0
2024-06-15,Franklin Templeton,1.0,1.0,3,0,0,0,0
2024-06-15,LOBSTR,1.0,0.0,6,1,0,1,0
2024-06-15,Public Node,1.0,1.0,3,0,0,0,0
2024-06-15,SatoshiPay,1.0,1.0,3,0,0,0,0
2024-06-15,Stellar Development Foundation,1.0,1.0,3,0,0,0,0
2024-06-16,Blockdaemon Inc.,1.0,1.0,3,0,0,0,0
2024-06-16,COINQVEST LLC,,1.0,3,0,0,0,0
2024-06-16,Franklin Templeton,1.0,1.0,3,0,0,0,0
2024-06-16,LOBSTR,1.0,0.0,6,1,0,1,0
2024-06-16,Public Node,1.0,1.0,3,0,0,0,0
2024-06-16,SatoshiPay,1.0,1.0,3,0,0,0,0
2024-06-16,Stellar Development Foundation,1.0,1.0,3,0,0,0,0
2024-06-17,Blockdaemon Inc.,1.0,1.0,3,0,0,0,0
2024-06-17,COINQVEST LLC,,1.0,3,0,0,0,0
2024-06-17,Franklin Templeton,1.0,1.0,3,0,0,0,0
2024-06-17,LOBSTR,1.0,0.0,6,1,0,1,0
2024-06-17,Public Node,1.0,1.0,3,0,0,0,0
2024-06-17,SatoshiPay,1.0,1.0,3,0,0,0,0
2024-06-17,Stellar Development Foundation,1.0,1.0,3,0,0,0,0
2024-06-18,Blockdaemon Inc.,1.0,1.0,3,0,0,0,0
2024-06-18,COINQVEST LLC,,0.9979,3,0,0,0,0
2024-06-18,Franklin Templeton,1.0,1.0,3,0,0,0,0
2024-06-18,LOBSTR,1.0,0.0,6,1,0,1,0
2024-06-18,Public Node,1.0,1.0,3,0,0,0,0
2024-06-18,SatoshiPay,1.0,1.0,3,0,0,0,0
2024-06-18,Stellar Development Foundation,1.0,1.0,3,0,0,0,0
2024-06-19,Blockdaemon Inc.,1.0,1.0,3,0,0,0,0
2024-06-19,COINQVEST LLC,,1.0,3,0,0,0,0
2024-06-19,Franklin Templeton,1.0,1.0,3,0,0,0,0
2024-06-19,LOBSTR,1.0,0.0,6,1,0,1,0
2024-06-19,Public Node,1.0,1.0,3,0,0,0,0
2024-06-19,SatoshiPay,1.0,1.0,3,0,0,0,0
2024-06-19,Stellar Development Foundation,1.0,1.0,3,0,0,0,0
2024-06-20,Blockdaemon Inc.,1.0,1.0,3,0,0,0,0
2024-06-20,COINQVEST LLC,,1.0,3,0,0,0,0
2024-06-20,Franklin Templeton,1.0,1.0,3,0,0,0,0
2024-06-20,LOBSTR,1.0,0.0,6,1,0,1,0
2024-06-20,Public Node,1.0,1.0,3,0,0,0,0
2024-06-20,SatoshiPay,1.0,1.0,3,0,0,0,0
2024-06-20,Stellar Development Foundation,1.0,1.0,3,0,0,0,0
2024-06-21,Blockdaemon Inc.,1.0,1.0,3,0,0,0,0
2024-06-21,COINQVEST LLC,,1.0,3,0,0,0,0
2024-06-21,Franklin Templeton,1.0,1.0,3,0,0,0,0
2024-06-21,LOBSTR,1.0,0.0,6,1,0,1,0
2024-06-21,Public Node,1.0,1.0,3,0,0,0,0
2024-06-21,SatoshiPay,1.0,1.0,3,0,0,0,0
2024-06-21,Stellar Development Foundation,1.0,1.0,3,0,0,0,0
2024-06-22,Blockdaemon Inc.,1.0,1.0,3,0,0,0,0
2024-06-22,COINQVEST LLC,,1.0,3,0,0,0,0
2024-06-22,Franklin Templeton,1.0,1.0,3,0,0,0,0
2024-06-22,LOBSTR,1.0,0.0,6,1,0,1,0
2024-06-22,Public Node,1.0,1.0,3,0,0,0,0
2024-06-22,SatoshiPay,1.0,1.0,3,0,0,0,0
2024-06-22,Stellar Development Foundation,1.0,1.0,3,0,0,0,0
2024-06-23,Blockdaemon Inc.,1.0,1.0,3,0,0,0,0
2024-06-23,COINQVEST LLC,,1.0,3,0,0,0,0
2024-06-23,Franklin Templeton,1.0,1.0,3,0,0,0,0
2024-06-23,LOBSTR,1.0,0.0,6,1,0,1,0
2024-06-23,Public Node,1.0,1.0,3,0,0,0,0
2024-06-23,SatoshiPay,1.0,1.0,3,0,0,0,0
2024-06-23,Stellar Development Foundation,1.0,1.0,3,0,0,0,0
2024-06-24,Blockdaemon Inc.,1.0,1.0,3,0,0,0,0
2024-06-24,COINQVEST LLC,,1.0,3,0,0,0,0
2024-06-24,Franklin Templeton,1.0,1.0,3,0,0,0,0
2024-06-24,LOBSTR,1.0,0.0,6,1,0,1,0
2024-06-24,Public Node,1.0,1.0,3,0,0,0,0
2024-06-24,SatoshiPay,1.0,1.0,3,0,0,0,0
2024-06-24,Stellar Development Foundation,1.0,1.0,3,0,0,0,0
2024-06-25,Blockdaemon Inc.,1.0,1.0,3,0,0,0,0
2024-06-25,COINQVEST LLC,,1.0,3,0,0,0,0
2024-06-25,Franklin Templeton,1.0,1.0,3,0,0,0,0
2024-06-25,LOBSTR,1.0,0.0,6,1,0,1,0
2024-06-25,Public Node,1.0,1.0,3,0,0,0,0
2024-06-25,SatoshiPay,1.0,1.0,3,0,0,0,0
2024-06-25,Stellar Development Foundation,1.0,1.0,3,0,0,0,0
2024-06-26,Blockdaemon Inc.,1.0,1.0,3,0,0,0,0
2024-06-26,COINQVEST LLC,,1.0,3,0,0,0,0
2024-06-26,Franklin Templeton,1.0,1.0,3,0,0,0,0
2024-06-26,LOBSTR,1.0,0.0,6,1,0,1,0
2024-06-26,Public Node,1.0,1.0,3,0,0,0,0
2024-06-26,SatoshiPay,1.0,1.0,3,0,0,0,0
2024-06-26,Stellar Development Foundation,1.0,1.0,3,0,0,0,0
2024-06-27,Blockdaemon Inc.,1.0,1.0,3,0,0,0,0
2024-06-27,COINQVEST LLC,,1.0,3,0,0,0,0
2024-06-27,Franklin Templeton,1.0,1.0,3,0,0,0,0
2024-06-27,LOBSTR,1.0,0.0,6,1,0,1,0
2024-06-27,Public Node,1.0,1.0,3,0,0,0,0
2024-06-27,SatoshiPay,1.0,1.0,3,0,0,0,0
2024-06-27,Stellar Development Foundation,1.0,1.0,3,0,0,0,0
2024-06-28,Blockdaemon Inc.,1.0,1.0,3,0,0,0,0
2024-06-28,COINQVEST LLC,,1.0,3,0,0,0,0
2024-06-28,Franklin Templeton,1.0,1.0,3,0,0,0,0
2024-06-28,LOBSTR,1.0,0.0,6,1,0,1,0
2024-06-28,Public Node,1.0,1.0,3,0,0,0,0
2024-06-28,SatoshiPay,1.0,1.0,3,0,0,0,0
2024-06-28,Stellar Development Foundation,1.0,1.0,3,0,0,0,0
2024-06-29,Blockdaemon Inc.,1.0,1.0,3,0,0,0,0
2024-06-29,COINQVEST LLC,,1.0,3,0,0,0,0
2024-06-29,Franklin Templeton,1.0,1.0,3,0,0,0,0
2024-06-29,LOBSTR,1.0,0.0,6,1,0,1,0
2024-06-29,Public Node,1.0,1.0,3,0,0,0,0
2024-06-29,SatoshiPay,1.0,1.0,3,0,0,0,0
2024-06-29,Stellar Development Foundation,1.0,1.0,3,0,0,0,0
2024-06-30,Blockdaemon Inc.,1.0,1.0,3,0,0,0,0
2024-06-30,COINQVEST LLC,,1.0,3,0,0,0,0
2024-06-30,Franklin Templeton,1.0,1.0,3,0,0,0,0
2024-06-30,LOBSTR,1.0,0.0,6,1,0,1,0
2024-06-30,Public Node,1.0,1.0,3,0,0,0,0
2024-06-30,SatoshiPay,1.0,1.0,3,0,0,0,0
2024-06-30,Stellar Development Foundation,1.0,1.0,3,0,0,0,0
2024-07-01,Blockdaemon Inc.,1.0,1.0,3,0,0,0,0
2024-07-01,COINQVEST LLC,,1.0,3,0,0,0,0
2024-07-01,Franklin Templeton,1.0,1.0,3,0,0,0,0
2024-07-01,LOBSTR,1.0,0.0,6,1,0,1,0
2024-07-01,Public Node,1.0,1.0,3,0,0,0,0
2024-07-01,SatoshiPay,1.0,1.0,3,0,0,0,0
2024-07-01,Stellar Development Foundation,1.0,1.0,3,0,0,0,0
2024-07-02,Blockdaemon Inc.,1.0,1.0,3,0,0,0,0
2024-07-02,COINQVEST LLC,,1.0,3,0,0,0,0
2024-07-02,Franklin Templeton,1.0,1.0,3,0,0,0,0
2024-07-02,LOBSTR,1.0,0.0,6,1,0,1,0
2024-07-02,Public Node,1.0,1.0,3,0,0,0,0
2024-07-02,SatoshiPay,1.0,1.0,3,0,0,0,0
2024-07-02,Stellar Development Foundation,1.0,1.0,3,0,0,0,0
2024-07-03,Blockdaemon Inc.,1.0,1.0,3,0,0,0,0
2024-07-03,COINQVEST LLC,,1.0,3,0,0,0,0
2024-07-03,Franklin Templeton,1.0,0.9937,3,0,0,0,0
2024-07-03,LOBSTR,1.0,0.0,6,1,0,1,0
2024-07-03,Public Node,1.0,1.0,3,0,0,0,0
2024-07-03,SatoshiPay,1.0,1.0,3,0,0,0,0
2024-07-03,Stellar Development Foundation,1.0,1.0,3,0,0,0,0
2024-07-04,Blockdaemon Inc.,1.0,1.0,3,0,0,0,0
2024-07-04,COINQVEST LLC,,1.0,3,0,0,0,0
2024-07-04,Franklin Templeton,1.0,1.0,3,0,0,0,0
2024-07-04,LOBSTR,1.0,0.0,6,1,0,1,0
2024-07-04,Public Node,1.0,1.0,3,0,0,0,0
2024-07-04,SatoshiPay,1.0,1.0,3,0,0,0,0
2024-07-04,Stellar Development Foundation,1.0,1.0,3,0,0,0,0
2024-07-05,Blockdaemon Inc.,1.0,1.0,3,0,0,0,0
2024-07-05,COINQVEST LLC,,1.0,3,0,0,0,0
2024-07-05,Franklin Templeton,1.0,1.0,3,0,0,0,0
2024-07-05,LOBSTR,1.0,0.0,6,1,0,1,0
2024-07-05,Public Node,1.0,1.0,3,0,0,0,0
2024-07-05,SatoshiPay,1.0,1.0,3,0,0,0,0
2024-07-05,Stellar Development Foundation,1.0,1.0,3,0,0,0,0
2024-07-06,Blockdaemon Inc.,1.0,1.0,3,0,0,0,0
2024-07-06,COINQVEST LLC,,1.0,3,0,0,0,0
2024-07-06,Franklin Templeton,1.0,1.0,3,0,0,0,0
2024-07-06,LOBSTR,1.0,0.0,6,1,0,1,0
2024-07-06,Public Node,1.0,1.0,3,0,0,0,0
2024-07-06,SatoshiPay,1.0,1.0,3,0,0,0,0
2024-07-06,Stellar Development Foundation,1.0,1.0,3,0,0,0,0
2024-07-07,Blockdaemon Inc.,1.0,1.0,3,0,0,0,0
2024-07-07,COINQVEST LLC,,1.0,3,0,0,0,0
2024-07-07,Franklin Templeton,1.0,1.0,3,0,0,0,0
2024-07-07,LOBSTR,1.0,0.0,6,1,0,1,0
2024-07-07,Public Node,1.0,1.0,3,0,0,0,0
2024-07-07,SatoshiPay,1.0,1.0,3,0,0,0,0
2024-07-07,Stellar Development Foundation,1.0,1.0,3,0,0,0,0
2024-07-08,Blockdaemon Inc.,1.0,1.0,3,0,0,0,0
2024-07-08,COINQVEST LLC,,1.0,3,0,0,0,0
2024-07-08,Franklin Templeton,1.0,1.0,3,0,0,0,0
2024-07-08,LOBSTR,1.0,0.0,6,1,0,1,0
2024-07-08,Public Node,1.0,1.0,3,0,0,0,0
2024-07-08,SatoshiPay,1.0,1.0,3,0,0,0,0
2024-07-08,Stellar Development Foundation,1.0,1.0,3,0,0,0,0
2024-07-09,Blockdaemon Inc.,1.0,1.0,3,0,0,0,0
2024-07-09,COINQVEST LLC,,1.0,3,0,0,0,0
2024-07-09,Franklin Templeton,1.0,1.0,3,0,0,0,0
2024-07-09,LOBSTR,1.0,0.0,6,1,0,1,0
2024-07-09,Public Node,1.0,1.0,3,0,0,0,0
2024-07-09,SatoshiPay,1.0,1.0,3,0,0,0,0
2024-07-09,Stellar Development Foundation,1.0,1.0,3,0,0,0,0
2024-07-10,Blockdaemon Inc.,1.0,1.0,3,0,0,0,0
2024-07-10,COINQVEST LLC,,1.0,3,0,0,0,0
2024-07-10,Franklin Templeton,1.0,1.0,3,0,0,0,0
2024-07-10,LOBSTR,1.0,0.0,6,1,0,1,0
2024-07-10,Public Node,1.0,1.0,3,0,0,0,0
2024-07-10,SatoshiPay,1.0,1.0,3,0,0,0,0
2024-07-10,Stellar Development Foundation,1.0,1.0,3,0,0,0,0
2024-07-11,Blockdaemon Inc.,1.0,1.0,3,0,0,0,0
2024-07-11,COINQVEST LLC,,1.0,3,0,0,0,0
2024-07-11,Franklin Templeton,1.0,1.0,3,0,0,0,0
2024-07-11,LOBSTR,1.0,0.0,6,1,0,1,0
2024-07-11,Public Node,1.0,1.0,3,0,0,0,0
2024-07-11,SatoshiPay,1.0,1.0,3,0,0,0,0
2024-07-11,Stellar Development Foundation,1.0,1.0,3,0,0,0,0
2024-07-12,Blockdaemon Inc.,1.0,1.0,3,0,0,0,0
2024-07-12,COINQVEST LLC,,1.0,3,0,0,0,0
2024-07-12,Franklin Templeton,1.0,1.0,3,0,0,0,0
2024-07-12,LOBSTR,1.0,0.0,6,1,0,1,0
2024-07-12,Public Node,1.0,1.0,3,0,0,0,0
2024-07-12,SatoshiPay,1.0,1.0,3,0,0,0,0
2024-07-12,Stellar Development Foundation,1.0,1.0,3,0,0,0,0
2024-07-13,Blockdaemon Inc.,1.0,1.0,3,0,0,0,0
2024-07-13,COINQVEST LLC,,1.0,3,0,0,0,0
2024-07-13,Franklin Templeton,1.0,1.0,3,0,0,0,0
2024-07-13,LOBSTR,1.0,0.0,6,1,0,1,0
2024-07-13,Public Node,1.0,1.0,3,0,0,0,0
2024-07-13,SatoshiPay,1.0,1.0,3,0,0,0,0
2024-07-13,Stellar Development Foundation,1.0,1.0,3,0,0,0,0
2024-07-14,Blockdaemon Inc.,1.0,1.0,3,0,0,0,0
2024-07-14,COINQVEST LLC,,1.0,3,0,0,0,0
2024-07-14,Franklin Templeton,1.0,1.0,3,0,0,0,0
2024-07-14,LOBSTR,1.0,0.0,6,1,0,1,0
2024-07-14,Public Node,1.0,1.0,3,0,0,0,0
2024-07-14,SatoshiPay,1.0,1.0,3,0,0,0,0
2024-07-14,Stellar Development Foundation,1.0,1.0,3,0,0,0,0
2024-07-15,Blockdaemon Inc.,1.0,1.0,3,0,0,0,0
2024-07-15,COINQVEST LLC,,1.0,3,0,0,0,0
2024-07-15,Franklin Templeton,1.0,1.0,3,0,0,0,0
2024-07-15,LOBSTR,1.0,0.0,6,1,0,1,0
2024-07-15,Public Node,1.0,1.0,3,0,0,0,0
2024-07-15,SatoshiPay,1.0,1.0,3,0,0,0,0
2024-07-15,Stellar Development Foundation,1.0,1.0,3,0,0,0,0
2024-07-16,Blockdaemon Inc.,1.0,0.9479,3,0,0,0,0
2024-07-16,COINQVEST LLC,,1.0021,3,0,0,0,0
2024-07-16,Franklin Templeton,1.0,1.0021,3,0,0,0,0
2024-07-16,LOBSTR,1.0,0.0,6,1,0,1,0
2024-07-16,Public Node,1.0,1.0021,3,0,0,0,0
2024-07-16,SatoshiPay,1.0,1.0021,3,0,0,0,0
2024-07-16,Stellar Development Foundation,1.0,1.0021,3,0,0,0,0
2024-07-17,Blockdaemon Inc.,1.0,1.0,3,0,0,0,0
2024-07-17,COINQVEST LLC,,1.0,3,0,0,0,0
2024-07-17,Franklin Templeton,1.0,1.0,3,0,0,0,0
2024-07-17,LOBSTR,1.0,0.0,6,1,0,1,0
2024-07-17,Public Node,1.0,1.0,3,0,0,0,0
2024-07-17,SatoshiPay,1.0,1.0,3,0,0,0,0
2024-07-17,Stellar Development Foundation,1.0,1.0,3,0,0,0,0
2024-07-18,Blockdaemon Inc.,1.0,1.0,3,0,0,0,0
2024-07-18,COINQVEST LLC,,1.0,3,0,0,0,0
2024-07-18,Franklin Templeton,1.0,0.9229,3,0,0,0,0
2024-07-18,LOBSTR,1.0,0.0,6,1,0,1,0
2024-07-18,Public Node,1.0,1.0,3,0,0,0,0
2024-07-18,SatoshiPay,1.0,0.9979,3,0,0,0,0
2024-07-18,Stellar Development Foundation,1.0,1.0,3,0,0,0,0
2024-07-19,Blockdaemon Inc.,1.0,1.0,3,0,0,0,0
2024-07-19,COINQVEST LLC,,1.0,3,0,0,0,0
2024-07-19,Franklin Templeton,1.0,0.8833,3,1,0,0,0
2024-07-19,LOBSTR,1.0,0.0,6,1,0,1,0
2024-07-19,Public Node,1.0,1.0,3,0,0,0,0
2024-07-19,SatoshiPay,1.0,0.9563,3,0,0,0,0
2024-07-19,Stellar Development Foundation,1.0,1.0,3,0,0,0,0
2024-07-20,Blockdaemon Inc.,1.0,1.0,3,0,0,0,0
2024-07-20,COINQVEST LLC,,1.0,3,0,0,0,0
2024-07-20,Franklin Templeton,1.0,1.0,3,0,0,0,0
2024-07-20,LOBSTR,1.0,0.0,6,1,0,1,0
2024-07-20,Public Node,1.0,1.0,3,0,0,0,0
2024-07-20,SatoshiPay,1.0,0.9979,3,0,0,0,0
2024-07-20,Stellar Development Foundation,1.0,1.0,3,0,0,0,0
2024-07-21,Blockdaemon Inc.,1.0,1.0,3,0,0,0,0
2024-07-21,COINQVEST LLC,,1.0,3,0,0,0,0
2024-07-21,Franklin Templeton,1.0,1.0,3,0,0,0,0
2024-07-21,LOBSTR,1.0,0.0,6,1,0,1,0
2024-07-21,Public Node,1.0,1.0,3,0,0,0,0
2024-07-21,SatoshiPay,1.0,1.0,3,0,0,0,0
2024-07-21,Stellar Development Foundation,1.0,1.0,3,0,0,0,0
2024-07-22,Blockdaemon Inc.,1.0,1.0,3,0,0,0,0
2024-07-22,COINQVEST LLC,,1.0,3,0,0,0,0
2024-07-22,Franklin Templeton,1.0,1.0,3,0,0,0,0
2024-07-22,LOBSTR,1.0,0.0,6,1,0,1,0
2024-07-22,Public Node,1.0,1.0,3,0,0,0,0
2024-07-22,SatoshiPay,1.0,1.0,3,0,0,0,0
2024-07-22,Stellar Development Foundation,1.0,1.0,3,0,0,0,0
2024-07-23,Blockdaemon Inc.,1.0,1.0,3,0,0,0,0
2024-07-23,COINQVEST LLC,,1.0,3,0,0,0,0
2024-07-23,Franklin Templeton,1.0,1.0,3,0,0,0,0
2024-07-23,LOBSTR,1.0,0.0,6,1,0,1,0
2024-07-23,Public Node,1.0,1.0,3,0,0,0,0
2024-07-23,SatoshiPay,1.0,1.0,3,0,0,0,0
2024-07-23,Stellar Development Foundation,1.0,1.0,3,0,0,0,0
2024-07-24,Blockdaemon Inc.,1.0,1.0,3,0,0,0,0
2024-07-24,COINQVEST LLC,,1.0,3,0,0,0,0
2024-07-24,Franklin Templeton,1.0,1.0,3,0,0,0,0
2024-07-24,LOBSTR,1.0,0.0,6,1,0,1,0
2024-07-24,Public Node,1.0,1.0,3,0,0,0,0
2024-07-24,SatoshiPay,1.0,1.0,3,0,0,0,0
2024-07-24,Stellar Development Foundation,1.0,1.0,3,0,0,0,0
2024-07-25,Blockdaemon Inc.,1.0,1.0,3,0,0,0,0
2024-07-25,COINQVEST LLC,,1.0,3,0,0,0,0
2024-07-25,Franklin Templeton,1.0,1.0,3,0,0,0,0
2024-07-25,LOBSTR,1.0,0.0,6,1,0,1,0
2024-07-25,Public Node,1.0,1.0,3,0,0,0,0
2024-07-25,SatoshiPay,1.0,0.9958,3,0,0,0,0
2024-07-25,Stellar Development Foundation,1.0,1.0,3,0,0,0,0
2024-07-26,Blockdaemon Inc.,1.0,1.0,3,0,0,0,0
2024-07-26,COINQVEST LLC,,1.0,3,0,0,0,0
2024-07-26,Franklin Templeton,1.0,1.0,3,0,0,0,0
2024-07-26,LOBSTR,1.0,0.0,6,1,0,1,0
2024-07-26,Public Node,1.0,1.0,3,0,0,0,0
2024-07-26,SatoshiPay,1.0,0.9958,3,0,0,0,0
2024-07-26,Stellar Development Foundation,1.0,1.0,3,0,0,0,0
2024-07-27,Blockdaemon Inc.,1.0,1.0,3,0,0,0,0
2024-07-27,COINQVEST LLC,,1.0,3,0,0,0,0
2024-07-27,Franklin Templeton,1.0,1.0,3,0,0,0,0
2024-07-27,LOBSTR,1.0,0.0,6,1,0,1,0
2024-07-27,Public Node,1.0,1.0,3,0,0,0,0
2024-07-27,SatoshiPay,1.0,0.9979,3,0,0,0,0
2024-07-27,Stellar Development Foundation,1.0,1.0,3,0,0,0,0
2024-07-28,Blockdaemon Inc.,1.0,1.0,3,0,0,0,0
2024-07-28,COINQVEST LLC,,1.0,3,0,0,0,0
2024-07-28,Franklin Templeton,1.0,1.0,3,0,0,0,0
2024-07-28,LOBSTR,1.0,0.0,6,1,0,1,0
2024-07-28,Public Node,1.0,1.0,3,0,0,0,0
2024-07-28,SatoshiPay,1.0,1.0,3,0,0,0,0
2024-07-28,Stellar Development Foundation,1.0,1.0,3,0,0,0,0
2024-07-29,Blockdaemon Inc.,1.0,1.0,3,0,0,0,0
2024-07-29,COINQVEST LLC,,1.0,3,0,0,0,0
2024-07-29,Franklin Templeton,1.0,1.0,3,0,0,0,0
2024-07-29,LOBSTR,1.0,0.0,6,1,0,1,0
2024-07-29,Public Node,1.0,1.0,3,0,0,0,0
2024-07-29,SatoshiPay,1.0,1.0,3,0,0,0,0
2024-07-29,Stellar Development Foundation,1.0,1.0,3,0,0,0,0
2024-07-30,Blockdaemon Inc.,1.0,1.0,3,0,0,0,0
2024-07-30,COINQVEST LLC,,1.0,3,0,0,0,0
2024-07-30,Franklin Templeton,1.0,1.0,3,0,0,0,0
2024-07-30,LOBSTR,1.0,0.0,6,1,0,1,0
2024-07-30,Public Node,1.0,1.0,3,0,0,0,0
2024-07-30,SatoshiPay,1.0,1.0,3,0,0,0,0
2024-07-30,Stellar Development Foundation,1.0,1.0,3,0,0,0,0
2024-07-31,Blockdaemon Inc.,1.0,1.0,3,0,0,0,0
2024-07-31,COINQVEST LLC,,1.0,3,0,0,0,0
2024-07-31,Franklin Templeton,1.0,1.0,3,0,0,0,0
2024-07-31,LOBSTR,1.0,0.0,6,1,0,1,0
2024-07-31,Public Node,1.0,1.0,3,0,0,0,0
2024-07-31,SatoshiPay,1.0,1.0,3,0,0,0,0
2024-07-31,Stellar Development Foundation,1.0,1.0,3,0,0,0,0
2024-08-01,Blockdaemon Inc.,1.0,1.0,3,0,0,0,0
2024-08-01,COINQVEST LLC,,0.9646,3,0,0,0,0
2024-08-01,Franklin Templeton,1.0,1.0,3,0,0,0,0
2024-08-01,LOBSTR,1.0,0.0,6,1,0,1,0
2024-08-01,Public Node,1.0,1.0,3,0,0,0,0
2024-08-01,SatoshiPay,1.0,1.0,3,0,0,0,0
2024-08-01,Stellar Development Foundation,1.0,1.0,3,0,0,0,0
2024-08-02,Blockdaemon Inc.,1.0,1.0,3,0,0,0,0
2024-08-02,COINQVEST LLC,,1.0,3,0,0,0,0
2024-08-02,Franklin Templeton,1.0,1.0,3,0,0,0,0
2024-08-02,LOBSTR,1.0,0.0,6,1,0,1,0
2024-08-02,Public Node,1.0,1.0,3,0,0,0,0
2024-08-02,SatoshiPay,1.0,1.0,3,0,0,0,0
2024-08-02,Stellar Development Foundation,1.0,1.0,3,0,0,0,0
2024-08-03,Blockdaemon Inc.,1.0,1.0,3,0,0,0,0
2024-08-03,COINQVEST LLC,,1.0,3,0,0,0,0
2024-08-03,Franklin Templeton,1.0,1.0,3,0,0,0,0
2024-08-03,LOBSTR,1.0,0.0,6,1,0,1,0
2024-08-03,Public Node,1.0,1.0,3,0,0,0,0
2024-08-03,SatoshiPay,1.0,1.0,3,0,0,0,0
2024-08-03,Stellar Development Foundation,1.0,1.0,3,0,0,0,0
2024-08-04,Blockdaemon Inc.,1.0,1.0,3,0,0,0,0
2024-08-04,COINQVEST LLC,,1.0,3,0,0,0,0
2024-08-04,Franklin Templeton,1.0,1.0,3,0,0,0,0
2024-08-04,LOBSTR,1.0,0.0,6,1,0,1,0
2024-08-04,Public Node,1.0,1.0,3,0,0,0,0
2024-08-04,SatoshiPay,1.0,0.9958,3,0,0,0,0
2024-08-04,Stellar Development Foundation,1.0,1.0,3,0,0,0,0
2024-08-05,Blockdaemon Inc.,1.0,1.0,3,0,0,0,0
2024-08-05,COINQVEST LLC,,1.0,3,0,0,0,0
2024-08-05,Franklin Templeton,1.0,1.0,3,0,0,0,0
2024-08-05,LOBSTR,1.0,0.0,6,1,0,1,0
2024-08-05,Public Node,1.0,1.0,3,0,0,0,0
2024-08-05,SatoshiPay,1.0,1.0,3,0,0,0,0
2024-08-05,Stellar Development Foundation,1.0,1.0,3,0,0,0,0
2024-08-06,Blockdaemon Inc.,1.0,1.0,3,0,0,0,0
2024-08-06,COINQVEST LLC,,1.0,3,0,0,0,0
2024-08-06,Franklin Templeton,1.0,1.0,3,0,0,0,0
2024-08-06,LOBSTR,1.0,0.0,6,1,0,1,0
2024-08-06,Public Node,1.0,1.0,3,0,0,0,0
2024-08-06,SatoshiPay,1.0,1.0,3,0,0,0,0
2024-08-06,Stellar Development Foundation,1.0,1.0,3,0,0,0,0
2024-08-07,Blockdaemon Inc.,1.0,1.0,3,0,0,0,0
2024-08-07,COINQVEST LLC,,1.0,3,0,0,0,0
2024-08-07,Franklin Templeton,1.0,1.0,3,0,0,0,0
2024-08-07,LOBSTR,1.0,0.0,6,1,0,1,0
2024-08-07,Public Node,1.0,1.0,3,0,0,0,0
2024-08-07,SatoshiPay,1.0,1.0,3,0,0,0,0
2024-08-07,Stellar Development Foundation,1.0,1.0,3,0,0,0,0
2024-08-08,Blockdaemon Inc.,1.0,1.0,3,0,0,0,0
2024-08-08,COINQVEST LLC,,1.0,3,0,0,0,0
2024-08-08,Franklin Templeton,1.0,1.0,3,0,0,0,0
2024-08-08,LOBSTR,1.0,0.0,6,1,0,1,0
2024-08-08,Public Node,1.0,1.0,3,0,0,0,0
2024-08-08,SatoshiPay,1.0,1.0,3,0,0,0,0
2024-08-08,Stellar Development Foundation,1.0,1.0,3,0,0,0,0
2024-08-09,Blockdaemon Inc.,1.0,1.0,3,0,0,0,0
2024-08-09,COINQVEST LLC,,1.0,3,0,0,0,0
2024-08-09,Franklin Templeton,1.0,1.0,3,0,0,0,0
2024-08-09,LOBSTR,1.0,0.0,6,1,0,1,0
2024-08-09,Public Node,1.0,1.0,3,0,0,0,0
2024-08-09,SatoshiPay,1.0,1.0,3,0,0,0,0
2024-08-09,Stellar Development Foundation,1.0,1.0,3,0,0,0,0
2024-08-10,Blockdaemon Inc.,1.0,1.0,3,0,0,0,0
2024-08-10,COINQVEST LLC,,1.0,3,0,0,0,0
2024-08-10,Franklin Templeton,1.0,1.0,3,0,0,0,0
2024-08-10,LOBSTR,1.0,0.0,6,1,0,1,0
2024-08-10,Public Node,1.0,1.0,3,0,0,0,0
2024-08-10,SatoshiPay,1.0,1.0,3,0,0,0,0
2024-08-10,Stellar Development Foundation,1.0,1.0,3,0,0,0,0
2024-08-11,Blockdaemon Inc.,1.0,1.0,3,0,0,0,0
2024-08-11,COINQVEST LLC,,1.0,3,0,0,0,0
2024-08-11,Franklin Templeton,1.0,1.0,3,0,0,0,0
2024-08-11,LOBSTR,1.0,0.0,6,1,0,1,0
2024-08-11,Public Node,1.0,1.0,3,0,0,0,0
2024-08-11,SatoshiPay,1.0,1.0,3,0,0,0,0
2024-08-11,Stellar Development Foundation,1.0,1.0,3,0,0,0,0
2024-08-12,Blockdaemon Inc.,1.0,1.0,3,0,0,0,0
2024-08-12,COINQVEST LLC,,1.0,3,0,0,0,0
2024-08-12,Franklin Templeton,1.0,1.0,3,0,0,0,0
2024-08-12,LOBSTR,1.0,0.0,6,1,0,1,0
2024-08-12,Public Node,1.0,1.0,3,0,0,0,0
2024-08-12,SatoshiPay,1.0,1.0,3,0,0,0,0
2024-08-12,Stellar Development Foundation,1.0,0.9896,3,0,0,0,0
2024-08-13,Blockdaemon Inc.,1.0,1.0,3,0,0,0,0
2024-08-13,COINQVEST LLC,,1.0,3,0,0,0,0
2024-08-13,Franklin Templeton,1.0,1.0,3,0,0,0,0
2024-08-13,LOBSTR,1.0,0.0,6,1,0,1,0
2024-08-13,Public Node,1.0,1.0,3,0,0,0,0
2024-08-13,SatoshiPay,1.0,1.0,3,0,0,0,0
2024-08-13,Stellar Development Foundation,1.0,1.0,3,0,0,0,0
2024-08-14,Blockdaemon Inc.,1.0,1.0,3,0,0,0,0
2024-08-14,COINQVEST LLC,,1.0,3,0,0,0,0
2024-08-14,Franklin Templeton,1.0,1.0,3,0,0,0,0
2024-08-14,LOBSTR,1.0,0.0,6,1,0,1,0
2024-08-14,Public Node,1.0,1.0,3,0,0,0,0
2024-08-14,SatoshiPay,1.0,1.0,3,0,0,0,0
2024-08-14,Stellar Development Foundation,1.0,0.9958,3,0,0,0,0
2024-08-15,Blockdaemon Inc.,1.0,1.0,3,0,0,0,0
2024-08-15,COINQVEST LLC,,1.0,3,0,0,0,0
2024-08-15,Franklin Templeton,1.0,1.0,3,0,0,0,0
2024-08-15,LOBSTR,1.0,0.0,6,1,0,1,0
2024-08-15,Public Node,1.0,1.0,3,0,0,0,0
2024-08-15,SatoshiPay,1.0,1.0,3,0,0,0,0
2024-08-15,Stellar Development Foundation,1.0,0.9979,3,0,0,0,0
2024-08-16,Blockdaemon Inc.,1.0,1.0,3,0,0,0,0
2024-08-16,COINQVEST LLC,,1.0,3,0,0,0,0
2024-08-16,Franklin Templeton,1.0,1.0,3,0,0,0,0
2024-08-16,LOBSTR,1.0,0.0,6,1,0,1,0
2024-08-16,Public Node,1.0,1.0,3,0,0,0,0
2024-08-16,SatoshiPay,1.0,1.0,3,0,0,0,0
2024-08-16,Stellar Development Foundation,1.0,0.9979,3,0,0,0,0
2024-08-17,Blockdaemon Inc.,1.0,1.0,3,0,0,0,0
2024-08-17,COINQVEST LLC,,1.0,3,0,0,0,0
2024-08-17,Franklin Templeton,1.0,1.0,3,0,0,0,0
2024-08-17,LOBSTR,1.0,0.0,6,1,0,1,0
2024-08-17,Public Node,1.0,1.0,3,0,0,0,0
2024-08-17,SatoshiPay,1.0,1.0,3,0,0,0,0
2024-08-17,Stellar Development Foundation,1.0,1.0,3,0,0,0,0
2024-08-18,Blockdaemon Inc.,1.0,1.0,3,0,0,0,0
2024-08-18,COINQVEST LLC,,1.0,3,0,0,0,0
2024-08-18,Franklin Templeton,1.0,1.0,3,0,0,0,0
2024-08-18,LOBSTR,1.0,0.0,6,1,0,1,0
2024-08-18,Public Node,1.0,1.0,3,0,0,0,0
2024-08-18,SatoshiPay,1.0,1.0,3,0,0,0,0
2024-08-18,Stellar Development Foundation,1.0,1.0,3,0,0,0,0
2024-08-19,Blockdaemon Inc.,1.0,1.0,3,0,0,0,0
2024-08-19,COINQVEST LLC,,1.0,3,0,0,0,0
2024-08-19,Franklin Templeton,1.0,1.0,3,0,0,0,0
2024-08-19,LOBSTR,1.0,0.0,6,1,0,1,0
2024-08-19,Public Node,1.0,1.0,3,0,0,0,0
2024-08-19,SatoshiPay,1.0,1.0,3,0,0,0,0
2024-08-19,Stellar Development Foundation,1.0,0.9917,3,0,0,0,0
2024-08-20,Blockdaemon Inc.,1.0,1.0,3,0,0,0,0
2024-08-20,COINQVEST LLC,,1.0,3,0,0,0,0
2024-08-20,Franklin Templeton,1.0,1.0,3,0,0,0,0
2024-08-20,LOBSTR,1.0,0.0,6,1,0,1,0
2024-08-20,Public Node,1.0,1.0,3,0,0,0,0
2024-08-20,SatoshiPay,1.0,0.9979,3,0,0,0,0
2024-08-20,Stellar Development Foundation,1.0,1.0,3,0,0,0,0
2024-08-21,Blockdaemon Inc.,1.0,1.0,3,0,0,0,0
2024-08-21,COINQVEST LLC,,1.0,3,0,0,0,0
2024-08-21,Franklin Templeton,1.0,1.0,3,0,0,0,0
2024-08-21,LOBSTR,1.0,0.0,6,1,0,1,0
2024-08-21,Public Node,1.0,1.0,3,0,0,0,0
2024-08-21,SatoshiPay,1.0,1.0,3,0,0,0,0
2024-08-21,Stellar Development Foundation,1.0,1.0,3,0,0,0,0
2024-08-22,Blockdaemon Inc.,0.9957,0.9913,3,0,0,0,0
2024-08-22,COINQVEST LLC,,1.0,3,0,0,0,0
2024-08-22,Franklin Templeton,1.0,1.0,3,0,0,0,0
2024-08-22,LOBSTR,1.0,0.0,6,1,0,1,0
2024-08-22,Public Node,1.0,1.0,3,0,0,0,0
2024-08-22,SatoshiPay,1.0,1.0,3,0,0,0,0
2024-08-22,Stellar Development Foundation,1.0,1.0,3,0,0,0,0
2024-08-23,Blockdaemon Inc.,1.0,1.0,3,0,0,0,0
2024-08-23,COINQVEST LLC,,1.0,3,0,0,0,0
2024-08-23,Franklin Templeton,1.0,0.9896,3,0,0,0,0
2024-08-23,LOBSTR,1.0,0.0,6,1,0,1,0
2024-08-23,Public Node,1.0,1.0,3,0,0,0,0
2024-08-23,SatoshiPay,1.0,1.0,3,0,0,0,0
2024-08-23,Stellar Development Foundation,1.0,1.0,3,0,0,0,0
2024-08-24,Blockdaemon Inc.,1.0,1.0,3,0,0,0,0
2024-08-24,COINQVEST LLC,,1.0,3,0,0,0,0
2024-08-24,Franklin Templeton,1.0,1.0,3,0,0,0,0
2024-08-24,LOBSTR,1.0,0.0,6,1,0,1,0
2024-08-24,Public Node,1.0,1.0,3,0,0,0,0
2024-08-24,SatoshiPay,1.0,1.0,3,0,0,0,0
2024-08-24,Stellar Development Foundation,1.0,1.0,3,0,0,0,0
2024-08-25,Blockdaemon Inc.,1.0,1.0,3,0,0,0,0
2024-08-25,COINQVEST LLC,,1.0,3,0,0,0,0
2024-08-25,Franklin Templeton,1.0,1.0,3,0,0,0,0
2024-08-25,LOBSTR,1.0,0.0,6,1,0,1,0
2024-08-25,Public Node,1.0,1.0,3,0,0,0,0
2024-08-25,SatoshiPay,1.0,1.0,3,0,0,0,0
2024-08-25,Stellar Development Foundation,1.0,1.0,3,0,0,0,0
2024-08-26,Blockdaemon Inc.,1.0,1.0,3,0,0,0,0
2024-08-26,COINQVEST LLC,,1.0,3,0,0,0,0
2024-08-26,Franklin Templeton,1.0,1.0,3,0,0,0,0
2024-08-26,LOBSTR,1.0,0.0,6,1,0,1,0
2024-08-26,Public Node,1.0,1.0,3,0,0,0,0
2024-08-26,SatoshiPay,1.0,1.0,3,0,0,0,0
2024-08-26,Stellar Development Foundation,1.0,1.0,3,0,0,0,0
2024-08-27,Blockdaemon Inc.,1.0,1.0,3,0,0,0,0
2024-08-27,COINQVEST LLC,,1.0,3,0,0,0,0
2024-08-27,Franklin Templeton,1.0,1.0,3,0,0,0,0
2024-08-27,LOBSTR,1.0,0.0,6,1,0,1,0
2024-08-27,Public Node,1.0,1.0,3,0,0,0,0
2024-08-27,SatoshiPay,1.0,0.9979,3,0,0,0,0
2024-08-27,Stellar Development Foundation,1.0,1.0,3,0,0,0,0
2024-08-28,Blockdaemon Inc.,1.0,1.0,3,0,0,0,0
2024-08-28,COINQVEST LLC,,1.0,3,0,0,0,0
2024-08-28,Franklin Templeton,1.0,1.0,3,0,0,0,0
2024-08-28,LOBSTR,1.0,0.0,6,1,0,1,0
2024-08-28,Public Node,1.0,1.0,3,0,0,0,0
2024-08-28,SatoshiPay,1.0,1.0,3,0,0,0,0
2024-08-28,Stellar Development Foundation,1.0,1.0,3,0,0,0,0
2024-08-29,Blockdaemon Inc.,1.0,1.0,3,0,0,0,0
2024-08-29,COINQVEST LLC,,1.0,3,0,0,0,0
2024-08-29,Franklin Templeton,1.0,1.0,3,0,0,0,0
2024-08-29,LOBSTR,1.0,0.0,6,1,0,1,0
2024-08-29,Public Node,1.0,1.0,3,0,0,0,0
2024-08-29,SatoshiPay,1.0,1.0,3,0,0,0,0
2024-08-29,Stellar Development Foundation,1.0,1.0,3,0,0,0,0
2024-08-30,Blockdaemon Inc.,1.0,1.0,3,0,0,0,0
2024-08-30,COINQVEST LLC,,1.0,3,0,0,0,0
2024-08-30,Franklin Templeton,1.0,1.0,3,0,0,0,0
2024-08-30,LOBSTR,1.0,0.0,6,1,0,1,0
2024-08-30,Public Node,1.0,1.0,3,0,0,0,0
2024-08-30,SatoshiPay,1.0,1.0,3,0,0,0,0
2024-08-30,Stellar Development Foundation,1.0,1.0,3,0,0,0,0
2024-08-31,Blockdaemon Inc.,1.0,1.0,3,0,0,0,0
2024-08-31,COINQVEST LLC,,1.0,3,0,0,0,0
2024-08-31,Franklin Templeton,1.0,1.0,3,0,0,0,0
2024-08-31,LOBSTR,1.0,0.0,6,1,0,1,0
2024-08-31,Public Node,1.0,1.0,3,0,0,0,0
2024-08-31,SatoshiPay,1.0,1.0,3,0,0,0,0
2024-08-31,Stellar Development Foundation,1.0,1.0,3,0,0,0,0
2024-09-01,Blockdaemon Inc.,1.0,1.0,3,0,0,0,0
2024-09-01,COINQVEST LLC,,1.0,3,0,0,0,0
2024-09-01,Franklin Templeton,1.0,1.0,3,0,0,0,0
2024-09-01,LOBSTR,1.0,0.0,6,1,0,1,0
2024-09-01,Public Node,1.0,1.0,3,0,0,0,0
2024-09-01,SatoshiPay,1.0,1.0,3,0,0,0,0
2024-09-01,Stellar Development Foundation,1.0,1.0,3,0,0,0,0
2024-09-02,Blockdaemon Inc.,1.0,1.0,3,0,0,0,0
2024-09-02,COINQVEST LLC,,1.0,3,0,0,0,0
2024-09-02,Franklin Templeton,1.0,1.0,3,0,0,0,0
2024-09-02,LOBSTR,1.0,0.0,6,1,0,1,0
2024-09-02,Public Node,1.0,1.0,3,0,0,0,0
2024-09-02,SatoshiPay,1.0,1.0,3,0,0,0,0
2024-09-02,Stellar Development Foundation,1.0,1.0,3,0,0,0,0
2024-09-03,Blockdaemon Inc.,1.0,1.0,3,0,0,0,0
2024-09-03,COINQVEST LLC,,1.0,3,0,0,0,0
2024-09-03,Franklin Templeton,1.0,1.0,3,0,0,0,0
2024-09-03,LOBSTR,1.0,0.0,6,1,0,1,0
2024-09-03,Public Node,1.0,1.0,3,0,0,0,0
2024-09-03,SatoshiPay,1.0,0.9979,3,0,0,0,0
2024-09-03,Stellar Development Foundation,1.0,1.0,3,0,0,0,0
2024-09-04,Blockdaemon Inc.,1.0,1.0,3,0,0,0,0
2024-09-04,COINQVEST LLC,,1.0,3,0,0,0,0
2024-09-04,Franklin Templeton,1.0,1.0,3,0,0,0,0
2024-09-04,LOBSTR,1.0,0.0,6,1,0,1,0
2024-09-04,Public Node,1.0,1.0,3,0,0,0,0
2024-09-04,SatoshiPay,1.0,1.0,3,0,0,0,0
2024-09-04,Stellar Development Foundation,1.0,1.0,3,0,0,0,0
2024-09-05,Blockdaemon Inc.,1.0,1.0,3,0,0,0,0
2024-09-05,COINQVEST LLC,,1.0,3,0,0,0,0
2024-09-05,Franklin Templeton,1.0,1.0,3,0,0,0,0
2024-09-05,LOBSTR,1.0,0.0,6,1,0,1,0
2024-09-05,Public Node,1.0,1.0,3,0,0,0,0
2024-09-05,SatoshiPay,1.0,1.0,3,0,0,0,0
2024-09-05,Stellar Development Foundation,1.0,1.0,3,0,0,0,0
2024-09-06,Blockdaemon Inc.,1.0,1.0,3,0,0,0,0
2024-09-06,COINQVEST LLC,,1.0,3,0,0,0,0
2024-09-06,Franklin Templeton,1.0,1.0,3,0,0,0,0
2024-09-06,LOBSTR,1.0,0.0,6,1,0,1,0
2024-09-06,Public Node,1.0,1.0,3,0,0,0,0
2024-09-06,SatoshiPay,1.0,0.9374,3,0,0,0,0
2024-09-06,Stellar Development Foundation,1.0,1.0,3,0,0,0,0
2024-09-07,Blockdaemon Inc.,1.0,1.0,3,0,0,0,0
2024-09-07,COINQVEST LLC,,1.0,3,0,0,0,0
2024-09-07,Franklin Templeton,1.0,1.0,3,0,0,0,0
2024-09-07,LOBSTR,1.0,0.0,6,1,0,1,0
2024-09-07,Public Node,1.0,1.0,3,0,0,0,0
2024-09-07,SatoshiPay,1.0,0.9854,3,0,0,0,0
2024-09-07,Stellar Development Foundation,1.0,1.0,3,0,0,0,0
2024-09-08,Blockdaemon Inc.,1.0,1.0,3,0,0,0,0
2024-09-08,COINQVEST LLC,,1.0,3,0,0,0,0
2024-09-08,Franklin Templeton,1.0,1.0,3,0,0,0,0
2024-09-08,LOBSTR,1.0,0.0,6,1,0,1,0
2024-09-08,Public Node,1.0,1.0,3,0,0,0,0
2024-09-08,SatoshiPay,1.0,1.0,3,0,0,0,0
2024-09-08,Stellar Development Foundation,1.0,1.0,3,0,0,0,0
2024-09-09,Blockdaemon Inc.,1.0,1.0,3,0,0,0,0
2024-09-09,COINQVEST LLC,,1.0,3,0,0,0,0
2024-09-09,Franklin Templeton,1.0,1.0,3,0,0,0,0
2024-09-09,LOBSTR,1.0,0.0,6,1,0,1,0
2024-09-09,Public Node,1.0,1.0,3,0,0,0,0
2024-09-09,SatoshiPay,1.0,1.0,3,0,0,0,0
2024-09-09,Stellar Development Foundation,1.0,1.0,3,0,0,0,0
2024-09-10,Blockdaemon Inc.,1.0,1.0,3,0,0,0,0
2024-09-10,COINQVEST LLC,,1.0,3,0,0,0,0
2024-09-10,Franklin Templeton,1.0,1.0,3,0,0,0,0
2024-09-10,LOBSTR,1.0,0.0,6,1,0,1,0
2024-09-10,Public Node,1.0,1.0,3,0,0,0,0
2024-09-10,SatoshiPay,1.0,1.0,3,0,0,0,0
2024-09-10,Stellar Development Foundation,1.0,1.0,3,0,0,0,0
2024-09-11,Blockdaemon Inc.,1.0,1.0,3,0,0,0,0
2024-09-11,COINQVEST LLC,,1.0,3,0,0,0,0
2024-09-11,Franklin Templeton,1.0,1.0,3,0,0,0,0
2024-09-11,LOBSTR,1.0,0.0,6,1,0,1,0
2024-09-11,Public Node,1.0,1.0,3,0,0,0,0
2024-09-11,SatoshiPay,1.0,1.0,3,0,0,0,0
2024-09-11,Stellar Development Foundation,1.0,1.0,3,0,0,0,0
2024-09-12,Blockdaemon Inc.,1.0,1.0,3,0,0,0,0
2024-09-12,COINQVEST LLC,,1.0,3,0,0,0,0
2024-09-12,Franklin Templeton,1.0,1.0,3,0,0,0,0
2024-09-12,LOBSTR,1.0,0.0,6,1,0,1,0
2024-09-12,Public Node,1.0,1.0,3,0,0,0,0
2024-09-12,SatoshiPay,1.0,1.0,3,0,0,0,0
2024-09-12,Stellar Development Foundation,1.0,1.0,3,0,0,0,0
2024-09-13,Blockdaemon Inc.,1.0,1.0,3,0,0,0,0
2024-09-13,COINQVEST LLC,,1.0,3,0,0,0,0
2024-09-13,Franklin Templeton,1.0,1.0,3,0,0,0,0
2024-09-13,LOBSTR,1.0,0.0,6,1,0,1,0
2024-09-13,Public Node,1.0,1.0,3,0,0,0,0
2024-09-13,SatoshiPay,1.0,1.0,3,0,0,0,0
2024-09-13,Stellar Development Foundation,1.0,1.0,3,0,0,0,0
2024-09-14,Blockdaemon Inc.,1.0,1.0,3,0,0,0,0
2024-09-14,COINQVEST LLC,,1.0,3,0,0,0,0
2024-09-14,Franklin Templeton,1.0,1.0,3,0,0,0,0
2024-09-14,LOBSTR,1.0,0.0,6,1,0,1,0
2024-09-14,Public Node,1.0,1.0,3,0,0,0,0
2024-09-14,SatoshiPay,1.0,1.0,3,0,0,0,0
2024-09-14,Stellar Development Foundation,1.0,1.0,3,0,0,0,0
2024-09-15,Blockdaemon Inc.,1.0,1.0,3,0,0,0,0
2024-09-15,COINQVEST LLC,,1.0,3,0,0,0,0
2024-09-15,Franklin Templeton,1.0,1.0,3,0,0,0,0
2024-09-15,LOBSTR,1.0,0.0,6,1,0,1,0
2024-09-15,Public Node,1.0,1.0,3,0,0,0,0
2024-09-15,SatoshiPay,1.0,1.0,3,0,0,0,0
2024-09-15,Stellar Development Foundation,1.0,1.0,3,0,0,0,0
2024-09-16,Blockdaemon Inc.,1.0,1.0,3,0,0,0,0
2024-09-16,COINQVEST LLC,,1.0,3,0,0,0,0
2024-09-16,Franklin Templeton,1.0,1.0,3,0,0,0,0
2024-09-16,LOBSTR,1.0,0.0,6,1,0,1,0
2024-09-16,Public Node,1.0,1.0,3,0,0,0,0
2024-09-16,SatoshiPay,1.0,1.0,3,0,0,0,0
2024-09-16,Stellar Development Foundation,1.0,1.0,3,0,0,0,0
2024-09-17,Blockdaemon Inc.,1.0,1.0,3,0,0,0,0
2024-09-17,COINQVEST LLC,,1.0,3,0,0,0,0
2024-09-17,Franklin Templeton,1.0,1.0,3,0,0,0,0
2024-09-17,LOBSTR,1.0,0.0,6,1,0,1,0
2024-09-17,Public Node,1.0,1.0,3,0,0,0,0
2024-09-17,SatoshiPay,1.0,0.9979,3,0,0,0,0
2024-09-17,Stellar Development Foundation,1.0,1.0,3,0,0,0,0
2024-09-18,Blockdaemon Inc.,1.0,1.0,3,0,0,0,0
2024-09-18,COINQVEST LLC,,1.0,3,0,0,0,0
2024-09-18,Franklin Templeton,1.0,1.0,3,0,0,0,0
2024-09-18,LOBSTR,1.0,0.0,6,1,0,1,0
2024-09-18,Public Node,1.0,1.0,3,0,0,0,0
2024-09-18,SatoshiPay,1.0,1.0,3,0,0,0,0
2024-09-18,Stellar Development Foundation,1.0,1.0,3,0,0,0,0
2024-09-19,Blockdaemon Inc.,1.0,1.0,3,0,0,0,0
2024-09-19,COINQVEST LLC,,1.0,3,0,0,0,0
2024-09-19,Franklin Templeton,1.0,1.0,3,0,0,0,0
2024-09-19,LOBSTR,1.0,0.0,6,1,0,1,0
2024-09-19,Public Node,1.0,1.0,3,0,0,0,0
2024-09-19,SatoshiPay,1.0,1.0,3,0,0,0,0
2024-09-19,Stellar Development Foundation,1.0,1.0,3,0,0,0,0
2024-09-20,Blockdaemon Inc.,1.0,1.0,3,0,0,0,0
2024-09-20,COINQVEST LLC,,1.0,3,0,0,0,0
2024-09-20,Franklin Templeton,1.0,1.0,3,0,0,0,0
2024-09-20,LOBSTR,1.0,0.0,6,1,0,1,0
2024-09-20,Public Node,1.0,1.0,3,0,0,0,0
2024-09-20,SatoshiPay,1.0,0.9646,3,0,0,0,0
2024-09-20,Stellar Development Foundation,1.0,1.0,3,0,0,0,0
2024-09-21,Blockdaemon Inc.,1.0,1.0,3,0,0,0,0
2024-09-21,COINQVEST LLC,,0.9833,3,0,0,0,0
2024-09-21,Franklin Templeton,1.0,1.0,3,0,0,0,0
2024-09-21,LOBSTR,1.0,0.0,6,1,0,1,0
2024-09-21,Public Node,1.0,0.9812,3,0,0,0,0
2024-09-21,SatoshiPay,1.0,1.0,3,0,0,0,0
2024-09-21,Stellar Development Foundation,1.0,1.0,3,0,0,0,0
2024-09-22,Blockdaemon Inc.,1.0,1.0,3,0,0,0,0
2024-09-22,COINQVEST LLC,,1.0,3,0,0,0,0
2024-09-22,Franklin Templeton,1.0,1.0,3,0,0,0,0
2024-09-22,LOBSTR,1.0,0.0,6,1,0,1,0
2024-09-22,Public Node,1.0,0.9958,3,0,0,0,0
2024-09-22,SatoshiPay,1.0,1.0,3,0,0,0,0
2024-09-22,Stellar Development Foundation,1.0,1.0,3,0,0,0,0
2024-09-23,Blockdaemon Inc.,1.0,1.0,3,0,0,0,0
2024-09-23,COINQVEST LLC,,1.0,3,0,0,0,0
2024-09-23,Franklin Templeton,1.0,1.0,3,0,0,0,0
2024-09-23,LOBSTR,1.0,0.0,6,1,0,1,0
2024-09-23,Public Node,1.0,1.0,3,0,0,0,0
2024-09-23,SatoshiPay,1.0,0.9958,3,0,0,0,0
2024-09-23,Stellar Development Foundation,1.0,1.0,3,0,0,0,0
2024-09-24,Blockdaemon Inc.,1.0,1.0,3,0,0,0,0
2024-09-24,COINQVEST LLC,,1.0,3,0,0,0,0
2024-09-24,Franklin Templeton,1.0,1.0,3,0,0,0,0
2024-09-24,LOBSTR,1.0,0.0,6,1,0,1,0
2024-09-24,Public Node,1.0,1.0,3,0,0,0,0
2024-09-24,SatoshiPay,1.0,1.0,3,0,0,0,0
2024-09-24,Stellar Development Foundation,1.0,1.0,3,0,0,0,0
2024-09-25,Blockdaemon Inc.,1.0,1.0,3,0,0,0,0
2024-09-25,COINQVEST LLC,,1.0,3,0,0,0,0
2024-09-25,Franklin Templeton,1.0,1.0,3,0,0,0,0
2024-09-25,LOBSTR,1.0,0.0,6,1,0,1,0
2024-09-25,Public Node,1.0,1.0,3,0,0,0,0
2024-09-25,SatoshiPay,1.0,1.0,3,0,0,0,0
2024-09-25,Stellar Development Foundation,1.0,1.0,3,0,0,0,0
2024-09-26,Blockdaemon Inc.,1.0,1.0,3,0,0,0,0
2024-09-26,COINQVEST LLC,,1.0,3,0,0,0,0
2024-09-26,Franklin Templeton,1.0,1.0,3,0,0,0,0
2024-09-26,LOBSTR,1.0,0.0,6,1,0,1,0
2024-09-26,Public Node,1.0,1.0,3,0,0,0,0
2024-09-26,SatoshiPay,1.0,1.0,3,0,0,0,0
2024-09-26,Stellar Development Foundation,1.0,1.0,3,0,0,0,0
2024-09-27,Blockdaemon Inc.,1.0,1.0,3,0,0,0,0
2024-09-27,COINQVEST LLC,,1.0,3,0,0,0,0
2024-09-27,Franklin Templeton,1.0,1.0,3,0,0,0,0
2024-09-27,LOBSTR,1.0,0.0,6,1,0,1,0
2024-09-27,Public Node,1.0,1.0,3,0,0,0,0
2024-09-27,SatoshiPay,1.0,1.0,3,0,0,0,0
2024-09-27,Stellar Development Foundation,1.0,1.0,3,0,0,0,0
2024-09-28,Blockdaemon Inc.,1.0,1.0,3,0,0,0,0
2024-09-28,COINQVEST LLC,,1.0,3,0,0,0,0
2024-09-28,Franklin Templeton,1.0,1.0,3,0,0,0,0
2024-09-28,LOBSTR,1.0,0.0,6,1,0,1,0
2024-09-28,Public Node,1.0,1.0,3,0,0,0,0
2024-09-28,SatoshiPay,1.0,1.0,3,0,0,0,0
2024-09-28,Stellar Development Foundation,1.0,1.0,3,0,0,0,0
2024-09-29,Blockdaemon Inc.,1.0,1.0,3,0,0,0,0
2024-09-29,COINQVEST LLC,,1.0,3,0,0,0,0
2024-09-29,Franklin Templeton,1.0,1.0,3,0,0,0,0
2024-09-29,LOBSTR,1.0,0.0,6,1,0,1,0
2024-09-29,Public Node,1.0,1.0,3,0,0,0,0
2024-09-29,SatoshiPay,1.0,1.0,3,0,0,0,0
2024-09-29,Stellar Development Foundation,1.0,1.0,3,0,0,0,0
2024-09-30,Blockdaemon Inc.,1.0,1.0,3,0,0,0,0
2024-09-30,COINQVEST LLC,,1.0,3,0,0,0,0
2024-09-30,Franklin Templeton,1.0,1.0,3,0,0,0,0
2024-09-30,LOBSTR,1.0,0.0,6,1,0,1,0
2024-09-30,Public Node,1.0,1.0,3,0,0,0,0
2024-09-30,SatoshiPay,1.0,1.0,3,0,0,0,0
2024-09-30,Stellar Development Foundation,1.0,1.0,3,0,0,0,0
2024-10-01,Blockdaemon Inc.,1.0,1.0,3,0,0,0,0
2024-10-01,COINQVEST LLC,,1.0,3,0,0,0,0
2024-10-01,Franklin Templeton,1.0,0.9917,3,0,0,0,0
2024-10-01,LOBSTR,1.0,0.0,6,1,0,1,0
2024-10-01,Public Node,1.0,1.0,3,0,0,0,0
2024-10-01,SatoshiPay,1.0,1.0,3,0,0,0,0
2024-10-01,Stellar Development Foundation,1.0,1.0,3,0,0,0,0
2024-10-02,Blockdaemon Inc.,1.0,1.0,3,0,0,0,0
2024-10-02,COINQVEST LLC,,1.0,3,0,0,0,0
2024-10-02,Franklin Templeton,1.0,1.0,3,0,0,0,0
2024-10-02,LOBSTR,1.0,0.0,6,1,0,1,0
2024-10-02,Public Node,1.0,1.0,3,0,0,0,0
2024-10-02,SatoshiPay,1.0,0.9958,3,0,0,0,0
2024-10-02,Stellar Development Foundation,1.0,1.0,3,0,0,0,0
2024-10-03,Blockdaemon Inc.,1.0,1.0,3,0,0,0,0
2024-10-03,Franklin Templeton,1.0,0.9229,3,0,0,0,0
2024-10-03,LOBSTR,1.0,0.0,6,1,0,1,0
2024-10-03,Public Node,1.0,1.0,3,0,0,0,0
2024-10-03,SatoshiPay,1.0,1.0,3,0,0,0,0
2024-10-03,Stellar Development Foundation,1.0,1.0,3,0,0,0,0
2024-10-03,Whalestack LLC,1.0,1.0,3,0,0,0,0
2024-10-04,Blockdaemon Inc.,1.0,1.0,3,0,0,0,0
2024-10-04,Franklin Templeton,1.0,0.9542,3,0,0,0,0
2024-10-04,LOBSTR,1.0,0.0,6,1,0,1,0
2024-10-04,Public Node,1.0,1.0,3,0,0,0,0
2024-10-04,SatoshiPay,1.0,1.0,3,0,0,0,0
2024-10-04,Stellar Development Foundation,1.0,1.0,3,0,0,0,0
2024-10-04,Whalestack LLC,1.0,1.0,3,0,0,0,0
2024-10-05,Blockdaemon Inc.,1.0,1.0,3,0,0,0,0
2024-10-05,Franklin Templeton,1.0,1.0,3,0,0,0,0
2024-10-05,LOBSTR,1.0,0.0,6,1,0,1,0
2024-10-05,Public Node,1.0,1.0,3,0,0,0,0
2024-10-05,SatoshiPay,1.0,1.0,3,0,0,0,0
2024-10-05,Stellar Development Foundation,1.0,1.0,3,0,0,0,0
2024-10-05,Whalestack LLC,1.0,1.0,3,0,0,0,0
2024-10-06,Blockdaemon Inc.,1.0,1.0,3,0,0,0,0
2024-10-06,Franklin Templeton,1.0,1.0,3,0,0,0,0
2024-10-06,LOBSTR,1.0,0.0,6,1,0,1,0
2024-10-06,Public Node,1.0,1.0,3,0,0,0,0
2024-10-06,SatoshiPay,1.0,1.0,3,0,0,0,0
2024-10-06,Stellar Development Foundation,1.0,1.0,3,0,0,0,0
2024-10-06,Whalestack LLC,1.0,1.0,3,0,0,0,0
2024-10-07,Blockdaemon Inc.,1.0,1.0,3,0,0,0,0
2024-10-07,Franklin Templeton,1.0,1.0,3,0,0,0,0
2024-10-07,LOBSTR,1.0,0.0,6,1,0,1,0
2024-10-07,Public Node,1.0,1.0,3,0,0,0,0
2024-10-07,SatoshiPay,1.0,0.9979,3,0,0,0,0
2024-10-07,Stellar Development Foundation,1.0,1.0,3,0,0,0,0
2024-10-07,Whalestack LLC,1.0,1.0,3,0,0,0,0
2024-10-08,Blockdaemon Inc.,1.0,1.0021,3,0,0,0,0
2024-10-08,Franklin Templeton,1.0,0.9917,3,0,0,0,0
2024-10-08,LOBSTR,1.0,0.0,6,1,0,1,0
2024-10-08,Public Node,1.0,1.0021,3,0,0,0,0
2024-10-08,SatoshiPay,1.0,1.0021,3,0,0,0,0
2024-10-08,Stellar Development Foundation,1.0,1.0021,3,0,0,0,0
2024-10-08,Whalestack LLC,1.0,1.0021,3,0,0,0,0
2024-10-09,Blockdaemon Inc.,1.0,1.0,3,0,0,0,0
2024-10-09,Franklin Templeton,1.0,1.0,3,0,0,0,0
2024-10-09,LOBSTR,1.0,0.0,6,1,0,1,0
2024-10-09,Public Node,1.0,1.0,3,0,0,0,0
2024-10-09,SatoshiPay,1.0,1.0,3,0,0,0,0
2024-10-09,Stellar Development Foundation,1.0,1.0,3,0,0,0,0
2024-10-09,Whalestack LLC,1.0,1.0,3,0,0,0,0
2024-10-10,Blockdaemon Inc.,1.0,1.0,3,0,0,0,0
2024-10-10,Franklin Templeton,1.0,1.0,3,0,0,0,0
2024-10-10,LOBSTR,1.0,0.0,6,1,0,1,0
2024-10-10,Public Node,1.0,1.0,3,0,0,0,0
2024-10-10,SatoshiPay,1.0,1.0,3,0,0,0,0
2024-10-10,Stellar Development Foundation,1.0,1.0,3,0,0,0,0
2024-10-10,Whalestack LLC,1.0,1.0,3,0,0,0,0
2024-10-11,Blockdaemon Inc.,1.0,1.0,3,0,0,0,0
2024-10-11,Franklin Templeton,1.0,1.0,3,0,0,0,0
2024-10-11,LOBSTR,1.0,0.0,6,1,0,1,0
2024-10-11,Public Node,1.0,1.0,3,0,0,0,0
2024-10-11,SatoshiPay,1.0,1.0,3,0,0,0,0
2024-10-11,Stellar Development Foundation,1.0,0.9979,3,0,0,0,0
2024-10-11,Whalestack LLC,1.0,1.0,3,0,0,0,0
2024-10-12,Blockdaemon Inc.,1.0,1.0,3,0,0,0,0
2024-10-12,Franklin Templeton,1.0,1.0,3,0,0,0,0
2024-10-12,LOBSTR,1.0,0.0,6,1,0,1,0
2024-10-12,Public Node,1.0,1.0,3,0,0,0,0
2024-10-12,SatoshiPay,1.0,1.0,3,0,0,0,0
2024-10-12,Stellar Development Foundation,1.0,1.0,3,0,0,0,0
2024-10-12,Whalestack LLC,1.0,1.0,3,0,0,0,0
2024-10-13,Blockdaemon Inc.,1.0,1.0,3,0,0,0,0
2024-10-13,Franklin Templeton,1.0,1.0,3,0,0,0,0
2024-10-13,LOBSTR,1.0,0.0,6,1,0,1,0
2024-10-13,Public Node,1.0,1.0,3,0,0,0,0
2024-10-13,SatoshiPay,1.0,1.0,3,0,0,0,0
2024-10-13,Stellar Development Foundation,1.0,1.0,3,0,0,0,0
2024-10-13,Whalestack LLC,1.0,1.0,3,0,0,0,0
2024-10-14,Blockdaemon Inc.,1.0,1.0,3,0,0,0,0
2024-10-14,Franklin Templeton,1.0,1.0,3,0,0,0,0
2024-10-14,LOBSTR,1.0,0.0,6,1,0,1,0
2024-10-14,Public Node,1.0,1.0,3,0,0,0,0
2024-10-14,SatoshiPay,1.0,1.0,3,0,0,0,0
2024-10-14,Stellar Development Foundation,1.0,1.0,3,0,0,0,0
2024-10-14,Whalestack LLC,1.0,1.0,3,0,0,0,0
2024-10-15,Blockdaemon Inc.,1.0,1.0,3,0,0,0,0
2024-10-15,Franklin Templeton,1.0,1.0,3,0,0,0,0
2024-10-15,LOBSTR,1.0,0.0,6,1,0,1,0
2024-10-15,Public Node,1.0,1.0,3,0,0,0,0
2024-10-15,SatoshiPay,1.0,1.0,3,0,0,0,0
2024-10-15,Stellar Development Foundation,1.0,1.0,3,0,0,0,0
2024-10-15,Whalestack LLC,1.0,1.0,3,0,0,0,0
2024-10-16,Blockdaemon Inc.,1.0,1.0,3,0,0,0,0
2024-10-16,Franklin Templeton,1.0,1.0,3,0,0,0,0
2024-10-16,LOBSTR,1.0,0.0,6,1,0,1,0
2024-10-16,Public Node,1.0,1.0,3,0,0,0,0
2024-10-16,SatoshiPay,1.0,1.0,3,0,0,0,0
2024-10-16,Stellar Development Foundation,1.0,1.0,3,0,0,0,0
2024-10-16,Whalestack LLC,1.0,1.0,3,0,0,0,0
2024-10-17,Blockdaemon Inc.,1.0,1.0,3,0,0,0,0
2024-10-17,Franklin Templeton,1.0,1.0,3,0,0,0,0
2024-10-17,LOBSTR,1.0,0.0,6,1,0,1,0
2024-10-17,Public Node,1.0,1.0,3,0,0,0,0
2024-10-17,SatoshiPay,1.0,1.0,3,0,0,0,0
2024-10-17,Stellar Development Foundation,1.0,1.0,3,0,0,0,0
2024-10-17,Whalestack LLC,1.0,1.0,3,0,0,0,0
2024-10-18,Blockdaemon Inc.,1.0,1.0,3,0,0,0,0
2024-10-18,Franklin Templeton,1.0,1.0,3,0,0,0,0
2024-10-18,LOBSTR,1.0,0.0,6,1,0,1,0
2024-10-18,Public Node,1.0,1.0,3,0,0,0,0
2024-10-18,SatoshiPay,1.0,1.0,3,0,0,0,0
2024-10-18,Stellar Development Foundation,1.0,1.0,3,0,0,0,0
2024-10-18,Whalestack LLC,1.0,1.0,3,0,0,0,0
2024-10-19,Blockdaemon Inc.,1.0,1.0,3,0,0,0,0
2024-10-19,Franklin Templeton,1.0,1.0,3,0,0,0,0
2024-10-19,LOBSTR,1.0,0.0,6,1,0,1,0
2024-10-19,Public Node,1.0,1.0,3,0,0,0,0
2024-10-19,SatoshiPay,1.0,1.0,3,0,0,0,0
2024-10-19,Stellar Development Foundation,1.0,1.0,3,0,0,0,0
2024-10-19,Whalestack LLC,1.0,1.0,3,0,0,0,0
2024-10-20,Blockdaemon Inc.,1.0,1.0,3,0,0,0,0
2024-10-20,Franklin Templeton,1.0,1.0,3,0,0,0,0
2024-10-20,LOBSTR,1.0,0.0,6,1,0,1,0
2024-10-20,Public Node,1.0,1.0,3,0,0,0,0
2024-10-20,SatoshiPay,1.0,1.0,3,0,0,0,0
2024-10-20,Stellar Development Foundation,1.0,1.0,3,0,0,0,0
2024-10-20,Whalestack LLC,1.0,1.0,3,0,0,0,0
2024-10-21,Blockdaemon Inc.,1.0,1.0,3,0,0,0,0
2024-10-21,Franklin Templeton,1.0,1.0,3,0,0,0,0
2024-10-21,LOBSTR,1.0,0.0,6,1,0,1,0
2024-10-21,Public Node,1.0,1.0,3,0,0,0,0
2024-10-21,SatoshiPay,1.0,1.0,3,0,0,0,0
2024-10-21,Stellar Development Foundation,1.0,1.0,3,0,0,0,0
2024-10-21,Whalestack LLC,1.0,1.0,3,0,0,0,0
2024-10-22,Blockdaemon Inc.,1.0,1.0,3,0,0,0,0
2024-10-22,Franklin Templeton,1.0,1.0,3,0,0,0,0
2024-10-22,LOBSTR,1.0,0.0,6,1,0,1,0
2024-10-22,Public Node,1.0,1.0,3,0,0,0,0
2024-10-22,SatoshiPay,1.0,1.0,3,0,0,0,0
2024-10-22,Stellar Development Foundation,1.0,1.0,3,0,0,0,0
2024-10-22,Whalestack LLC,1.0,1.0,3,0,0,0,0
2024-10-23,Blockdaemon Inc.,1.0,1.0,3,0,0,0,0
2024-10-23,Franklin Templeton,1.0,1.0,3,0,0,0,0
2024-10-23,LOBSTR,1.0,0.0,6,1,0,1,0
2024-10-23,Public Node,1.0,1.0,3,0,0,0,0
2024-10-23,SatoshiPay,1.0,1.0,3,0,0,0,0
2024-10-23,Stellar Development Foundation,1.0,1.0,3,0,0,0,0
2024-10-23,Whalestack LLC,1.0,1.0,3,0,0,0,0
2024-10-24,Blockdaemon Inc.,1.0,1.0,3,0,0,0,0
2024-10-24,Franklin Templeton,1.0,1.0,3,0,0,0,0
2024-10-24,LOBSTR,1.0,0.0,6,1,0,1,0
2024-10-24,Public Node,1.0,1.0,3,0,0,0,0
2024-10-24,SatoshiPay,1.0,1.0,3,0,0,0,0
2024-10-24,Stellar Development Foundation,1.0,1.0,3,0,0,0,0
2024-10-24,Whalestack LLC,1.0,1.0,3,0,0,0,0
2024-10-25,Blockdaemon Inc.,1.0,1.0,3,0,0,0,0
2024-10-25,Franklin Templeton,1.0,1.0,3,0,0,0,0
2024-10-25,LOBSTR,1.0,0.0,6,1,0,1,0
2024-10-25,Public Node,1.0,1.0,3,0,0,0,0
2024-10-25,SatoshiPay,1.0,1.0,3,0,0,0,0
2024-10-25,Stellar Development Foundation,1.0,1.0,3,0,0,0,0
2024-10-25,Whalestack LLC,1.0,1.0,3,0,0,0,0
2024-10-26,Blockdaemon Inc.,1.0,1.0,3,0,0,0,0
2024-10-26,Franklin Templeton,1.0,1.0,3,0,0,0,0
2024-10-26,LOBSTR,1.0,0.0,6,1,0,1,0
2024-10-26,Public Node,1.0,1.0,3,0,0,0,0
2024-10-26,SatoshiPay,1.0,1.0,3,0,0,0,0
2024-10-26,Stellar Development Foundation,1.0,1.0,3,0,0,0,0
2024-10-26,Whalestack LLC,1.0,1.0,3,0,0,0,0
2024-10-27,Blockdaemon Inc.,1.0,1.0,3,0,0,0,0
2024-10-27,Franklin Templeton,1.0,1.0,3,0,0,0,0
2024-10-27,LOBSTR,1.0,0.0,6,1,0,1,0
2024-10-27,Public Node,1.0,1.0,3,0,0,0,0
2024-10-27,SatoshiPay,1.0,1.0,3,0,0,0,0
2024-10-27,Stellar Development Foundation,1.0,1.0,3,0,0,0,0
2024-10-27,Whalestack LLC,1.0,1.0,3,0,0,0,0
2024-10-28,Blockdaemon Inc.,1.0,1.0,3,0,0,0,0
2024-10-28,Franklin Templeton,1.0,1.0,3,0,0,0,0
2024-10-28,LOBSTR,1.0,0.0,6,1,0,1,0
2024-10-28,Public Node,1.0,1.0,3,0,0,0,0
2024-10-28,SatoshiPay,1.0,1.0,3,0,0,0,0
2024-10-28,Stellar Development Foundation,1.0,1.0,3,0,0,0,0
2024-10-28,Whalestack LLC,1.0,1.0,3,0,0,0,0
2024-10-29,Blockdaemon Inc.,1.0,1.0,3,0,0,0,0
2024-10-29,Franklin Templeton,1.0,1.0,3,0,0,0,0
2024-10-29,LOBSTR,1.0,0.0,6,1,0,1,0
2024-10-29,Public Node,1.0,1.0,3,0,0,0,0
2024-10-29,SatoshiPay,1.0,1.0,3,0,0,0,0
2024-10-29,Stellar Development Foundation,1.0,1.0,3,0,0,0,0
2024-10-29,Whalestack LLC,1.0,1.0,3,0,0,0,0
2024-10-30,Blockdaemon Inc.,1.0,1.0,3,0,0,0,0
2024-10-30,Franklin Templeton,1.0,1.0,3,0,0,0,0
2024-10-30,LOBSTR,1.0,0.0,6,1,0,1,0
2024-10-30,Public Node,1.0,1.0,3,0,0,0,0
2024-10-30,SatoshiPay,1.0,1.0,3,0,0,0,0
2024-10-30,Stellar Development Foundation,1.0,1.0,3,0,0,0,0
2024-10-30,Whalestack LLC,1.0,1.0,3,0,0,0,0
2024-10-31,Blockdaemon Inc.,1.0,1.0,3,0,0,0,0
2024-10-31,Franklin Templeton,1.0,1.0,3,0,0,0,0
2024-10-31,LOBSTR,1.0,0.0,6,1,0,1,0
2024-10-31,Public Node,1.0,1.0,3,0,0,0,0
2024-10-31,SatoshiPay,1.0,1.0,3,0,0,0,0
2024-10-31,Stellar Development Foundation,1.0,1.0,3,0,0,0,0
2024-10-31,Whalestack LLC,1.0,1.0,3,0,0,0,0
2024-11-01,Blockdaemon Inc.,1.0,1.0,3,0,0,0,0
2024-11-01,Franklin Templeton,1.0,1.0,3,0,0,0,0
2024-11-01,LOBSTR,1.0,0.0,6,1,0,1,0
2024-11-01,Public Node,1.0,1.0,3,0,0,0,0
2024-11-01,SatoshiPay,1.0,1.0,3,0,0,0,0
2024-11-01,Stellar Development Foundation,1.0,1.0,3,0,0,0,0
2024-11-01,Whalestack LLC,1.0,1.0,3,0,0,0,0
2024-11-02,Blockdaemon Inc.,1.0,1.0,3,0,0,0,0
2024-11-02,Franklin Templeton,1.0,1.0,3,0,0,0,0
2024-11-02,LOBSTR,1.0,0.0,6,1,0,1,0
2024-11-02,Public Node,1.0,1.0,3,0,0,0,0
2024-11-02,SatoshiPay,1.0,1.0,3,0,0,0,0
2024-11-02,Stellar Development Foundation,1.0,1.0,3,0,0,0,0
2024-11-02,Whalestack LLC,1.0,1.0,3,0,0,0,0
2024-11-03,Blockdaemon Inc.,1.0,1.0,3,0,0,0,0
2024-11-03,Franklin Templeton,1.0,1.0,3,0,0,0,0
2024-11-03,LOBSTR,1.0,0.0,6,1,0,1,0
2024-11-03,Public Node,1.0,1.0,3,0,0,0,0
2024-11-03,SatoshiPay,1.0,1.0,3,0,0,0,0
2024-11-03,Stellar Development Foundation,1.0,1.0,3,0,0,0,0
2024-11-03,Whalestack LLC,1.0,1.0,3,0,0,0,0
2024-11-04,Blockdaemon Inc.,1.0,1.0,3,0,0,0,0
2024-11-04,Franklin Templeton,1.0,1.0,3,0,0,0,0
2024-11-04,LOBSTR,1.0,0.0,6,1,0,1,0
2024-11-04,Public Node,1.0,1.0,3,0,0,0,0
2024-11-04,SatoshiPay,1.0,1.0,3,0,0,0,0
2024-11-04,Stellar Development Foundation,1.0,1.0,3,0,0,0,0
2024-11-04,Whalestack LLC,1.0,1.0,3,0,0,0,0
2024-11-05,Blockdaemon Inc.,1.0,1.0,3,0,0,0,0
2024-11-05,Franklin Templeton,1.0,1.0,3,0,0,0,0
2024-11-05,LOBSTR,1.0,0.0,6,1,0,1,0
2024-11-05,Public Node,1.0,1.0,3,0,0,0,0
2024-11-05,SatoshiPay,1.0,1.0,3,0,0,0,0
2024-11-05,Stellar Development Foundation,1.0,1.0,3,0,0,0,0
2024-11-05,Whalestack LLC,1.0,1.0,3,0,0,0,0
2024-11-06,Blockdaemon Inc.,1.0,1.0,3,0,0,0,0
2024-11-06,Franklin Templeton,1.0,1.0,3,0,0,0,0
2024-11-06,LOBSTR,1.0,0.0,6,1,0,1,0
2024-11-06,Public Node,1.0,1.0,3,0,0,0,0
2024-11-06,SatoshiPay,1.0,1.0,3,0,0,0,0
2024-11-06,Stellar Development Foundation,1.0,1.0,3,0,0,0,0
2024-11-06,Whalestack LLC,1.0,1.0,3,0,0,0,0
2024-11-07,Blockdaemon Inc.,1.0,1.0,3,0,0,0,0
2024-11-07,Franklin Templeton,1.0,1.0,3,0,0,0,0
2024-11-07,LOBSTR,1.0,0.0,6,1,0,1,0
2024-11-07,Public Node,1.0,1.0,3,0,0,0,0
2024-11-07,SatoshiPay,1.0,1.0,3,0,0,0,0
2024-11-07,Stellar Development Foundation,1.0,1.0,3,0,0,0,0
2024-11-07,Whalestack LLC,1.0,1.0,3,0,0,0,0
2024-11-08,Blockdaemon Inc.,1.0,1.0,3,0,0,0,0
2024-11-08,Franklin Templeton,1.0,1.0,3,0,0,0,0
2024-11-08,LOBSTR,1.0,0.0,6,1,0,1,0
2024-11-08,Public Node,1.0,1.0,3,0,0,0,0
2024-11-08,SatoshiPay,1.0,1.0,3,0,0,0,0
2024-11-08,Stellar Development Foundation,1.0,1.0,3,0,0,0,0
2024-11-08,Whalestack LLC,1.0,1.0,3,0,0,0,0
2024-11-09,Blockdaemon Inc.,1.0,1.0,3,0,0,0,0
2024-11-09,Franklin Templeton,1.0,1.0,3,0,0,0,0
2024-11-09,LOBSTR,1.0,0.0,6,1,0,1,0
2024-11-09,Public Node,1.0,1.0,3,0,0,0,0
2024-11-09,SatoshiPay,1.0,1.0,3,0,0,0,0
2024-11-09,Stellar Development Foundation,1.0,1.0,3,0,0,0,0
2024-11-09,Whalestack LLC,1.0,1.0,3,0,0,0,0
2024-11-10,Blockdaemon Inc.,1.0,1.0,3,0,0,0,0
2024-11-10,Franklin Templeton,1.0,1.0,3,0,0,0,0
2024-11-10,LOBSTR,1.0,0.0,6,1,0,1,0
2024-11-10,Public Node,1.0,1.0,3,0,0,0,0
2024-11-10,SatoshiPay,1.0,1.0,3,0,0,0,0
2024-11-10,Stellar Development Foundation,1.0,1.0,3,0,0,0,0
2024-11-10,Whalestack LLC,1.0,1.0,3,0,0,0,0
2024-11-11,Blockdaemon Inc.,1.0,1.0,3,0,0,0,0
2024-11-11,Franklin Templeton,1.0,1.0,3,0,0,0,0
2024-11-11,LOBSTR,1.0,0.0,6,1,0,1,0
2024-11-11,Public Node,1.0,1.0,3,0,0,0,0
2024-11-11,SatoshiPay,1.0,1.0,3,0,0,0,0
2024-11-11,Stellar Development Foundation,1.0,1.0,3,0,0,0,0
2024-11-11,Whalestack LLC,1.0,1.0,3,0,0,0,0
2024-11-12,Blockdaemon Inc.,1.0,1.0,3,0,0,0,0
2024-11-12,Franklin Templeton,1.0,1.0,3,0,0,0,0
2024-11-12,LOBSTR,1.0,0.0,6,1,0,1,0
2024-11-12,Public Node,1.0,1.0,3,0,0,0,0
2024-11-12,SatoshiPay,1.0,1.0,3,0,0,0,0
2024-11-12,Stellar Development Foundation,1.0,1.0,3,0,0,0,0
2024-11-12,Whalestack LLC,1.0,1.0,3,0,0,0,0
2024-11-13,Blockdaemon Inc.,1.0,1.0,3,0,0,0,0
2024-11-13,Franklin Templeton,1.0,1.0,3,0,0,0,0
2024-11-13,LOBSTR,1.0,0.0,6,1,0,1,0
2024-11-13,Public Node,1.0,1.0,3,0,0,0,0
2024-11-13,SatoshiPay,1.0,0.9979,3,0,0,0,0
2024-11-13,Stellar Development Foundation,1.0,1.0,3,0,0,0,0
2024-11-13,Whalestack LLC,1.0,1.0,3,0,0,0,0
2024-11-14,Blockdaemon Inc.,1.0,0.9938,3,0,0,0,0
2024-11-14,Franklin Templeton,1.0,1.0,3,0,0,0,0
2024-11-14,LOBSTR,1.0,0.0,6,1,0,1,0
2024-11-14,Public Node,1.0,1.0,3,0,0,0,0
2024-11-14,SatoshiPay,1.0,1.0,3,0,0,0,0
2024-11-14,Stellar Development Foundation,1.0,1.0,3,0,0,0,0
2024-11-14,Whalestack LLC,1.0,1.0,3,0,0,0,0
2024-11-15,Blockdaemon Inc.,1.0,1.0,3,0,0,0,0
2024-11-15,Franklin Templeton,1.0,0.4896,3,1,0,0,0
2024-11-15,LOBSTR,1.0,0.0,6,1,0,1,0
2024-11-15,Public Node,1.0,1.0,3,0,0,0,0
2024-11-15,SatoshiPay,1.0,1.0,3,0,0,0,0
2024-11-15,Stellar Development Foundation,1.0,1.0,3,0,0,0,0
2024-11-15,Whalestack LLC,1.0,1.0,3,0,0,0,0
2024-11-16,Blockdaemon Inc.,1.0,1.0,3,0,0,0,0
2024-11-16,Franklin Templeton,1.0,0.0,3,1,0,1,0
2024-11-16,LOBSTR,1.0,0.0,6,1,0,1,0
2024-11-16,Public Node,1.0,1.0,3,0,0,0,0
2024-11-16,SatoshiPay,1.0,0.9979,3,0,0,0,0
2024-11-16,Stellar Development Foundation,1.0,1.0,3,0,0,0,0
2024-11-16,Whalestack LLC,1.0,1.0,3,0,0,0,0
2024-11-17,Blockdaemon Inc.,1.0,1.0,3,0,0,0,0
2024-11-17,Franklin Templeton,1.0,0.0,3,1,0,1,0
2024-11-17,LOBSTR,1.0,0.0,6,1,0,1,0
2024-11-17,Public Node,1.0,0.9979,3,0,0,0,0
2024-11-17,SatoshiPay,1.0,1.0,3,0,0,0,0
2024-11-17,Stellar Development Foundation,1.0,1.0,3,0,0,0,0
2024-11-17,Whalestack LLC,1.0,1.0,3,0,0,0,0
2024-11-18,Blockdaemon Inc.,1.0,1.0,3,0,0,0,0
2024-11-18,Franklin Templeton,1.0,0.0,3,1,0,1,0
2024-11-18,LOBSTR,1.0,0.0,6,1,0,1,0
2024-11-18,Public Node,1.0,1.0,3,0,0,0,0
2024-11-18,SatoshiPay,1.0,1.0,3,0,0,0,0
2024-11-18,Stellar Development Foundation,1.0,1.0,3,0,0,0,0
2024-11-18,Whalestack LLC,1.0,1.0,3,0,0,0,0
2024-11-19,Blockdaemon Inc.,1.0,1.0,3,0,0,0,0
2024-11-19,Franklin Templeton,1.0,0.7678,3,1,0,0,0
2024-11-19,LOBSTR,1.0,0.0,6,1,0,1,0
2024-11-19,Public Node,1.0,1.0,3,0,0,0,0
2024-11-19,SatoshiPay,1.0,1.0,3,0,0,0,0
2024-11-19,Stellar Development Foundation,1.0,1.0,3,0,0,0,0
2024-11-19,Whalestack LLC,1.0,1.0,3,0,0,0,0
2024-11-20,Blockdaemon Inc.,1.0,1.0,3,0,0,0,0
2024-11-20,Franklin Templeton,1.0,1.0,3,0,0,0,0
2024-11-20,LOBSTR,1.0,0.0,6,1,0,1,0
2024-11-20,Public Node,1.0,1.0,3,0,0,0,0
2024-11-20,SatoshiPay,1.0,1.0,3,0,0,0,0
2024-11-20,Stellar Development Foundation,1.0,1.0,3,0,0,0,0
2024-11-20,Whalestack LLC,1.0,1.0,3,0,0,0,0
2024-11-21,Blockdaemon Inc.,1.0,1.0,3,0,0,0,0
2024-11-21,Franklin Templeton,1.0,1.0,3,0,0,0,0
2024-11-21,LOBSTR,1.0,0.0,6,1,0,1,0
2024-11-21,Public Node,1.0,1.0,3,0,0,0,0
2024-11-21,SatoshiPay,1.0,1.0,3,0,0,0,0
2024-11-21,Stellar Development Foundation,1.0,1.0,3,0,0,0,0
2024-11-21,Whalestack LLC,1.0,1.0,3,0,0,0,0
2024-11-22,Blockdaemon Inc.,1.0,1.0,3,0,0,0,0
2024-11-22,Franklin Templeton,1.0,1.0,3,0,0,0,0
2024-11-22,LOBSTR,1.0,0.0,6,1,0,1,0
2024-11-22,Public Node,1.0,1.0,3,0,0,0,0
2024-11-22,SatoshiPay,1.0,0.9958,3,0,0,0,0
2024-11-22,Stellar Development Foundation,1.0,1.0,3,0,0,0,0
2024-11-22,Whalestack LLC,1.0,1.0,3,0,0,0,0
2024-11-23,Blockdaemon Inc.,1.0,1.0,3,0,0,0,0
2024-11-23,Franklin Templeton,1.0,1.0,3,0,0,0,0
2024-11-23,LOBSTR,1.0,0.0,6,1,0,1,0
2024-11-23,Public Node,1.0,1.0,3,0,0,0,0
2024-11-23,SatoshiPay,1.0,1.0,3,0,0,0,0
2024-11-23,Stellar Development Foundation,1.0,1.0,3,0,0,0,0
2024-11-23,Whalestack LLC,1.0,1.0,3,0,0,0,0
2024-11-24,Blockdaemon Inc.,1.0,1.0,3,0,0,0,0
2024-11-24,Franklin Templeton,1.0,1.0,3,0,0,0,0
2024-11-24,LOBSTR,1.0,0.0,6,1,0,1,0
2024-11-24,Public Node,1.0,1.0,3,0,0,0,0
2024-11-24,SatoshiPay,1.0,1.0,3,0,0,0,0
2024-11-24,Stellar Development Foundation,1.0,1.0,3,0,0,0,0
2024-11-24,Whalestack LLC,1.0,1.0,3,0,0,0,0
2024-11-25,Blockdaemon Inc.,1.0,1.0,3,0,0,0,0
2024-11-25,Franklin Templeton,1.0,1.0,3,0,0,0,0
2024-11-25,LOBSTR,1.0,0.0,6,1,0,1,0
2024-11-25,Public Node,1.0,1.0,3,0,0,0,0
2024-11-25,SatoshiPay,1.0,0.9958,3,0,0,0,0
2024-11-25,Stellar Development Foundation,1.0,1.0,3,0,0,0,0
2024-11-25,Whalestack LLC,1.0,0.9875,3,0,0,0,0
2024-11-26,Blockdaemon Inc.,1.0,1.0,3,0,0,0,0
2024-11-26,Franklin Templeton,1.0,1.0,3,0,0,0,0
2024-11-26,LOBSTR,1.0,0.0,6,1,0,1,0
2024-11-26,Public Node,1.0,1.0,3,0,0,0,0
2024-11-26,SatoshiPay,1.0,1.0,3,0,0,0,0
2024-11-26,Stellar Development Foundation,1.0,1.0,3,0,0,0,0
2024-11-26,Whalestack LLC,1.0,1.0,3,0,0,0,0
2024-11-27,Blockdaemon Inc.,1.0,1.0,3,0,0,0,0
2024-11-27,Franklin Templeton,0.9896,0.8643,3,1,0,0,0
2024-11-27,LOBSTR,1.0,0.0,6,1,0,1,0
2024-11-27,Public Node,1.0,1.0,3,0,0,0,0
2024-11-27,SatoshiPay,1.0,0.9979,3,0,0,0,0
2024-11-27,Stellar Development Foundation,1.0,1.0,3,0,0,0,0
2024-11-27,Whalestack LLC,1.0,1.0,3,0,0,0,0
2024-11-28,Blockdaemon Inc.,1.0,1.0,3,0,0,0,0
2024-11-28,Franklin Templeton,1.0,1.0,3,0,0,0,0
2024-11-28,LOBSTR,1.0,0.0,6,1,0,1,0
2024-11-28,Public Node,1.0,0.6979,3,1,0,0,0
2024-11-28,SatoshiPay,1.0,1.0,3,0,0,0,0
2024-11-28,Stellar Development Foundation,1.0,1.0,3,0,0,0,0
2024-11-28,Whalestack LLC,1.0,0.9854,3,0,0,0,0
2024-11-29,Blockdaemon Inc.,1.0,1.0,3,0,0,0,0
2024-11-29,Franklin Templeton,1.0,1.0,3,0,0,0,0
2024-11-29,LOBSTR,1.0,0.0,6,1,0,1,0
2024-11-29,Public Node,1.0,0.45,3,1,0,0,0
2024-11-29,SatoshiPay,1.0,0.9979,3,0,0,0,0
2024-11-29,Stellar Development Foundation,1.0,1.0,3,0,0,0,0
2024-11-29,Whalestack LLC,1.0,1.0,3,0,0,0,0
2024-11-30,Blockdaemon Inc.,1.0,1.0,3,0,0,0,0
2024-11-30,Franklin Templeton,1.0,1.0,3,0,0,0,0
2024-11-30,LOBSTR,1.0,0.0,6,1,0,1,0
2024-11-30,Public Node,1.0,1.0,3,0,0,0,0
2024-11-30,SatoshiPay,1.0,1.0,3,0,0,0,0
2024-11-30,Stellar Development Foundation,1.0,1.0,3,0,0,0,0
2024-11-30,Whalestack LLC,1.0,1.0,3,0,0,0,0
2024-12-01,Blockdaemon Inc.,1.0,1.0,3,0,0,0,0
2024-12-01,Franklin Templeton,1.0,1.0,3,0,0,0,0
2024-12-01,LOBSTR,1.0,0.0,6,1,0,1,0
2024-12-01,Public Node,1.0,1.0,3,0,0,0,0
2024-12-01,SatoshiPay,1.0,1.0,3,0,0,0,0
2024-12-01,Stellar Development Foundation,1.0,1.0,3,0,0,0,0
2024-12-01,Whalestack LLC,1.0,1.0,3,0,0,0,0
2024-12-02,Blockdaemon Inc.,1.0,1.0,3,0,0,0,0
2024-12-02,Franklin Templeton,1.0,1.0,3,0,0,0,0
2024-12-02,LOBSTR,1.0,0.0,6,1,0,1,0
2024-12-02,Public Node,1.0,1.0,3,0,0,0,0
2024-12-02,SatoshiPay,1.0,0.9979,3,0,0,0,0
2024-12-02,Stellar Development Foundation,1.0,1.0,3,0,0,0,0
2024-12-02,Whalestack LLC,1.0,1.0,3,0,0,0,0
2024-12-03,Blockdaemon Inc.,1.0,1.0,3,0,0,0,0
2024-12-03,Franklin Templeton,1.0,1.0,3,0,0,0,0
2024-12-03,LOBSTR,1.0,0.0,6,1,0,1,0
2024-12-03,Public Node,1.0,1.0,3,0,0,0,0
2024-12-03,SatoshiPay,1.0,1.0,3,0,0,0,0
2024-12-03,Stellar Development Foundation,1.0,1.0,3,0,0,0,0
2024-12-03,Whalestack LLC,1.0,1.0,3,0,0,0,0
2024-12-04,Blockdaemon Inc.,1.0,1.0,3,0,0,0,0
2024-12-04,Franklin Templeton,1.0,1.0,3,0,0,0,0
2024-12-04,LOBSTR,1.0,0.0,6,1,0,1,0
2024-12-04,Public Node,1.0,1.0,3,0,0,0,0
2024-12-04,SatoshiPay,1.0,0.9979,3,0,0,0,0
2024-12-04,Stellar Development Foundation,1.0,1.0,3,0,0,0,0
2024-12-04,Whalestack LLC,1.0,0.9875,3,0,0,0,0
2024-12-05,Blockdaemon Inc.,1.0,1.0,3,0,0,0,0
2024-12-05,Franklin Templeton,1.0,1.0,3,0,0,0,0
2024-12-05,LOBSTR,1.0,0.0,6,1,0,1,0
2024-12-05,Public Node,1.0,1.0,3,0,0,0,0
2024-12-05,SatoshiPay,1.0,0.9979,3,0,0,0,0
2024-12-05,Stellar Development Foundation,1.0,1.0,3,0,0,0,0
2024-12-05,Whalestack LLC,1.0,1.0,3,0,0,0,0
2024-12-06,Blockdaemon Inc.,1.0,0.9979,3,0,0,0,0
2024-12-06,Franklin Templeton,1.0,1.0,3,0,0,0,0
2024-12-06,LOBSTR,1.0,0.0,6,1,0,1,0
2024-12-06,Public Node,1.0,1.0,3,0,0,0,0
2024-12-06,SatoshiPay,1.0,1.0,3,0,0,0,0
2024-12-06,Stellar Development Foundation,1.0,1.0,3,0,0,0,0
2024-12-06,Whalestack LLC,1.0,1.0,3,0,0,0,0
2024-12-07,Blockdaemon Inc.,1.0,1.0,3,0,0,0,0
2024-12-07,Franklin Templeton,1.0,1.0,3,0,0,0,0
2024-12-07,LOBSTR,1.0,0.0,6,1,0,1,0
2024-12-07,Public Node,1.0,0.3187,3,1,0,0,0
2024-12-07,SatoshiPay,1.0,1.0,3,0,0,0,0
2024-12-07,Stellar Development Foundation,1.0,1.0,3,0,0,0,0
2024-12-07,Whalestack LLC,1.0,1.0,3,0,0,0,0
2024-12-08,Blockdaemon Inc.,1.0,1.0,3,0,0,0,0
2024-12-08,Franklin Templeton,1.0,1.0,3,0,0,0,0
2024-12-08,LOBSTR,1.0,0.0,6,1,0,1,0
2024-12-08,Public Node,1.0,0.6333,3,1,0,0,0
2024-12-08,SatoshiPay,1.0,1.0,3,0,0,0,0
2024-12-08,Stellar Development Foundation,1.0,1.0,3,0,0,0,0
2024-12-08,Whalestack LLC,1.0,1.0,3,0,0,0,0
2024-12-09,Blockdaemon Inc.,1.0,1.0,3,0,0,0,0
2024-12-09,Franklin Templeton,1.0,1.0,3,0,0,0,0
2024-12-09,LOBSTR,1.0,0.0,6,1,0,1,0
2024-12-09,Public Node,1.0,1.0,3,0,0,0,0
2024-12-09,SatoshiPay,1.0,1.0,3,0,0,0,0
2024-12-09,Stellar Development Foundation,1.0,1.0,3,0,0,0,0
2024-12-09,Whalestack LLC,1.0,1.0,3,0,0,0,0
2024-12-10,Blockdaemon Inc.,1.0,1.0,3,0,0,0,0
2024-12-10,Franklin Templeton,1.0,1.0,3,0,0,0,0
2024-12-10,LOBSTR,1.0,0.0,6,1,0,1,0
2024-12-10,Public Node,1.0,1.0,3,0,0,0,0
2024-12-10,SatoshiPay,1.0,1.0,3,0,0,0,0
2024-12-10,Stellar Development Foundation,1.0,1.0,3,0,0,0,0
2024-12-10,Whalestack LLC,1.0,1.0,3,0,0,0,0
2024-12-11,Blockdaemon Inc.,1.0,1.0,3,0,0,0,0
2024-12-11,Franklin Templeton,1.0,0.9708,3,0,0,0,0
2024-12-11,LOBSTR,1.0,0.0,6,1,0,1,0
2024-12-11,Public Node,1.0,1.0,3,0,0,0,0
2024-12-11,SatoshiPay,1.0,0.9938,3,0,0,0,0
2024-12-11,Stellar Development Foundation,1.0,1.0,3,0,0,0,0
2024-12-11,Whalestack LLC,1.0,1.0,3,0,0,0,0
2024-12-12,Blockdaemon Inc.,1.0,1.0,3,0,0,0,0
2024-12-12,Franklin Templeton,1.0,0.9729,3,0,0,0,0
2024-12-12,LOBSTR,1.0,0.0,6,1,0,1,0
2024-12-12,Public Node,1.0,1.0,3,0,0,0,0
2024-12-12,SatoshiPay,1.0,0.9958,3,0,0,0,0
2024-12-12,Stellar Development Foundation,1.0,1.0,3,0,0,0,0
2024-12-12,Whalestack LLC,1.0,1.0,3,0,0,0,0
2024-12-13,Blockdaemon Inc.,1.0,1.0,3,0,0,0,0
2024-12-13,Franklin Templeton,1.0,1.0,3,0,0,0,0
2024-12-13,LOBSTR,1.0,0.0,6,1,0,1,0
2024-12-13,Public Node,1.0,1.0,3,0,0,0,0
2024-12-13,SatoshiPay,1.0,0.9896,3,0,0,0,0
2024-12-13,Stellar Development Foundation,1.0,1.0,3,0,0,0,0
2024-12-13,Whalestack LLC,1.0,1.0,3,0,0,0,0
2024-12-14,Blockdaemon Inc.,1.0,1.0,3,0,0,0,0
2024-12-14,Franklin Templeton,1.0,1.0,3,0,0,0,0
2024-12-14,LOBSTR,1.0,0.0,6,1,0,1,0
2024-12-14,Public Node,1.0,1.0,3,0,0,0,0
2024-12-14,SatoshiPay,1.0,0.9875,3,0,0,0,0
2024-12-14,Stellar Development Foundation,1.0,1.0,3,0,0,0,0
2024-12-14,Whalestack LLC,1.0,1.0,3,0,0,0,0
2024-12-15,Blockdaemon Inc.,1.0,1.0,3,0,0,0,0
2024-12-15,Franklin Templeton,1.0,1.0,3,0,0,0,0
2024-12-15,LOBSTR,1.0,0.0,6,1,0,1,0
2024-12-15,Public Node,1.0,1.0,3,0,0,0,0
2024-12-15,SatoshiPay,1.0,1.0,3,0,0,0,0
2024-12-15,Stellar Development Foundation,1.0,1.0,3,0,0,0,0
2024-12-15,Whalestack LLC,1.0,1.0,3,0,0,0,0
2024-12-16,Blockdaemon Inc.,1.0,1.0,3,0,0,0,0
2024-12-16,Franklin Templeton,1.0,1.0,3,0,0,0,0
2024-12-16,LOBSTR,1.0,0.0,6,1,0,1,0
2024-12-16,Public Node,1.0,0.4667,3,1,0,0,0
2024-12-16,SatoshiPay,0.9938,0.9917,3,0,0,0,0
2024-12-16,Stellar Development Foundation,1.0,1.0,3,0,0,0,0
2024-12-16,Whalestack LLC,1.0,1.0,3,0,0,0,0
2024-12-17,Blockdaemon Inc.,1.0,1.0,3,0,0,0,0
2024-12-17,Franklin Templeton,1.0,1.0,3,0,0,0,0
2024-12-17,LOBSTR,1.0,0.0,6,1,0,1,0
2024-12-17,Public Node,1.0,0.7271,3,1,0,0,0
2024-12-17,SatoshiPay,0.9896,0.9521,3,1,0,0,0
2024-12-17,Stellar Development Foundation,1.0,1.0,3,0,0,0,0
2024-12-17,Whalestack LLC,1.0,1.0,3,0,0,0,0
2024-12-18,Blockdaemon Inc.,1.0,1.0,3,0,0,0,0
2024-12-18,Franklin Templeton,1.0,1.0,3,0,0,0,0
2024-12-18,LOBSTR,1.0,0.0,6,1,0,1,0
2024-12-18,Public Node,1.0,1.0,3,0,0,0,0
2024-12-18,SatoshiPay,0.9979,0.9875,3,0,0,0,0
2024-12-18,Stellar Development Foundation,1.0,1.0,3,0,0,0,0
2024-12-18,Whalestack LLC,1.0,1.0,3,0,0,0,0
2024-12-19,Blockdaemon Inc.,1.0,1.0,3,0,0,0,0
2024-12-19,Franklin Templeton,1.0,1.0,3,0,0,0,0
2024-12-19,LOBSTR,1.0,0.0,6,1,0,1,0
2024-12-19,Public Node,1.0,1.0,3,0,0,0,0
2024-12-19,SatoshiPay,1.0,0.9583,3,0,0,0,0
2024-12-19,Stellar Development Foundation,1.0,1.0,3,0,0,0,0
2024-12-19,Whalestack LLC,1.0,1.0,3,0,0,0,0
2024-12-20,Blockdaemon Inc.,1.0,1.0,3,0,0,0,0
2024-12-20,Franklin Templeton,1.0,0.9729,3,0,0,0,0
2024-12-20,LOBSTR,1.0,0.0,6,1,0,1,0
2024-12-20,Public Node,1.0,0.5866,3,1,0,0,0
2024-12-20,SatoshiPay,1.0,0.9896,3,0,0,0,0
2024-12-20,Stellar Development Foundation,1.0,1.0,3,0,0,0,0
2024-12-20,Whalestack LLC,1.0,1.0,3,0,0,0,0
2024-12-21,Blockdaemon Inc.,1.0,1.0,3,0,0,0,0
2024-12-21,Franklin Templeton,1.0,1.0,3,0,0,0,0
2024-12-21,LOBSTR,1.0,0.0,6,1,0,1,0
2024-12-21,Public Node,1.0,0.6778,3,1,0,0,0
2024-12-21,SatoshiPay,1.0,0.9979,3,0,0,0,0
2024-12-21,Stellar Development Foundation,1.0,1.0,3,0,0,0,0
2024-12-21,Whalestack LLC,1.0,1.0,3,0,0,0,0
2024-12-22,Blockdaemon Inc.,1.0,1.0,3,0,0,0,0
2024-12-22,Franklin Templeton,1.0,1.0,3,0,0,0,0
2024-12-22,LOBSTR,1.0,0.0,6,1,0,1,0
2024-12-22,Public Node,1.0,1.0,3,0,0,0,0
2024-12-22,SatoshiPay,1.0,1.0,3,0,0,0,0
2024-12-22,Stellar Development Foundation,1.0,1.0,3,0,0,0,0
2024-12-22,Whalestack LLC,1.0,1.0,3,0,0,0,0
2024-12-23,Blockdaemon Inc.,1.0,1.0,3,0,0,0,0
2024-12-23,Franklin Templeton,1.0,1.0,3,0,0,0,0
2024-12-23,LOBSTR,1.0,0.0,6,1,0,1,0
2024-12-23,Public Node,1.0,1.0,3,0,0,0,0
2024-12-23,SatoshiPay,1.0,1.0,3,0,0,0,0
2024-12-23,Stellar Development Foundation,1.0,1.0,3,0,0,0,0
2024-12-23,Whalestack LLC,1.0,1.0,3,0,0,0,0
2024-12-24,Blockdaemon Inc.,1.0,1.0,3,0,0,0,0
2024-12-24,Franklin Templeton,1.0,1.0,3,0,0,0,0
2024-12-24,LOBSTR,1.0,0.0,6,1,0,1,0
2024-12-24,Public Node,1.0,1.0,3,0,0,0,0
2024-12-24,SatoshiPay,1.0,1.0,3,0,0,0,0
2024-12-24,Stellar Development Foundation,1.0,1.0,3,0,0,0,0
2024-12-24,Whalestack LLC,1.0,1.0,3,0,0,0,0
2024-12-25,Blockdaemon Inc.,1.0,1.0,3,0,0,0,0
2024-12-25,Franklin Templeton,1.0,1.0,3,0,0,0,0
2024-12-25,LOBSTR,1.0,0.0,6,1,0,1,0
2024-12-25,Public Node,1.0,1.0,3,0,0,0,0
2024-12-25,SatoshiPay,1.0,1.0,3,0,0,0,0
2024-12-25,Stellar Development Foundation,1.0,1.0,3,0,0,0,0
2024-12-25,Whalestack LLC,1.0,1.0,3,0,0,0,0
2024-12-26,Blockdaemon Inc.,1.0,1.0,3,0,0,0,0
2024-12-26,Franklin Templeton,1.0,1.0,3,0,0,0,0
2024-12-26,LOBSTR,1.0,0.0,6,1,0,1,0
2024-12-26,Public Node,1.0,1.0,3,0,0,0,0
2024-12-26,SatoshiPay,1.0,1.0,3,0,0,0,0
2024-12-26,Stellar Development Foundation,1.0,1.0,3,0,0,0,0
2024-12-26,Whalestack LLC,1.0,1.0,3,0,0,0,0
2024-12-27,Blockdaemon Inc.,1.0,1.0,3,0,0,0,0
2024-12-27,Franklin Templeton,1.0,1.0,3,0,0,0,0
2024-12-27,LOBSTR,1.0,0.0,6,1,0,1,0
2024-12-27,Public Node,1.0,1.0,3,0,0,0,0
2024-12-27,SatoshiPay,1.0,1.0,3,0,0,0,0
2024-12-27,Stellar Development Foundation,1.0,1.0,3,0,0,0,0
2024-12-27,Whalestack LLC,1.0,1.0,3,0,0,0,0
2024-12-28,Blockdaemon Inc.,1.0,1.0,3,0,0,0,0
2024-12-28,Franklin Templeton,1.0,1.0,3,0,0,0,0
2024-12-28,LOBSTR,1.0,0.0,6,1,0,1,0
2024-12-28,Public Node,1.0,1.0,3,0,0,0,0
2024-12-28,SatoshiPay,1.0,0.9792,3,0,0,0,0
2024-12-28,Stellar Development Foundation,1.0,1.0,3,0,0,0,0
2024-12-28,Whalestack LLC,1.0,1.0,3,0,0,0,0
2024-12-29,Blockdaemon Inc.,1.0,1.0,3,0,0,0,0
2024-12-29,Franklin Templeton,1.0,1.0,3,0,0,0,0
2024-12-29,LOBSTR,1.0,0.0,6,1,0,1,0
2024-12-29,Public Node,1.0,1.0,3,0,0,0,0
2024-12-29,SatoshiPay,1.0,0.9958,3,0,0,0,0
2024-12-29,Stellar Development Foundation,1.0,1.0,3,0,0,0,0
2024-12-29,Whalestack LLC,1.0,1.0,3,0,0,0,0
2024-12-30,Blockdaemon Inc.,1.0,1.0,3,0,0,0,0
2024-12-30,Franklin Templeton,1.0,1.0,3,0,0,0,0
2024-12-30,LOBSTR,1.0,0.0,6,1,0,1,0
2024-12-30,Public Node,1.0,1.0,3,0,0,0,0
2024-12-30,SatoshiPay,1.0,0.9896,3,0,0,0,0
2024-12-30,Stellar Development Foundation,1.0,1.0,3,0,0,0,0
2024-12-30,Whalestack LLC,1.0,1.0,3,0,0,0,0
2024-12-31,Blockdaemon Inc.,1.0,1.0,3,0,0,0,0
2024-12-31,Franklin Templeton,1.0,1.0,3,0,0,0,0
2024-12-31,LOBSTR,1.0,0.0,6,1,0,1,0
2024-12-31,Public Node,1.0,1.0,3,0,0,0,0
2024-12-31,SatoshiPay,1.0,0.9979,3,0,0,0,0
2024-12-31,Stellar Development Foundation,1.0,1.0,3,0,0,0,0
2024-12-31,Whalestack LLC,1.0,1.0,3,0,0,0,0
2025-01-01,Blockdaemon Inc.,1.0,1.0,3,0,0,0,0
2025-01-01,Franklin Templeton,1.0,1.0,3,0,0,0,0
2025-01-01,LOBSTR,1.0,0.0,6,1,0,1,0
2025-01-01,Public Node,1.0,1.0,3,0,0,0,0
2025-01-01,SatoshiPay,1.0,0.9708,3,0,0,0,0
2025-01-01,Stellar Development Foundation,1.0,1.0,3,0,0,0,0
2025-01-01,Whalestack LLC,1.0,1.0,3,0,0,0,0
2025-01-02,Blockdaemon Inc.,1.0,1.0,3,0,0,0,0
2025-01-02,Franklin Templeton,1.0,1.0,3,0,0,0,0
2025-01-02,LOBSTR,1.0,0.0,6,1,0,1,0
2025-01-02,Public Node,1.0,1.0,3,0,0,0,0
2025-01-02,SatoshiPay,1.0,0.9292,3,0,0,0,0
2025-01-02,Stellar Development Foundation,1.0,1.0,3,0,0,0,0
2025-01-02,Whalestack LLC,1.0,1.0,3,0,0,0,0
2025-01-03,Blockdaemon Inc.,1.0,1.0,3,0,0,0,0
2025-01-03,Franklin Templeton,1.0,1.0,3,0,0,0,0
2025-01-03,LOBSTR,1.0,0.0,6,1,0,1,0
2025-01-03,Public Node,1.0,1.0,3,0,0,0,0
2025-01-03,SatoshiPay,1.0,1.0,3,0,0,0,0
2025-01-03,Stellar Development Foundation,1.0,1.0,3,0,0,0,0
2025-01-03,Whalestack LLC,1.0,1.0,3,0,0,0,0
2025-01-04,Blockdaemon Inc.,1.0,1.0,3,0,0,0,0
2025-01-04,Franklin Templeton,1.0,1.0,3,0,0,0,0
2025-01-04,LOBSTR,1.0,0.0,6,1,0,1,0
2025-01-04,Public Node,1.0,1.0,3,0,0,0,0
2025-01-04,SatoshiPay,1.0,0.9875,3,0,0,0,0
2025-01-04,Stellar Development Foundation,1.0,1.0,3,0,0,0,0
2025-01-04,Whalestack LLC,1.0,1.0,3,0,0,0,0
2025-01-05,Blockdaemon Inc.,1.0,1.0,3,0,0,0,0
2025-01-05,Franklin Templeton,1.0,1.0,3,0,0,0,0
2025-01-05,LOBSTR,1.0,0.0,6,1,0,1,0
2025-01-05,Public Node,1.0,1.0,3,0,0,0,0
2025-01-05,SatoshiPay,1.0,0.9583,3,0,0,0,0
2025-01-05,Stellar Development Foundation,1.0,1.0,3,0,0,0,0
2025-01-05,Whalestack LLC,1.0,1.0,3,0,0,0,0
2025-01-06,Blockdaemon Inc.,1.0,1.0,3,0,0,0,0
2025-01-06,Franklin Templeton,1.0,1.0,3,0,0,0,0
2025-01-06,LOBSTR,1.0,0.0,6,1,0,1,0
2025-01-06,Public Node,1.0,1.0,3,0,0,0,0
2025-01-06,SatoshiPay,1.0,0.9645,3,0,0,0,0
2025-01-06,Stellar Development Foundation,1.0,1.0,3,0,0,0,0
2025-01-06,Whalestack LLC,1.0,1.0,3,0,0,0,0
2025-01-07,Blockdaemon Inc.,1.0,1.0,3,0,0,0,0
2025-01-07,Franklin Templeton,1.0,1.0,3,0,0,0,0
2025-01-07,LOBSTR,1.0,0.0,6,1,0,1,0
2025-01-07,Public Node,1.0,1.0,3,0,0,0,0
2025-01-07,SatoshiPay,0.9979,0.9563,3,0,0,0,0
2025-01-07,Stellar Development Foundation,1.0,1.0,3,0,0,0,0
2025-01-07,Whalestack LLC,1.0,1.0,3,0,0,0,0
2025-01-08,Blockdaemon Inc.,1.0,1.0,3,0,0,0,0
2025-01-08,Creit Technologies LLP,1.0,1.0,3,0,0,0,0
2025-01-08,Franklin Templeton,1.0,1.0,3,0,0,0,0
2025-01-08,LOBSTR,1.0,0.0,6,1,0,1,0
2025-01-08,Public Node,1.0,1.0,3,0,0,0,0
2025-01-08,SatoshiPay,1.0,0.9729,3,0,0,0,0
2025-01-08,Stellar Development Foundation,1.0,1.0,3,0,0,0,0
2025-01-08,Whalestack LLC,1.0,1.0,3,0,0,0,0
2025-01-09,Blockdaemon Inc.,1.0,1.0,3,0,0,0,0
2025-01-09,Creit Technologies LLP,1.0,1.0,3,0,0,0,0
2025-01-09,Franklin Templeton,1.0,1.0,3,0,0,0,0
2025-01-09,LOBSTR,1.0,0.0,6,1,0,1,0
2025-01-09,Public Node,1.0,1.0,3,0,0,0,0
2025-01-09,SatoshiPay,1.0,0.9708,3,0,0,0,0
2025-01-09,Stellar Development Foundation,1.0,1.0,3,0,0,0,0
2025-01-09,Whalestack LLC,1.0,1.0,3,0,0,0,0
2025-01-10,Blockdaemon Inc.,1.0,1.0,3,0,0,0,0
2025-01-10,Creit Technologies LLP,1.0,1.0,3,0,0,0,0
2025-01-10,Franklin Templeton,1.0,1.0,3,0,0,0,0
2025-01-10,LOBSTR,1.0,0.0,6,1,0,1,0
2025-01-10,Public Node,1.0,1.0,3,0,0,0,0
2025-01-10,SatoshiPay,1.0,0.9979,3,0,0,0,0
2025-01-10,Stellar Development Foundation,1.0,1.0,3,0,0,0,0
2025-01-11,Blockdaemon Inc.,1.0,1.0,3,0,0,0,0
2025-01-11,Creit Technologies LLP,1.0,1.0,3,0,0,0,0
2025-01-11,Franklin Templeton,1.0,1.0,3,0,0,0,0
2025-01-11,LOBSTR,1.0,0.0,6,1,0,1,0
2025-01-11,Public Node,1.0,1.0,3,0,0,0,0
2025-01-11,SatoshiPay,1.0,0.9958,3,0,0,0,0
2025-01-11,Stellar Development Foundation,1.0,1.0,3,0,0,0,0
2025-01-12,Blockdaemon Inc.,1.0,1.0,3,0,0,0,0
2025-01-12,Creit Technologies LLP,1.0,1.0,3,0,0,0,0
2025-01-12,Franklin Templeton,1.0,1.0,3,0,0,0,0
2025-01-12,LOBSTR,1.0,0.0,6,1,0,1,0
2025-01-12,Public Node,1.0,1.0,3,0,0,0,0
2025-01-12,SatoshiPay,1.0,1.0,3,0,0,0,0
2025-01-12,Stellar Development Foundation,1.0,1.0,3,0,0,0,0
2025-01-13,Blockdaemon Inc.,1.0,1.0,3,0,0,0,0
2025-01-13,Creit Technologies LLP,1.0,1.0,3,0,0,0,0
2025-01-13,Franklin Templeton,1.0,1.0,3,0,0,0,0
2025-01-13,LOBSTR,1.0,0.0,6,1,0,1,0
2025-01-13,Public Node,1.0,1.0,3,0,0,0,0
2025-01-13,SatoshiPay,1.0,0.9979,3,0,0,0,0
2025-01-13,Stellar Development Foundation,1.0,1.0,3,0,0,0,0
2025-01-14,Blockdaemon Inc.,1.0,1.0,3,0,0,0,0
2025-01-14,Creit Technologies LLP,1.0,1.0,3,0,0,0,0
2025-01-14,Franklin Templeton,1.0,1.0,3,0,0,0,0
2025-01-14,LOBSTR,1.0,0.0,6,1,0,1,0
2025-01-14,Public Node,1.0,1.0,3,0,0,0,0
2025-01-14,SatoshiPay,1.0,1.0,3,0,0,0,0
2025-01-14,Stellar Development Foundation,1.0,1.0,3,0,0,0,0
2025-01-15,Blockdaemon Inc.,1.0,1.0,3,0,0,0,0
2025-01-15,Creit Technologies LLP,1.0,1.0,3,0,0,0,0
2025-01-15,Franklin Templeton,1.0,1.0,3,0,0,0,0
2025-01-15,LOBSTR,1.0,0.0,6,1,0,1,0
2025-01-15,Public Node,1.0,1.0,3,0,0,0,0
2025-01-15,SatoshiPay,1.0,0.9958,3,0,0,0,0
2025-01-15,Stellar Development Foundation,1.0,1.0,3,0,0,0,0
2025-01-16,Blockdaemon Inc.,1.0,1.0,3,0,0,0,0
2025-01-16,Creit Technologies LLP,1.0,1.0,3,0,0,0,0
2025-01-16,Franklin Templeton,1.0,1.0,3,0,0,0,0
2025-01-16,LOBSTR,1.0,0.0,6,1,0,1,0
2025-01-16,Public Node,1.0,1.0,3,0,0,0,0
2025-01-16,SatoshiPay,1.0,0.9896,3,0,0,0,0
2025-01-16,Stellar Development Foundation,1.0,1.0,3,0,0,0,0
2025-01-17,Blockdaemon Inc.,1.0,1.0,3,0,0,0,0
2025-01-17,Creit Technologies LLP,1.0,1.0,3,0,0,0,0
2025-01-17,Franklin Templeton,1.0,1.0,3,0,0,0,0
2025-01-17,LOBSTR,1.0,0.0,6,1,0,1,0
2025-01-17,Public Node,1.0,1.0,3,0,0,0,0
2025-01-17,SatoshiPay,1.0,0.9896,3,0,0,0,0
2025-01-17,Stellar Development Foundation,1.0,1.0,3,0,0,0,0
2025-01-18,Blockdaemon Inc.,1.0,1.0,3,0,0,0,0
2025-01-18,Creit Technologies LLP,1.0,1.0,3,0,0,0,0
2025-01-18,Franklin Templeton,1.0,1.0,3,0,0,0,0
2025-01-18,LOBSTR,1.0,0.0,6,1,0,1,0
2025-01-18,Public Node,1.0,1.0,3,0,0,0,0
2025-01-18,SatoshiPay,1.0,0.9687,3,0,0,0,0
2025-01-18,Stellar Development Foundation,1.0,1.0,3,0,0,0,0
2025-01-19,Blockdaemon Inc.,1.0,1.0,3,0,0,0,0
2025-01-19,Creit Technologies LLP,1.0,1.0,3,0,0,0,0
2025-01-19,Franklin Templeton,1.0,1.0,3,0,0,0,0
2025-01-19,LOBSTR,1.0,0.0,6,1,0,1,0
2025-01-19,Public Node,1.0,1.0,3,0,0,0,0
2025-01-19,SatoshiPay,1.0,0.9354,3,0,0,0,0
2025-01-19,Stellar Development Foundation,1.0,1.0,3,0,0,0,0
2025-01-20,Blockdaemon Inc.,1.0,1.0,3,0,0,0,0
2025-01-20,Creit Technologies LLP,1.0,1.0,3,0,0,0,0
2025-01-20,Franklin Templeton,1.0,1.0,3,0,0,0,0
2025-01-20,LOBSTR,1.0,0.0,6,1,0,1,0
2025-01-20,Public Node,1.0,1.0,3,0,0,0,0
2025-01-20,SatoshiPay,0.9875,0.6396,3,1,0,0,0
2025-01-20,Stellar Development Foundation,1.0,1.0,3,0,0,0,0
2025-01-21,Blockdaemon Inc.,1.0,1.0,3,0,0,0,0
2025-01-21,Creit Technologies LLP,1.0,1.0,3,0,0,0,0
2025-01-21,Franklin Templeton,1.0,1.0,3,0,0,0,0
2025-01-21,LOBSTR,1.0,0.0,6,1,0,1,0
2025-01-21,Public Node,1.0,1.0,3,0,0,0,0
2025-01-21,SatoshiPay,1.0,0.6521,3,1,0,0,0
2025-01-21,Stellar Development Foundation,1.0,1.0,3,0,0,0,0
2025-01-22,Blockdaemon Inc.,1.0,1.0,3,0,0,0,0
2025-01-22,Creit Technologies LLP,1.0,1.0,3,0,0,0,0
2025-01-22,Franklin Templeton,1.0,1.0,3,0,0,0,0
2025-01-22,LOBSTR,1.0,0.0,6,1,0,1,0
2025-01-22,Public Node,1.0,1.0,3,0,0,0,0
2025-01-22,SatoshiPay,0.9979,0.6785,3,1,0,0,0
2025-01-22,Stellar Development Foundation,1.0,1.0,3,0,0,0,0
2025-01-23,Blockdaemon Inc.,1.0,1.0,3,0,0,0,0
2025-01-23,Creit Technologies LLP,1.0,1.0,3,0,0,0,0
2025-01-23,Franklin Templeton,1.0,1.0,3,0,0,0,0
2025-01-23,LOBSTR,1.0,0.0,6,1,0,1,0
2025-01-23,Public Node,1.0,1.0,3,0,0,0,0
2025-01-23,SatoshiPay,0.925,0.8187,3,1,0,0,0
2025-01-23,Stellar Development Foundation,1.0,1.0,3,0,0,0,0
2025-01-24,Blockdaemon Inc.,1.0,1.0,3,0,0,0,0
2025-01-24,Creit Technologies LLP,1.0,1.0,3,0,0,0,0
2025-01-24,Franklin Templeton,1.0,1.0,3,0,0,0,0
2025-01-24,LOBSTR,1.0,0.0,6,1,0,1,0
2025-01-24,Public Node,1.0,1.0,3,0,0,0,0
2025-01-24,SatoshiPay,0.9917,0.8917,3,1,0,0,0
2025-01-24,Stellar Development Foundation,1.0,1.0,3,0,0,0,0
2025-01-25,Blockdaemon Inc.,1.0,1.0,3,0,0,0,0
2025-01-25,Creit Technologies LLP,1.0,1.0,3,0,0,0,0
2025-01-25,Franklin Templeton,1.0,1.0,3,0,0,0,0
2025-01-25,LOBSTR,1.0,0.0,6,1,0,1,0
2025-01-25,Public Node,1.0,1.0,3,0,0,0,0
2025-01-25,SatoshiPay,1.0,0.9646,3,0,0,0,0
2025-01-25,Stellar Development Foundation,1.0,1.0,3,0,0,0,0
2025-01-26,Blockdaemon Inc.,1.0,1.0,3,0,0,0,0
2025-01-26,Creit Technologies LLP,1.0,1.0,3,0,0,0,0
2025-01-26,Franklin Templeton,1.0,1.0,3,0,0,0,0
2025-01-26,LOBSTR,1.0,0.0,6,1,0,1,0
2025-01-26,Public Node,1.0,1.0,3,0,0,0,0
2025-01-26,SatoshiPay,0.9979,0.8455,3,1,0,0,0
2025-01-26,Stellar Development Foundation,1.0,1.0,3,0,0,0,0
2025-01-27,Blockdaemon Inc.,1.0,1.0,3,0,0,0,0
2025-01-27,Creit Technologies LLP,1.0,1.0,3,0,0,0,0
2025-01-27,Franklin Templeton,1.0,1.0,3,0,0,0,0
2025-01-27,LOBSTR,1.0,0.0,6,1,0,1,0
2025-01-27,Public Node,1.0,1.0,3,0,0,0,0
2025-01-27,SatoshiPay,0.9979,0.7526,3,1,0,0,0
2025-01-27,Stellar Development Foundation,1.0,1.0,3,0,0,0,0
2025-01-28,Blockdaemon Inc.,1.0,1.0,3,0,0,0,0
2025-01-28,Creit Technologies LLP,1.0,1.0,3,0,0,0,0
2025-01-28,Franklin Templeton,1.0,1.0,3,0,0,0,0
2025-01-28,LOBSTR,1.0,0.0,6,1,0,1,0
2025-01-28,Public Node,1.0,1.0,3,0,0,0,0
2025-01-28,SatoshiPay,1.0,0.9415,3,0,0,0,0
2025-01-28,Stellar Development Foundation,1.0,1.0,3,0,0,0,0
2025-01-29,Blockdaemon Inc.,1.0,1.0,3,0,0,0,0
2025-01-29,Creit Technologies LLP,1.0,1.0,3,0,0,0,0
2025-01-29,Franklin Templeton,1.0,1.0,3,0,0,0,0
2025-01-29,LOBSTR,1.0,0.0,6,1,0,1,0
2025-01-29,Public Node,1.0,1.0,3,0,0,0,0
2025-01-29,SatoshiPay,1.0,0.881,3,1,0,0,0
2025-01-29,Stellar Development Foundation,1.0,1.0,3,0,0,0,0
2025-01-30,Blockdaemon Inc.,1.0,1.0,3,0,0,0,0
2025-01-30,Creit Technologies LLP,1.0,1.0,3,0,0,0,0
2025-01-30,Franklin Templeton,1.0,1.0,3,0,0,0,0
2025-01-30,LOBSTR,1.0,0.0,6,1,0,1,0
2025-01-30,Public Node,1.0,1.0,3,0,0,0,0
2025-01-30,SatoshiPay,0.9896,0.9667,3,1,0,0,0
2025-01-30,Stellar Development Foundation,1.0,1.0,3,0,0,0,0
2025-01-31,Blockdaemon Inc.,1.0,1.0,3,0,0,0,0
2025-01-31,Creit Technologies LLP,1.0,1.0,3,0,0,0,0
2025-01-31,Franklin Templeton,1.0,1.0,3,0,0,0,0
2025-01-31,LOBSTR,1.0,0.0,6,1,0,1,0
2025-01-31,Public Node,1.0,1.0,3,0,0,0,0
2025-01-31,SatoshiPay,1.0,0.9875,3,0,0,0,0
2025-01-31,Stellar Development Foundation,1.0,1.0,3,0,0,0,0
2025-02-01,Blockdaemon Inc.,1.0,1.0,3,0,0,0,0
2025-02-01,Creit Technologies LLP,1.0,1.0,3,0,0,0,0
2025-02-01,Franklin Templeton,1.0,1.0,3,0,0,0,0
2025-02-01,LOBSTR,1.0,0.0,6,1,0,1,0
2025-02-01,Public Node,1.0,1.0,3,0,0,0,0
2025-02-01,SatoshiPay,1.0,0.9771,3,0,0,0,0
2025-02-01,Stellar Development Foundation,1.0,1.0,3,0,0,0,0
2025-02-02,Blockdaemon Inc.,1.0,1.0,3,0,0,0,0
2025-02-02,Creit Technologies LLP,1.0,1.0,3,0,0,0,0
2025-02-02,Franklin Templeton,1.0,1.0,3,0,0,0,0
2025-02-02,LOBSTR,1.0,0.0,6,1,0,1,0
2025-02-02,Public Node,1.0,1.0,3,0,0,0,0
2025-02-02,SatoshiPay,0.9958,0.9624,3,0,0,0,0
2025-02-02,Stellar Development Foundation,1.0,1.0,3,0,0,0,0
2025-02-03,Blockdaemon Inc.,1.0,1.0,3,0,0,0,0
2025-02-03,Creit Technologies LLP,1.0,1.0,3,0,0,0,0
2025-02-03,Franklin Templeton,1.0,1.0,3,0,0,0,0
2025-02-03,LOBSTR,1.0,0.0,6,1,0,1,0
2025-02-03,Public Node,1.0,1.0,3,0,0,0,0
2025-02-03,SatoshiPay,0.925,0.8271,3,1,0,0,0
2025-02-03,Stellar Development Foundation,1.0,1.0,3,0,0,0,0
2025-02-04,Blockdaemon Inc.,1.0,1.0,3,0,0,0,0
2025-02-04,Creit Technologies LLP,1.0,1.0,3,0,0,0,0
2025-02-04,Franklin Templeton,1.0,1.0,3,0,0,0,0
2025-02-04,LOBSTR,1.0,0.0,6,1,0,1,0
2025-02-04,Public Node,1.0,1.0,3,0,0,0,0
2025-02-04,SatoshiPay,1.0,0.9875,3,0,0,0,0
2025-02-04,Stellar Development Foundation,1.0,1.0,3,0,0,0,0
2025-02-05,Blockdaemon Inc.,1.0,1.0,3,0,0,0,0
2025-02-05,Creit Technologies LLP,1.0,1.0,3,0,0,0,0
2025-02-05,Franklin Templeton,1.0,1.0,3,0,0,0,0
2025-02-05,LOBSTR,1.0,0.0,6,1,0,1,0
2025-02-05,Public Node,1.0,1.0,3,0,0,0,0
2025-02-05,SatoshiPay,1.0,0.9417,3,0,0,0,0
2025-02-05,Stellar Development Foundation,1.0,1.0,3,0,0,0,0
2025-02-06,Blockdaemon Inc.,1.0,1.0,3,0,0,0,0
2025-02-06,Creit Technologies LLP,1.0,1.0,3,0,0,0,0
2025-02-06,Franklin Templeton,1.0,1.0,3,0,0,0,0
2025-02-06,LOBSTR,1.0,0.0,6,1,0,1,0
2025-02-06,Public Node,1.0,1.0,3,0,0,0,0
2025-02-06,SatoshiPay,0.9958,0.9541,3,0,0,0,0
2025-02-06,Stellar Development Foundation,1.0,1.0,3,0,0,0,0
2025-02-07,Blockdaemon Inc.,1.0,1.0,3,0,0,0,0
2025-02-07,Creit Technologies LLP,1.0,1.0,3,0,0,0,0
2025-02-07,Franklin Templeton,1.0,1.0,3,0,0,0,0
2025-02-07,LOBSTR,1.0,0.0,6,1,0,1,0
2025-02-07,Public Node,1.0,1.0,3,0,0,0,0
2025-02-07,SatoshiPay,1.0,0.9917,3,0,0,0,0
2025-02-07,Stellar Development Foundation,1.0,1.0,3,0,0,0,0
2025-02-08,Blockdaemon Inc.,1.0,1.0,3,0,0,0,0
2025-02-08,Creit Technologies LLP,1.0,1.0,3,0,0,0,0
2025-02-08,Franklin Templeton,1.0,1.0,3,0,0,0,0
2025-02-08,LOBSTR,1.0,0.0,6,1,0,1,0
2025-02-08,Public Node,1.0,1.0,3,0,0,0,0
2025-02-08,SatoshiPay,1.0,0.9979,3,0,0,0,0
2025-02-08,Stellar Development Foundation,1.0,1.0,3,0,0,0,0
2025-02-09,Blockdaemon Inc.,1.0,1.0,3,0,0,0,0
2025-02-09,Creit Technologies LLP,1.0,1.0,3,0,0,0,0
2025-02-09,Franklin Templeton,1.0,1.0,3,0,0,0,0
2025-02-09,LOBSTR,1.0,0.0,6,1,0,1,0
2025-02-09,Public Node,1.0,1.0,3,0,0,0,0
2025-02-09,SatoshiPay,1.0,0.9979,3,0,0,0,0
2025-02-09,Stellar Development Foundation,1.0,1.0,3,0,0,0,0
2025-02-10,Blockdaemon Inc.,1.0,1.0,3,0,0,0,0
2025-02-10,Creit Technologies LLP,1.0,1.0,3,0,0,0,0
2025-02-10,Franklin Templeton,1.0,1.0,3,0,0,0,0
2025-02-10,LOBSTR,1.0,0.0,6,1,0,1,0
2025-02-10,Public Node,1.0,1.0,3,0,0,0,0
2025-02-10,SatoshiPay,1.0,0.9917,3,0,0,0,0
2025-02-10,Stellar Development Foundation,1.0,1.0,3,0,0,0,0
2025-02-11,Blockdaemon Inc.,1.0,1.0,3,0,0,0,0
2025-02-11,Creit Technologies LLP,1.0,1.0,3,0,0,0,0
2025-02-11,Franklin Templeton,1.0,1.0,3,0,0,0,0
2025-02-11,LOBSTR,1.0,0.0,6,1,0,1,0
2025-02-11,Public Node,1.0,1.0,3,0,0,0,0
2025-02-11,SatoshiPay,1.0,0.9875,3,0,0,0,0
2025-02-11,Stellar Development Foundation,1.0,1.0,3,0,0,0,0
2025-02-12,Blockdaemon Inc.,1.0,1.0,3,0,0,0,0
2025-02-12,Creit Technologies LLP,1.0,1.0,3,0,0,0,0
2025-02-12,Franklin Templeton,1.0,0.9958,3,0,0,0,0
2025-02-12,LOBSTR,1.0,0.0,6,1,0,1,0
2025-02-12,Public Node,1.0,1.0,3,0,0,0,0
2025-02-12,SatoshiPay,0.9478,0.8539,3,1,0,0,0
2025-02-12,Stellar Development Foundation,1.0,1.0,3,0,0,0,0
2025-02-13,Blockdaemon Inc.,1.0,1.0,3,0,0,0,0
2025-02-13,Creit Technologies LLP,1.0,1.0,3,0,0,0,0
2025-02-13,Franklin Templeton,1.0,1.0,3,0,0,0,0
2025-02-13,LOBSTR,1.0,0.0,6,1,0,1,0
2025-02-13,Public Node,1.0,1.0,3,0,0,0,0
2025-02-13,SatoshiPay,0.9771,0.8875,3,1,0,0,0
2025-02-13,Stellar Development Foundation,1.0,1.0,3,0,0,0,0
2025-02-14,Blockdaemon Inc.,1.0,1.0,3,0,0,0,0
2025-02-14,Creit Technologies LLP,1.0,1.0,3,0,0,0,0
2025-02-14,Franklin Templeton,1.0,1.0,3,0,0,0,0
2025-02-14,LOBSTR,1.0,0.0,6,1,0,1,0
2025-02-14,Public Node,1.0,1.0,3,0,0,0,0
2025-02-14,SatoshiPay,0.9812,0.8938,3,1,1,0,0
2025-02-14,Stellar Development Foundation,1.0,1.0,3,0,0,0,0
2025-02-15,Blockdaemon Inc.,1.0,1.0,3,0,0,0,0
2025-02-15,Creit Technologies LLP,1.0,1.0,3,0,0,0,0
2025-02-15,Franklin Templeton,1.0,1.0,3,0,0,0,0
2025-02-15,LOBSTR,1.0,0.0,6,1,0,1,0
2025-02-15,Public Node,1.0,1.0,3,0,0,0,0
2025-02-15,SatoshiPay,0.9917,0.9354,3,0,1,0,0
2025-02-15,Stellar Development Foundation,1.0,1.0,3,0,0,0,0
2025-02-16,Blockdaemon Inc.,1.0,1.0,3,0,0,0,0
2025-02-16,Creit Technologies LLP,1.0,1.0,3,0,0,0,0
2025-02-16,Franklin Templeton,1.0,1.0,3,0,0,0,0
2025-02-16,LOBSTR,1.0,0.0,6,1,0,1,0
2025-02-16,Public Node,1.0,1.0,3,0,0,0,0
2025-02-16,SatoshiPay,0.9688,0.8917,3,1,1,0,0
2025-02-16,Stellar Development Foundation,1.0,1.0,3,0,0,0,0
2025-02-17,Blockdaemon Inc.,1.0,1.0,3,0,0,0,0
2025-02-17,Creit Technologies LLP,1.0,1.0,3,0,0,0,0
2025-02-17,Franklin Templeton,1.0,1.0,3,0,0,0,0
2025-02-17,LOBSTR,1.0,0.0,6,1,0,1,0
2025-02-17,Public Node,1.0,1.0,3,0,0,0,0
2025-02-17,SatoshiPay,0.9729,0.8667,3,1,1,0,0
2025-02-17,Stellar Development Foundation,1.0,1.0,3,0,0,0,0
2025-02-18,Blockdaemon Inc.,1.0,1.0,3,0,0,0,0
2025-02-18,Creit Technologies LLP,1.0,1.0,3,0,0,0,0
2025-02-18,Franklin Templeton,1.0,1.0,3,0,0,0,0
2025-02-18,LOBSTR,1.0,0.0,6,1,0,1,0
2025-02-18,Public Node,1.0,1.0,3,0,0,0,0
2025-02-18,SatoshiPay,0.9165,0.7474,3,1,1,0,0
2025-02-18,Stellar Development Foundation,1.0,1.0,3,0,0,0,0
2025-02-19,Blockdaemon Inc.,1.0,1.0,3,0,0,0,0
2025-02-19,Creit Technologies LLP,1.0,1.0,3,0,0,0,0
2025-02-19,Franklin Templeton,1.0,1.0,3,0,0,0,0
2025-02-19,LOBSTR,1.0,0.0,6,1,0,1,0
2025-02-19,Public Node,1.0,1.0,3,0,0,0,0
2025-02-19,SatoshiPay,0.9729,0.8417,3,1,1,0,0
2025-02-19,Stellar Development Foundation,1.0,1.0,3,0,0,0,0
2025-02-20,Blockdaemon Inc.,1.0,1.0,3,0,0,0,0
2025-02-20,Creit Technologies LLP,1.0,1.0,3,0,0,0,0
2025-02-20,Franklin Templeton,1.0,1.0,3,0,0,0,0
2025-02-20,LOBSTR,1.0,0.0,6,1,0,1,0
2025-02-20,Public Node,1.0,1.0,3,0,0,0,0
2025-02-20,SatoshiPay,0.9729,0.8063,3,1,1,0,0
2025-02-20,Stellar Development Foundation,1.0,1.0,3,0,0,0,0
2025-02-21,Blockdaemon Inc.,1.0,1.0,3,0,0,0,0
2025-02-21,Creit Technologies LLP,1.0,1.0,3,0,0,0,0
2025-02-21,Franklin Templeton,1.0,1.0,3,0,0,0,0
2025-02-21,LOBSTR,1.0,0.0,6,1,0,1,0
2025-02-21,Public Node,1.0,1.0,3,0,0,0,0
2025-02-21,SatoshiPay,0.9688,0.7958,3,1,1,0,0
2025-02-21,Stellar Development Foundation,1.0,1.0,3,0,0,0,0
2025-02-22,Blockdaemon Inc.,1.0,1.0,3,0,0,0,0
2025-02-22,Creit Technologies LLP,1.0,1.0,3,0,0,0,0
2025-02-22,Franklin Templeton,1.0,1.0,3,0,0,0,0
2025-02-22,LOBSTR,1.0,0.0,6,1,0,1,0
2025-02-22,Public Node,1.0,1.0,3,0,0,0,0
2025-02-22,SatoshiPay,0.9896,0.8664,3,1,1,0,0
2025-02-22,Stellar Development Foundation,1.0,1.0,3,0,0,0,0
2025-02-23,Blockdaemon Inc.,1.0,1.0,3,0,0,0,0
2025-02-23,Creit Technologies LLP,1.0,1.0,3,0,0,0,0
2025-02-23,Franklin Templeton,1.0,1.0,3,0,0,0,0
2025-02-23,LOBSTR,1.0,0.0,6,1,0,1,0
2025-02-23,Public Node,1.0,1.0,3,0,0,0,0
2025-02-23,SatoshiPay,0.9771,0.9208,3,1,1,0,0
2025-02-23,Stellar Development Foundation,1.0,1.0,3,0,0,0,0
2025-02-24,Blockdaemon Inc.,1.0,1.0,3,0,0,0,0
2025-02-24,Creit Technologies LLP,1.0,1.0,3,0,0,0,0
2025-02-24,Franklin Templeton,1.0,1.0,3,0,0,0,0
2025-02-24,LOBSTR,1.0,0.0,6,1,0,1,0
2025-02-24,Public Node,1.0,1.0,3,0,0,0,0
2025-02-24,SatoshiPay,0.9333,0.8583,3,1,1,0,0
2025-02-24,Stellar Development Foundation,1.0,1.0,3,0,0,0,0
2025-02-25,Blockdaemon Inc.,1.0,1.0,3,0,0,0,0
2025-02-25,Creit Technologies LLP,1.0,1.0,3,0,0,0,0
2025-02-25,Franklin Templeton,1.0,1.0,3,0,0,0,0
2025-02-25,LOBSTR,1.0,0.0,6,1,0,1,0
2025-02-25,Public Node,1.0,1.0,3,0,0,0,0
2025-02-25,SatoshiPay,0.8337,0.5842,3,1,1,1,0
2025-02-25,Stellar Development Foundation,1.0,1.0,3,0,0,0,0
2025-02-26,Blockdaemon Inc.,1.0,1.0,3,0,0,0,0
2025-02-26,Creit Technologies LLP,1.0,1.0,3,0,0,0,0
2025-02-26,Franklin Templeton,1.0,1.0,3,0,0,0,0
2025-02-26,LOBSTR,1.0,0.0,6,1,0,1,0
2025-02-26,Public Node,1.0,1.0,3,0,0,0,0
2025-02-26,SatoshiPay,0.9081,0.7662,3,1,1,0,0
2025-02-26,Stellar Development Foundation,1.0,1.0,3,0,0,0,0
2025-02-27,Blockdaemon Inc.,1.0,1.0,3,0,0,0,0
2025-02-27,Creit Technologies LLP,1.0,1.0,3,0,0,0,0
2025-02-27,Franklin Templeton,1.0,1.0,3,0,0,0,0
2025-02-27,LOBSTR,1.0,0.0,6,1,0,1,0
2025-02-27,Public Node,1.0,1.0,3,0,0,0,0
2025-02-27,SatoshiPay,0.9729,0.8458,3,1,1,0,0
2025-02-27,Stellar Development Foundation,1.0,1.0,3,0,0,0,0
2025-02-28,Blockdaemon Inc.,1.0,1.0,3,0,0,0,0
2025-02-28,Creit Technologies LLP,1.0,1.0,3,0,0,0,0
2025-02-28,Franklin Templeton,1.0,1.0,3,0,0,0,0
2025-02-28,LOBSTR,1.0,0.0,6,1,0,1,0
2025-02-28,Public Node,1.0,1.0,3,0,0,0,0
2025-02-28,SatoshiPay,0.9021,0.8,3,1,1,0,0
2025-02-28,Stellar Development Foundation,1.0,1.0,3,0,0,0,0
2025-03-01,Blockdaemon Inc.,1.0,1.0,3,0,0,0,0
2025-03-01,Creit Technologies LLP,1.0,1.0,3,0,0,0,0
2025-03-01,Franklin Templeton,1.0,1.0,3,0,0,0,0
2025-03-01,LOBSTR,1.0,0.0,6,1,0,1,0
2025-03-01,Public Node,1.0,1.0,3,0,0,0,0
2025-03-01,SatoshiPay,0.9916,0.9228,3,0,1,0,0
2025-03-01,Stellar Development Foundation,1.0,1.0,3,0,0,0,0
2025-03-02,Blockdaemon Inc.,1.0,1.0,3,0,0,0,0
2025-03-02,Creit Technologies LLP,1.0,1.0,3,0,0,0,0
2025-03-02,Franklin Templeton,1.0,1.0,3,0,0,0,0
2025-03-02,LOBSTR,1.0,0.0,6,1,0,1,0
2025-03-02,Public Node,1.0,1.0,3,0,0,0,0
2025-03-02,SatoshiPay,0.9104,0.8146,3,1,1,0,0
2025-03-02,Stellar Development Foundation,1.0,1.0,3,0,0,0,0
2025-03-03,Blockdaemon Inc.,1.0,1.0,3,0,0,0,0
2025-03-03,Creit Technologies LLP,1.0,1.0,3,0,0,0,0
2025-03-03,Franklin Templeton,1.0,1.0,3,0,0,0,0
2025-03-03,LOBSTR,1.0,0.0,6,1,0,1,0
2025-03-03,Public Node,1.0,1.0,3,0,0,0,0
2025-03-03,SatoshiPay,0.9708,0.8083,3,1,1,0,0
2025-03-03,Stellar Development Foundation,1.0,1.0,3,0,0,0,0
2025-03-04,Blockdaemon Inc.,1.0,1.0,3,0,0,0,0
2025-03-04,Creit Technologies LLP,1.0,1.0,3,0,0,0,0
2025-03-04,Franklin Templeton,1.0,1.0,3,0,0,0,0
2025-03-04,LOBSTR,1.0,0.0,6,1,0,1,0
2025-03-04,Public Node,1.0,1.0,3,0,0,0,0
2025-03-04,SatoshiPay,1.0,0.8545,3,1,1,0,0
2025-03-04,Stellar Development Foundation,1.0,1.0,3,0,0,0,0
2025-03-05,Blockdaemon Inc.,1.0,1.0,3,0,0,0,0
2025-03-05,Creit Technologies LLP,1.0,1.0,3,0,0,0,0
2025-03-05,Franklin Templeton,1.0,1.0,3,0,0,0,0
2025-03-05,LOBSTR,1.0,0.0,6,1,0,1,0
2025-03-05,Public Node,1.0,1.0,3,0,0,0,0
2025-03-05,SatoshiPay,1.0,0.9144,3,0,1,0,0
2025-03-05,Stellar Development Foundation,1.0,1.0,3,0,0,0,0
2025-03-06,Blockdaemon Inc.,1.0,1.0,3,0,0,0,0
2025-03-06,Creit Technologies LLP,1.0,1.0,3,0,0,0,0
2025-03-06,Franklin Templeton,1.0,1.0,3,0,0,0,0
2025-03-06,LOBSTR,1.0,0.0,6,1,0,1,0
2025-03-06,Public Node,1.0,1.0,3,0,0,0,0
2025-03-06,SatoshiPay,1.0,0.8271,3,1,1,0,0
2025-03-06,Stellar Development Foundation,1.0,1.0,3,0,0,0,0
2025-03-07,Blockdaemon Inc.,1.0,1.0,3,0,0,0,0
2025-03-07,Creit Technologies LLP,1.0,1.0,3,0,0,0,0
2025-03-07,Franklin Templeton,1.0,1.0,3,0,0,0,0
2025-03-07,LOBSTR,1.0,0.0,6,1,0,1,0
2025-03-07,Public Node,1.0,1.0,3,0,0,0,0
2025-03-07,SatoshiPay,1.0,0.7667,3,1,0,0,0
2025-03-07,Stellar Development Foundation,1.0,1.0,3,0,0,0,0
2025-03-08,Blockdaemon Inc.,1.0,1.0,3,0,0,0,0
2025-03-08,Creit Technologies LLP,1.0,1.0,3,0,0,0,0
2025-03-08,Franklin Templeton,1.0,1.0,3,0,0,0,0
2025-03-08,LOBSTR,1.0,0.0,6,1,0,1,0
2025-03-08,Public Node,1.0,1.0,3,0,0,0,0
2025-03-08,SatoshiPay,1.0,0.7958,3,1,0,0,0
2025-03-08,Stellar Development Foundation,1.0,1.0,3,0,0,0,0
2025-03-09,Blockdaemon Inc.,1.0,1.0,3,0,0,0,0
2025-03-09,Creit Technologies LLP,1.0,1.0,3,0,0,0,0
2025-03-09,Franklin Templeton,1.0,1.0,3,0,0,0,0
2025-03-09,LOBSTR,1.0,0.0,6,1,0,1,0
2025-03-09,Public Node,1.0,1.0,3,0,0,0,0
2025-03-09,SatoshiPay,1.0,0.8063,3,1,0,0,0
2025-03-09,Stellar Development Foundation,1.0,1.0,3,0,0,0,0
2025-03-10,Blockdaemon Inc.,1.0,1.0,3,0,0,0,0
2025-03-10,Creit Technologies LLP,1.0,1.0,3,0,0,0,0
2025-03-10,Franklin Templeton,1.0,1.0,3,0,0,0,0
2025-03-10,LOBSTR,1.0,0.0,6,1,0,1,0
2025-03-10,Public Node,1.0,1.0,3,0,0,0,0
2025-03-10,SatoshiPay,1.0,0.8142,3,1,0,0,0
2025-03-10,Stellar Development Foundation,1.0,1.0,3,0,0,0,0
2025-03-11,Blockdaemon Inc.,1.0,1.0,3,0,0,0,0
2025-03-11,Creit Technologies LLP,1.0,1.0,3,0,0,0,0
2025-03-11,Franklin Templeton,1.0,1.0,3,0,0,0,0
2025-03-11,LOBSTR,1.0,0.0,6,1,0,1,0
2025-03-11,Public Node,1.0,1.0,3,0,0,0,0
2025-03-11,SatoshiPay,1.0,0.9208,3,0,0,0,0
2025-03-11,Stellar Development Foundation,1.0,1.0,3,0,0,0,0
2025-03-12,Blockdaemon Inc.,1.0,1.0,3,0,0,0,0
2025-03-12,Creit Technologies LLP,1.0,1.0,3,0,0,0,0
2025-03-12,Franklin Templeton,1.0,1.0,3,0,0,0,0
2025-03-12,LOBSTR,1.0,0.0,6,1,0,1,0
2025-03-12,Public Node,1.0,1.0,3,0,0,0,0
2025-03-12,SatoshiPay,1.0,0.8979,3,1,0,0,0
2025-03-12,Stellar Development Foundation,1.0,1.0,3,0,0,0,0
2025-03-13,Blockdaemon Inc.,1.0,1.0,3,0,0,0,0
2025-03-13,Creit Technologies LLP,1.0,1.0,3,0,0,0,0
2025-03-13,Franklin Templeton,1.0,1.0,3,0,0,0,0
2025-03-13,LOBSTR,1.0,0.0,6,1,0,1,0
2025-03-13,Public Node,1.0,1.0,3,0,0,0,0
2025-03-13,SatoshiPay,1.0,0.929,3,0,0,0,0
2025-03-13,Stellar Development Foundation,1.0,1.0,3,0,0,0,0
2025-03-14,Blockdaemon Inc.,1.0,1.0,3,0,0,0,0
2025-03-14,Creit Technologies LLP,1.0,1.0,3,0,0,0,0
2025-03-14,Franklin Templeton,1.0,1.0,3,0,0,0,0
2025-03-14,LOBSTR,1.0,0.0,6,1,0,1,0
2025-03-14,Public Node,1.0,1.0,3,0,0,0,0
2025-03-14,SatoshiPay,1.0,0.9437,3,0,0,0,0
2025-03-14,Stellar Development Foundation,1.0,0.9979,3,0,0,0,0
2025-03-15,Blockdaemon Inc.,1.0,1.0,3,0,0,0,0
2025-03-15,Creit Technologies LLP,1.0,1.0,3,0,0,0,0
2025-03-15,Franklin Templeton,1.0,1.0,3,0,0,0,0
2025-03-15,LOBSTR,1.0,0.0,6,1,0,1,0
2025-03-15,Public Node,1.0,1.0,3,0,0,0,0
2025-03-15,SatoshiPay,1.0,0.8812,3,1,0,0,0
2025-03-15,Stellar Development Foundation,1.0,1.0,3,0,0,0,0
2025-03-16,Blockdaemon Inc.,1.0,1.0,3,0,0,0,0
2025-03-16,Creit Technologies LLP,1.0,1.0,3,0,0,0,0
2025-03-16,Franklin Templeton,1.0,1.0,3,0,0,0,0
2025-03-16,LOBSTR,1.0,0.0,6,1,0,1,0
2025-03-16,Public Node,1.0,1.0,3,0,0,0,0
2025-03-16,SatoshiPay,1.0,0.9667,3,0,0,0,0
2025-03-16,Stellar Development Foundation,1.0,1.0,3,0,0,0,0
2025-03-17,Blockdaemon Inc.,1.0,1.0,3,0,0,0,0
2025-03-17,Creit Technologies LLP,1.0,1.0,3,0,0,0,0
2025-03-17,Franklin Templeton,1.0,1.0,3,0,0,0,0
2025-03-17,LOBSTR,1.0,0.0,6,1,0,1,0
2025-03-17,Public Node,1.0,1.0,3,0,0,0,0
2025-03-17,SatoshiPay,1.0,0.9958,3,0,0,0,0
2025-03-17,Stellar Development Foundation,1.0,0.9958,3,0,0,0,0
2025-03-18,Blockdaemon Inc.,1.0,1.0,3,0,0,0,0
2025-03-18,Creit Technologies LLP,1.0,1.0,3,0,0,0,0
2025-03-18,Franklin Templeton,1.0,1.0,3,0,0,0,0
2025-03-18,LOBSTR,1.0,0.0,6,1,0,1,0
2025-03-18,Public Node,1.0,1.0,3,0,0,0,0
2025-03-18,SatoshiPay,1.0,1.0,3,0,0,0,0
2025-03-18,Stellar Development Foundation,1.0,1.0,3,0,0,0,0
2025-03-19,Blockdaemon Inc.,1.0,1.0,3,0,0,0,0
2025-03-19,Creit Technologies LLP,1.0,1.0,3,0,0,0,0
2025-03-19,Franklin Templeton,1.0,1.0,3,0,0,0,0
2025-03-19,LOBSTR,1.0,0.0,6,1,0,1,0
2025-03-19,Public Node,1.0,1.0,3,0,0,0,0
2025-03-19,SatoshiPay,1.0,1.0,3,0,0,0,0
2025-03-19,Stellar Development Foundation,1.0,1.0,3,0,0,0,0
2025-03-20,Blockdaemon Inc.,1.0,1.0,3,0,0,0,0
2025-03-20,Creit Technologies LLP,1.0,1.0,3,0,0,0,0
2025-03-20,Franklin Templeton,1.0,1.0,3,0,0,0,0
2025-03-20,LOBSTR,1.0,0.0,6,1,0,1,0
2025-03-20,Public Node,1.0,1.0,3,0,0,0,0
2025-03-20,SatoshiPay,1.0,1.0,3,0,0,0,0
2025-03-20,Stellar Development Foundation,1.0,1.0,3,0,0,0,0
2025-03-21,Blockdaemon Inc.,1.0,1.0,3,0,0,0,0
2025-03-21,Creit Technologies LLP,1.0,1.0,3,0,0,0,0
2025-03-21,Franklin Templeton,1.0,1.0,3,0,0,0,0
2025-03-21,LOBSTR,1.0,0.0,6,1,0,1,0
2025-03-21,Public Node,1.0,0.9979,3,0,0,0,0
2025-03-21,SatoshiPay,1.0,1.0,3,0,0,0,0
2025-03-21,Stellar Development Foundation,1.0,1.0,3,0,0,0,0
2025-03-22,Blockdaemon Inc.,1.0,1.0,3,0,0,0,0
2025-03-22,Creit Technologies LLP,1.0,1.0,3,0,0,0,0
2025-03-22,Franklin Templeton,1.0,1.0,3,0,0,0,0
2025-03-22,LOBSTR,1.0,0.0,6,1,0,1,0
2025-03-22,Public Node,1.0,1.0,3,0,0,0,0
2025-03-22,SatoshiPay,1.0,1.0,3,0,0,0,0
2025-03-22,Stellar Development Foundation,1.0,1.0,3,0,0,0,0
2025-03-23,Blockdaemon Inc.,1.0,1.0,3,0,0,0,0
2025-03-23,Creit Technologies LLP,1.0,1.0,3,0,0,0,0
2025-03-23,Franklin Templeton,1.0,1.0,3,0,0,0,0
2025-03-23,LOBSTR,1.0,0.0,6,1,0,1,0
2025-03-23,Public Node,1.0,1.0,3,0,0,0,0
2025-03-23,SatoshiPay,1.0,1.0,3,0,0,0,0
2025-03-23,Stellar Development Foundation,1.0,1.0,3,0,0,0,0
2025-03-24,Blockdaemon Inc.,1.0,1.0,3,0,0,0,0
2025-03-24,Creit Technologies LLP,1.0,1.0,3,0,0,0,0
2025-03-24,Franklin Templeton,1.0,1.0,3,0,0,0,0
2025-03-24,LOBSTR,1.0,0.0,6,1,0,1,0
2025-03-24,Public Node,1.0,1.0,3,0,0,0,0
2025-03-24,SatoshiPay,1.0,1.0,3,0,0,0,0
2025-03-24,Stellar Development Foundation,1.0,1.0,3,0,0,0,0
2025-03-25,Blockdaemon Inc.,1.0,1.0,3,0,0,0,0
2025-03-25,Creit Technologies LLP,1.0,1.0,3,0,0,0,0
2025-03-25,Franklin Templeton,1.0,1.0,3,0,0,0,0
2025-03-25,LOBSTR,1.0,0.0,6,1,0,1,0
2025-03-25,Public Node,1.0,1.0,3,0,0,0,0
2025-03-25,SatoshiPay,1.0,1.0,3,0,0,0,0
2025-03-25,Stellar Development Foundation,1.0,1.0,3,0,0,0,0
2025-03-26,Blockdaemon Inc.,1.0,1.0,3,0,0,0,0
2025-03-26,Creit Technologies LLP,1.0,1.0,3,0,0,0,0
2025-03-26,Franklin Templeton,1.0,1.0,3,0,0,0,0
2025-03-26,LOBSTR,1.0,0.0,6,1,0,1,0
2025-03-26,Public Node,1.0,1.0,3,0,0,0,0
2025-03-26,SatoshiPay,1.0,1.0,3,0,0,0,0
2025-03-26,Stellar Development Foundation,1.0,1.0,3,0,0,0,0
2025-03-27,Blockdaemon Inc.,1.0,1.0,3,0,0,0,0
2025-03-27,Creit Technologies LLP,1.0,1.0,3,0,0,0,0
2025-03-27,Franklin Templeton,1.0,1.0,3,0,0,0,0
2025-03-27,LOBSTR,1.0,0.0,6,1,0,1,0
2025-03-27,Public Node,1.0,1.0,3,0,0,0,0
2025-03-27,SatoshiPay,1.0,1.0,3,0,0,0,0
2025-03-27,Stellar Development Foundation,1.0,1.0,3,0,0,0,0
2025-03-28,Blockdaemon Inc.,1.0,1.0,3,0,0,0,0
2025-03-28,Creit Technologies LLP,1.0,1.0,3,0,0,0,0
2025-03-28,Franklin Templeton,1.0,1.0,3,0,0,0,0
2025-03-28,LOBSTR,1.0,0.0,6,1,0,1,0
2025-03-28,Public Node,1.0,1.0,3,0,0,0,0
2025-03-28,SatoshiPay,1.0,1.0,3,0,0,0,0
2025-03-28,Stellar Development Foundation,1.0,1.0,3,0,0,0,0
2025-03-29,Blockdaemon Inc.,1.0,1.0,3,0,0,0,0
2025-03-29,Creit Technologies LLP,1.0,1.0,3,0,0,0,0
2025-03-29,Franklin Templeton,1.0,1.0,3,0,0,0,0
2025-03-29,LOBSTR,1.0,0.0,6,1,0,1,0
2025-03-29,Public Node,1.0,1.0,3,0,0,0,0
2025-03-29,SatoshiPay,1.0,1.0,3,0,0,0,0
2025-03-29,Stellar Development Foundation,1.0,1.0,3,0,0,0,0
2025-03-30,Blockdaemon Inc.,1.0,1.0,3,0,0,0,0
2025-03-30,Creit Technologies LLP,1.0,1.0,3,0,0,0,0
2025-03-30,Franklin Templeton,1.0,1.0,3,0,0,0,0
2025-03-30,LOBSTR,1.0,0.0,6,1,0,1,0
2025-03-30,Public Node,1.0,1.0,3,0,0,0,0
2025-03-30,SatoshiPay,1.0,1.0,3,0,0,0,0
2025-03-30,Stellar Development Foundation,1.0,1.0,3,0,0,0,0
2025-03-31,Blockdaemon Inc.,1.0,1.0,3,0,0,0,0
2025-03-31,Creit Technologies LLP,1.0,1.0,3,0,0,0,0
2025-03-31,Franklin Templeton,1.0,1.0,3,0,0,0,0
2025-03-31,LOBSTR,1.0,0.0,6,1,0,1,0
2025-03-31,Public Node,1.0,1.0,3,0,0,0,0
2025-03-31,SatoshiPay,1.0,1.0,3,0,0,0,0
2025-03-31,Stellar Development Foundation,1.0,1.0,3,0,0,0,0
2025-04-01,Blockdaemon Inc.,1.0,1.0,3,0,0,0,0
2025-04-01,Creit Technologies LLP,1.0,1.0,3,0,0,0,0
2025-04-01,Franklin Templeton,1.0,1.0,3,0,0,0,0
2025-04-01,LOBSTR,1.0,0.0,6,1,0,1,0
2025-04-01,Public Node,1.0,1.0,3,0,0,0,0
2025-04-01,SatoshiPay,1.0,1.0,3,0,0,0,0
2025-04-01,Stellar Development Foundation,1.0,1.0,3,0,0,0,0
2025-04-02,Blockdaemon Inc.,1.0,1.0,3,0,0,0,0
2025-04-02,Creit Technologies LLP,1.0,1.0,3,0,0,0,0
2025-04-02,Franklin Templeton,1.0,1.0,3,0,0,0,0
2025-04-02,LOBSTR,1.0,0.0,6,1,0,1,0
2025-04-02,Public Node,1.0,1.0,3,0,0,0,0
2025-04-02,SatoshiPay,1.0,1.0,3,0,0,0,0
2025-04-02,Stellar Development Foundation,1.0,1.0,3,0,0,0,0
2025-04-03,Blockdaemon Inc.,1.0,1.0,3,0,0,0,0
2025-04-03,Creit Technologies LLP,1.0,1.0,3,0,0,0,0
2025-04-03,Franklin Templeton,1.0,1.0,3,0,0,0,0
2025-04-03,LOBSTR,1.0,0.0,6,1,0,1,0
2025-04-03,Public Node,1.0,1.0,3,0,0,0,0
2025-04-03,SatoshiPay,1.0,1.0,3,0,0,0,0
2025-04-03,Stellar Development Foundation,1.0,1.0,3,0,0,0,0
2025-04-04,Blockdaemon Inc.,1.0,1.0,3,0,0,0,0
2025-04-04,Creit Technologies LLP,1.0,1.0,3,0,0,0,0
2025-04-04,Franklin Templeton,1.0,1.0,3,0,0,0,0
2025-04-04,LOBSTR,1.0,0.0,6,1,0,1,0
2025-04-04,Public Node,1.0,1.0,3,0,0,0,0
2025-04-04,SatoshiPay,1.0,1.0,3,0,0,0,0
2025-04-04,Stellar Development Foundation,1.0,1.0,3,0,0,0,0
2025-04-05,Blockdaemon Inc.,1.0,1.0,3,0,0,0,0
2025-04-05,Creit Technologies LLP,1.0,1.0,3,0,0,0,0
2025-04-05,Franklin Templeton,1.0,1.0,3,0,0,0,0
2025-04-05,LOBSTR,1.0,0.0,6,1,0,1,0
2025-04-05,Public Node,1.0,1.0,3,0,0,0,0
2025-04-05,SatoshiPay,1.0,1.0,3,0,0,0,0
2025-04-05,Stellar Development Foundation,1.0,1.0,3,0,0,0,0
2025-04-06,Blockdaemon Inc.,1.0,1.0,3,0,0,0,0
2025-04-06,Creit Technologies LLP,1.0,1.0,3,0,0,0,0
2025-04-06,Franklin Templeton,1.0,1.0,3,0,0,0,0
2025-04-06,LOBSTR,1.0,0.0,6,1,0,1,0
2025-04-06,Public Node,1.0,1.0,3,0,0,0,0
2025-04-06,SatoshiPay,1.0,1.0,3,0,0,0,0
2025-04-06,Stellar Development Foundation,1.0,1.0,3,0,0,0,0
2025-04-07,Blockdaemon Inc.,1.0,1.0,3,0,0,0,0
2025-04-07,Creit Technologies LLP,1.0,1.0,3,0,0,0,0
2025-04-07,Franklin Templeton,1.0,1.0,3,0,0,0,0
2025-04-07,LOBSTR,1.0,0.0,6,1,0,1,0
2025-04-07,Public Node,1.0,1.0,3,0,0,0,0
2025-04-07,SatoshiPay,1.0,0.9833,3,0,0,0,0
2025-04-07,Stellar Development Foundation,1.0,1.0,3,0,0,0,0
2025-04-08,Blockdaemon Inc.,1.0,0.9854,3,0,0,0,0
2025-04-08,Creit Technologies LLP,1.0,1.0,3,0,0,0,0
2025-04-08,Franklin Templeton,1.0,1.0,3,0,0,0,0
2025-04-08,LOBSTR,1.0,0.0,6,1,0,1,0
2025-04-08,Public Node,1.0,1.0,3,0,0,0,0
2025-04-08,SatoshiPay,1.0,0.9979,3,0,0,0,0
2025-04-08,Stellar Development Foundation,1.0,1.0,3,0,0,0,0
2025-04-09,Blockdaemon Inc.,1.0,0.9937,3,0,0,0,0
2025-04-09,Creit Technologies LLP,1.0,1.0,3,0,0,0,0
2025-04-09,Franklin Templeton,1.0,1.0,3,0,0,0,0
2025-04-09,LOBSTR,1.0,0.0,6,1,0,1,0
2025-04-09,Public Node,1.0,1.0,3,0,0,0,0
2025-04-09,SatoshiPay,1.0,0.9749,3,0,0,0,0
2025-04-09,Stellar Development Foundation,1.0,1.0,3,0,0,0,0
2025-04-10,Blockdaemon Inc.,1.0,1.0,3,0,0,0,0
2025-04-10,Creit Technologies LLP,1.0,1.0,3,0,0,0,0
2025-04-10,Franklin Templeton,1.0,1.0,3,0,0,0,0
2025-04-10,LOBSTR,1.0,0.0,6,1,0,1,0
2025-04-10,Public Node,1.0,1.0,3,0,0,0,0
2025-04-10,SatoshiPay,1.0,0.9916,3,0,0,0,0
2025-04-10,Stellar Development Foundation,1.0,1.0,3,0,0,0,0
2025-04-11,Blockdaemon Inc.,1.0,1.0,3,0,0,0,0
2025-04-11,Creit Technologies LLP,1.0,1.0,3,0,0,0,0
2025-04-11,Franklin Templeton,1.0,1.0,3,0,0,0,0
2025-04-11,LOBSTR,1.0,0.0,6,1,0,1,0
2025-04-11,Public Node,1.0,1.0,3,0,0,0,0
2025-04-11,SatoshiPay,1.0,0.9979,3,0,0,0,0
2025-04-11,Stellar Development Foundation,1.0,1.0,3,0,0,0,0
2025-04-12,Blockdaemon Inc.,1.0,1.0,3,0,0,0,0
2025-04-12,Creit Technologies LLP,1.0,1.0,3,0,0,0,0
2025-04-12,Franklin Templeton,1.0,1.0,3,0,0,0,0
2025-04-12,LOBSTR,1.0,0.0,6,1,0,1,0
2025-04-12,Public Node,1.0,1.0,3,0,0,0,0
2025-04-12,SatoshiPay,1.0,1.0,3,0,0,0,0
2025-04-12,Stellar Development Foundation,1.0,1.0,3,0,0,0,0
2025-04-13,Blockdaemon Inc.,1.0,1.0,3,0,0,0,0
2025-04-13,Creit Technologies LLP,1.0,1.0,3,0,0,0,0
2025-04-13,Franklin Templeton,1.0,1.0,3,0,0,0,0
2025-04-13,LOBSTR,1.0,0.0,6,1,0,1,0
2025-04-13,Public Node,1.0,1.0,3,0,0,0,0
2025-04-13,SatoshiPay,1.0,0.9916,3,0,0,0,0
2025-04-13,Stellar Development Foundation,1.0,1.0,3,0,0,0,0
2025-04-14,Blockdaemon Inc.,1.0,1.0,3,0,0,0,0
2025-04-14,Creit Technologies LLP,1.0,1.0,3,0,0,0,0
2025-04-14,Franklin Templeton,1.0,1.0,3,0,0,0,0
2025-04-14,LOBSTR,1.0,0.0,6,1,0,1,0
2025-04-14,Public Node,1.0,1.0,3,0,0,0,0
2025-04-14,SatoshiPay,1.0,0.9875,3,0,0,0,0
2025-04-14,Stellar Development Foundation,1.0,1.0,3,0,0,0,0
2025-04-15,Blockdaemon Inc.,1.0,1.0,3,0,0,0,0
2025-04-15,Creit Technologies LLP,1.0,1.0,3,0,0,0,0
2025-04-15,Franklin Templeton,1.0,1.0,3,0,0,0,0
2025-04-15,LOBSTR,1.0,0.0,6,1,0,1,0
2025-04-15,Public Node,1.0,1.0,3,0,0,0,0
2025-04-15,SatoshiPay,1.0,0.9938,3,0,0,0,0
2025-04-15,Stellar Development Foundation,1.0,1.0,3,0,0,0,0
2025-04-16,Blockdaemon Inc.,1.0,1.0,3,0,0,0,0
2025-04-16,Creit Technologies LLP,1.0,1.0,3,0,0,0,0
2025-04-16,Franklin Templeton,1.0,1.0,3,0,0,0,0
2025-04-16,LOBSTR,1.0,0.0,6,1,0,1,0
2025-04-16,Public Node,1.0,1.0,3,0,0,0,0
2025-04-16,SatoshiPay,1.0,0.9938,3,0,0,0,0
2025-04-16,Stellar Development Foundation,1.0,1.0,3,0,0,0,0
2025-04-17,Blockdaemon Inc.,1.0,1.0,3,0,0,0,0
2025-04-17,Creit Technologies LLP,1.0,1.0,3,0,0,0,0
2025-04-17,Franklin Templeton,1.0,1.0,3,0,0,0,0
2025-04-17,LOBSTR,1.0,0.0,6,1,0,1,0
2025-04-17,Public Node,1.0,1.0,3,0,0,0,0
2025-04-17,SatoshiPay,1.0,1.0,3,0,0,0,0
2025-04-17,Stellar Development Foundation,1.0,1.0,3,0,0,0,0
2025-04-18,Blockdaemon Inc.,1.0,1.0,3,0,0,0,0
2025-04-18,Creit Technologies LLP,1.0,1.0,3,0,0,0,0
2025-04-18,Franklin Templeton,1.0,1.0,3,0,0,0,0
2025-04-18,LOBSTR,1.0,0.0,6,1,0,1,0
2025-04-18,Public Node,1.0,1.0,3,0,0,0,0
2025-04-18,SatoshiPay,1.0,1.0,3,0,0,0,0
2025-04-18,Stellar Development Foundation,1.0,1.0,3,0,0,0,0
2025-04-19,Blockdaemon Inc.,1.0,1.0,3,0,0,0,0
2025-04-19,Creit Technologies LLP,1.0,1.0,3,0,0,0,0
2025-04-19,Franklin Templeton,1.0,1.0,3,0,0,0,0
2025-04-19,LOBSTR,1.0,0.0,6,1,0,1,0
2025-04-19,Public Node,1.0,1.0,3,0,0,0,0
2025-04-19,SatoshiPay,1.0,1.0,3,0,0,0,0
2025-04-19,Stellar Development Foundation,1.0,1.0,3,0,0,0,0
2025-04-20,Blockdaemon Inc.,1.0,1.0,3,0,0,0,0
2025-04-20,Creit Technologies LLP,1.0,1.0,3,0,0,0,0
2025-04-20,Franklin Templeton,1.0,1.0,3,0,0,0,0
2025-04-20,LOBSTR,1.0,0.0,6,1,0,1,0
2025-04-20,Public Node,1.0,1.0,3,0,0,0,0
2025-04-20,SatoshiPay,1.0,0.9958,3,0,0,0,0
2025-04-20,Stellar Development Foundation,1.0,1.0,3,0,0,0,0
2025-04-21,Blockdaemon Inc.,1.0,1.0,3,0,0,0,0
2025-04-21,Creit Technologies LLP,1.0,1.0,3,0,0,0,0
2025-04-21,Franklin Templeton,1.0,1.0,3,0,0,0,0
2025-04-21,LOBSTR,1.0,0.0,6,1,0,1,0
2025-04-21,Public Node,1.0,1.0,3,0,0,0,0
2025-04-21,SatoshiPay,1.0,1.0,3,0,0,0,0
2025-04-21,Stellar Development Foundation,1.0,1.0,3,0,0,0,0
2025-04-22,Blockdaemon Inc.,1.0,1.0,3,0,0,0,0
2025-04-22,Creit Technologies LLP,1.0,1.0,3,0,0,0,0
2025-04-22,Franklin Templeton,1.0,1.0,3,0,0,0,0
2025-04-22,LOBSTR,1.0,0.0,6,1,0,1,0
2025-04-22,Public Node,1.0,1.0,3,0,0,0,0
2025-04-22,SatoshiPay,1.0,0.9938,3,0,0,0,0
2025-04-22,Stellar Development Foundation,1.0,1.0,3,0,0,0,0
2025-04-23,Blockdaemon Inc.,1.0,0.9938,3,0,0,0,0
2025-04-23,Creit Technologies LLP,1.0,1.0,3,0,0,0,0
2025-04-23,Franklin Templeton,1.0,0.9938,3,0,0,0,0
2025-04-23,LOBSTR,1.0,0.0,6,1,0,1,0
2025-04-23,Public Node,1.0,0.9979,3,0,0,0,0
2025-04-23,SatoshiPay,1.0,0.9938,3,0,0,0,0
2025-04-23,Stellar Development Foundation,1.0,1.0,3,0,0,0,0
2025-04-24,Blockdaemon Inc.,1.0,1.0,3,0,0,0,0
2025-04-24,Creit Technologies LLP,1.0,1.0,3,0,0,0,0
2025-04-24,Franklin Templeton,1.0,1.0,3,0,0,0,0
2025-04-24,LOBSTR,1.0,0.0,6,1,0,1,0
2025-04-24,Public Node,1.0,1.0,3,0,0,0,0
2025-04-24,SatoshiPay,1.0,0.9958,3,0,0,0,0
2025-04-24,Stellar Development Foundation,1.0,1.0,3,0,0,0,0
2025-04-25,Blockdaemon Inc.,1.0,1.0,3,0,0,0,0
2025-04-25,Creit Technologies LLP,1.0,1.0,3,0,0,0,0
2025-04-25,Franklin Templeton,1.0,1.0,3,0,0,0,0
2025-04-25,LOBSTR,1.0,0.0,6,1,0,1,0
2025-04-25,Public Node,1.0,1.0,3,0,0,0,0
2025-04-25,SatoshiPay,0.9979,0.9979,3,0,0,0,0
2025-04-25,Stellar Development Foundation,1.0,1.0,3,0,0,0,0
2025-04-26,Blockdaemon Inc.,1.0,1.0,3,0,0,0,0
2025-04-26,Creit Technologies LLP,1.0,1.0,3,0,0,0,0
2025-04-26,Franklin Templeton,1.0,1.0,3,0,0,0,0
2025-04-26,LOBSTR,1.0,0.0,6,1,0,1,0
2025-04-26,Public Node,1.0,1.0,3,0,0,0,0
2025-04-26,SatoshiPay,1.0,1.0,3,0,0,0,0
2025-04-26,Stellar Development Foundation,1.0,1.0,3,0,0,0,0
2025-04-27,Blockdaemon Inc.,1.0,1.0,3,0,0,0,0
2025-04-27,Creit Technologies LLP,1.0,1.0,3,0,0,0,0
2025-04-27,Franklin Templeton,1.0,1.0,3,0,0,0,0
2025-04-27,LOBSTR,1.0,0.0,6,1,0,1,0
2025-04-27,Public Node,1.0,1.0,3,0,0,0,0
2025-04-27,SatoshiPay,1.0,0.9979,3,0,0,0,0
2025-04-27,Stellar Development Foundation,1.0,1.0,3,0,0,0,0
2025-04-28,Blockdaemon Inc.,1.0,1.0,3,0,0,0,0
2025-04-28,Creit Technologies LLP,1.0,1.0,3,0,0,0,0
2025-04-28,Franklin Templeton,1.0,1.0,3,0,0,0,0
2025-04-28,LOBSTR,1.0,0.0,6,1,0,1,0
2025-04-28,Public Node,1.0,1.0,3,0,0,0,0
2025-04-28,SatoshiPay,1.0,1.0,3,0,0,0,0
2025-04-28,Stellar Development Foundation,1.0,1.0,3,0,0,0,0
2025-04-29,Blockdaemon Inc.,1.0,1.0,3,0,0,0,0
2025-04-29,Creit Technologies LLP,1.0,1.0,3,0,0,0,0
2025-04-29,Franklin Templeton,1.0,1.0,3,0,0,0,0
2025-04-29,LOBSTR,1.0,0.0,6,1,0,1,0
2025-04-29,Public Node,1.0,1.0,3,0,0,0,0
2025-04-29,SatoshiPay,1.0,0.9875,3,0,0,0,0
2025-04-29,Stellar Development Foundation,1.0,1.0,3,0,0,0,0
2025-04-30,Blockdaemon Inc.,1.0,1.0,3,0,0,0,0
2025-04-30,Creit Technologies LLP,1.0,1.0,3,0,0,0,0
2025-04-30,Franklin Templeton,1.0,1.0,3,0,0,0,0
2025-04-30,LOBSTR,1.0,0.0,6,1,0,1,0
2025-04-30,Public Node,1.0,1.0,3,0,0,0,0
2025-04-30,SatoshiPay,1.0,0.9687,3,0,0,0,0
2025-04-30,Stellar Development Foundation,1.0,1.0,3,0,0,0,0
2025-05-01,Blockdaemon Inc.,1.0,1.0,3,0,0,0,0
2025-05-01,Creit Technologies LLP,1.0,1.0,3,0,0,0,0
2025-05-01,Franklin Templeton,1.0,1.0,3,0,0,0,0
2025-05-01,LOBSTR,1.0,0.0,6,1,0,1,0
2025-05-01,Public Node,1.0,1.0,3,0,0,0,0
2025-05-01,SatoshiPay,1.0,0.9771,3,0,0,0,0
2025-05-01,Stellar Development Foundation,1.0,1.0,3,0,0,0,0
2025-05-02,Blockdaemon Inc.,1.0,1.0,3,0,0,0,0
2025-05-02,Creit Technologies LLP,1.0,1.0,3,0,0,0,0
2025-05-02,Franklin Templeton,1.0,1.0,3,0,0,0,0
2025-05-02,LOBSTR,1.0,0.0,6,1,0,1,0
2025-05-02,Public Node,1.0,1.0,3,0,0,0,0
2025-05-02,SatoshiPay,1.0,0.9896,3,0,0,0,0
2025-05-02,Stellar Development Foundation,1.0,1.0,3,0,0,0,0
2025-05-03,Blockdaemon Inc.,1.0,1.0,3,0,0,0,0
2025-05-03,Creit Technologies LLP,1.0,1.0,3,0,0,0,0
2025-05-03,Franklin Templeton,1.0,1.0,3,0,0,0,0
2025-05-03,LOBSTR,1.0,0.0,6,1,0,1,0
2025-05-03,Public Node,1.0,1.0,3,0,0,0,0
2025-05-03,SatoshiPay,1.0,0.9979,3,0,0,0,0
2025-05-03,Stellar Development Foundation,1.0,1.0,3,0,0,0,0
2025-05-04,Blockdaemon Inc.,1.0,1.0,3,0,0,0,0
2025-05-04,Creit Technologies LLP,1.0,1.0,3,0,0,0,0
2025-05-04,Franklin Templeton,1.0,1.0,3,0,0,0,0
2025-05-04,LOBSTR,1.0,0.0,6,1,0,1,0
2025-05-04,Public Node,1.0,1.0,3,0,0,0,0
2025-05-04,SatoshiPay,1.0,0.9937,3,0,0,0,0
2025-05-04,Stellar Development Foundation,1.0,1.0,3,0,0,0,0
2025-05-05,Blockdaemon Inc.,1.0,1.0,3,0,0,0,0
2025-05-05,Creit Technologies LLP,1.0,1.0,3,0,0,0,0
2025-05-05,Franklin Templeton,1.0,1.0,3,0,0,0,0
2025-05-05,LOBSTR,1.0,0.0,6,1,0,1,0
2025-05-05,Public Node,1.0,1.0,3,0,0,0,0
2025-05-05,SatoshiPay,1.0,0.9875,3,0,0,0,0
2025-05-05,Stellar Development Foundation,1.0,1.0,3,0,0,0,0
2025-05-06,Blockdaemon Inc.,1.0,1.0,3,0,0,0,0
2025-05-06,Creit Technologies LLP,1.0,1.0,3,0,0,0,0
2025-05-06,Franklin Templeton,1.0,1.0,3,0,0,0,0
2025-05-06,LOBSTR,1.0,0.0,6,1,0,1,0
2025-05-06,Public Node,1.0,1.0,3,0,0,0,0
2025-05-06,SatoshiPay,1.0,0.9729,3,0,0,0,0
2025-05-06,Stellar Development Foundation,1.0,1.0,3,0,0,0,0
2025-05-07,Blockdaemon Inc.,1.0,1.0,3,0,0,0,0
2025-05-07,Creit Technologies LLP,1.0,1.0,3,0,0,0,0
2025-05-07,Franklin Templeton,1.0,0.9958,3,0,0,0,0
2025-05-07,LOBSTR,1.0,0.0,6,1,0,1,0
2025-05-07,Public Node,1.0,1.0,3,0,0,0,0
2025-05-07,SatoshiPay,1.0,0.9875,3,0,0,0,0
2025-05-07,Stellar Development Foundation,1.0,1.0,3,0,0,0,0
2025-05-08,Blockdaemon Inc.,1.0,1.0,3,0,0,0,0
2025-05-08,Creit Technologies LLP,1.0,1.0,3,0,0,0,0
2025-05-08,Franklin Templeton,1.0,1.0,3,0,0,0,0
2025-05-08,LOBSTR,1.0,0.0,6,1,0,1,0
2025-05-08,Public Node,1.0,1.0,3,0,0,0,0
2025-05-08,SatoshiPay,1.0,0.9437,3,0,0,0,0
2025-05-08,Stellar Development Foundation,1.0,1.0,3,0,0,0,0
2025-05-09,Blockdaemon Inc.,1.0,1.0,3,0,0,0,0
2025-05-09,Creit Technologies LLP,1.0,1.0,3,0,0,0,0
2025-05-09,Franklin Templeton,1.0,1.0,3,0,0,0,0
2025-05-09,LOBSTR,1.0,0.0,6,1,0,1,0
2025-05-09,Public Node,1.0,1.0,3,0,0,0,0
2025-05-09,SatoshiPay,1.0,0.9603,3,0,0,0,0
2025-05-09,Stellar Development Foundation,1.0,1.0,3,0,0,0,0
2025-05-10,Blockdaemon Inc.,1.0,1.0,3,0,0,0,0
2025-05-10,Creit Technologies LLP,1.0,1.0,3,0,0,0,0
2025-05-10,Franklin Templeton,1.0,1.0,3,0,0,0,0
2025-05-10,LOBSTR,1.0,0.0,6,1,0,1,0
2025-05-10,Public Node,1.0,1.0,3,0,0,0,0
2025-05-10,SatoshiPay,1.0,0.9875,3,0,0,0,0
2025-05-10,Stellar Development Foundation,1.0,1.0,3,0,0,0,0
2025-05-11,Blockdaemon Inc.,1.0,1.0,3,0,0,0,0
2025-05-11,Creit Technologies LLP,1.0,1.0,3,0,0,0,0
2025-05-11,Franklin Templeton,1.0,1.0,3,0,0,0,0
2025-05-11,LOBSTR,1.0,0.0,6,1,0,1,0
2025-05-11,Public Node,1.0,1.0,3,0,0,0,0
2025-05-11,SatoshiPay,1.0,0.95,3,0,0,0,0
2025-05-11,Stellar Development Foundation,1.0,1.0,3,0,0,0,0
2025-05-12,Blockdaemon Inc.,1.0,1.0,3,0,0,0,0
2025-05-12,Creit Technologies LLP,1.0,1.0,3,0,0,0,0
2025-05-12,Franklin Templeton,1.0,1.0,3,0,0,0,0
2025-05-12,LOBSTR,1.0,0.0,6,1,0,1,0
2025-05-12,Public Node,1.0,1.0,3,0,0,0,0
2025-05-12,SatoshiPay,1.0,0.975,3,0,0,0,0
2025-05-12,Stellar Development Foundation,1.0,1.0,3,0,0,0,0
2025-05-13,Blockdaemon Inc.,1.0,1.0,3,0,0,0,0
2025-05-13,Creit Technologies LLP,1.0,1.0,3,0,0,0,0
2025-05-13,Franklin Templeton,1.0,1.0,3,0,0,0,0
2025-05-13,LOBSTR,1.0,0.0,6,1,0,1,0
2025-05-13,Public Node,1.0,1.0,3,0,0,0,0
2025-05-13,SatoshiPay,1.0,1.0,3,0,0,0,0
2025-05-13,Stellar Development Foundation,1.0,1.0,3,0,0,0,0
2025-05-14,Blockdaemon Inc.,1.0,1.0,3,0,0,0,0
2025-05-14,Creit Technologies LLP,1.0,1.0,3,0,0,0,0
2025-05-14,Franklin Templeton,1.0,1.0,3,0,0,0,0
2025-05-14,LOBSTR,1.0,0.0,6,1,0,1,0
2025-05-14,Public Node,1.0,1.0,3,0,0,0,0
2025-05-14,SatoshiPay,1.0,1.0,3,0,0,0,0
2025-05-14,Stellar Development Foundation,1.0,1.0,3,0,0,0,0
2025-05-15,Blockdaemon Inc.,1.0,1.0,3,0,0,0,0
2025-05-15,Creit Technologies LLP,1.0,1.0,3,0,0,0,0
2025-05-15,Franklin Templeton,1.0,1.0,3,0,0,0,0
2025-05-15,LOBSTR,1.0,0.0,6,1,0,1,0
2025-05-15,Public Node,1.0,1.0,3,0,0,0,0
2025-05-15,SatoshiPay,1.0,1.0,3,0,0,0,0
2025-05-15,Stellar Development Foundation,1.0,1.0,3,0,0,0,0
2025-05-16,Blockdaemon Inc.,1.0,1.0,3,0,0,0,0
2025-05-16,Creit Technologies LLP,1.0,1.0,3,0,0,0,0
2025-05-16,Franklin Templeton,1.0,1.0,3,0,0,0,0
2025-05-16,LOBSTR,1.0,0.0,6,1,0,1,0
2025-05-16,Public Node,1.0,1.0,3,0,0,0,0
2025-05-16,SatoshiPay,1.0,1.0,3,0,0,0,0
2025-05-16,Stellar Development Foundation,1.0,1.0,3,0,0,0,0
2025-05-17,Blockdaemon Inc.,1.0,1.0,3,0,0,0,0
2025-05-17,Creit Technologies LLP,1.0,1.0,3,0,0,0,0
2025-05-17,Franklin Templeton,1.0,1.0,3,0,0,0,0
2025-05-17,LOBSTR,1.0,0.0,6,1,0,1,0
2025-05-17,Public Node,1.0,1.0,3,0,0,0,0
2025-05-17,SatoshiPay,1.0,1.0,3,0,0,0,0
2025-05-17,Stellar Development Foundation,1.0,1.0,3,0,0,0,0
2025-05-18,Blockdaemon Inc.,1.0,1.0,3,0,0,0,0
2025-05-18,Creit Technologies LLP,1.0,1.0,3,0,0,0,0
2025-05-18,Franklin Templeton,1.0,1.0,3,0,0,0,0
2025-05-18,LOBSTR,1.0,0.0,6,1,0,1,0
2025-05-18,Public Node,1.0,1.0,3,0,0,0,0
2025-05-18,SatoshiPay,1.0,1.0,3,0,0,0,0
2025-05-18,Stellar Development Foundation,1.0,1.0,3,0,0,0,0
2025-05-19,Blockdaemon Inc.,1.0,1.0,3,0,0,0,0
2025-05-19,Creit Technologies LLP,1.0,1.0,3,0,0,0,0
2025-05-19,Franklin Templeton,1.0,1.0,3,0,0,0,0
2025-05-19,LOBSTR,1.0,0.0,6,1,0,1,0
2025-05-19,Public Node,1.0,1.0,3,0,0,0,0
2025-05-19,SatoshiPay,1.0,0.9979,3,0,0,0,0
2025-05-19,Stellar Development Foundation,1.0,1.0,3,0,0,0,0
2025-05-20,Blockdaemon Inc.,1.0,1.0,3,0,0,0,0
2025-05-20,Creit Technologies LLP,1.0,1.0,3,0,0,0,0
2025-05-20,Franklin Templeton,1.0,1.0,3,0,0,0,0
2025-05-20,LOBSTR,1.0,0.0,6,1,0,1,0
2025-05-20,Public Node,1.0,1.0,3,0,0,0,0
2025-05-20,SatoshiPay,1.0,0.9958,3,0,0,0,0
2025-05-20,Stellar Development Foundation,1.0,1.0,3,0,0,0,0
2025-05-21,Blockdaemon Inc.,1.0,1.0,3,0,0,0,0
2025-05-21,Creit Technologies LLP,1.0,1.0,3,0,0,0,0
2025-05-21,Franklin Templeton,1.0,0.9979,3,0,0,0,0
2025-05-21,LOBSTR,1.0,0.0,6,1,0,1,0
2025-05-21,Public Node,1.0,1.0,3,0,0,0,0
2025-05-21,SatoshiPay,0.9979,0.9938,3,0,0,0,0
2025-05-21,Stellar Development Foundation,1.0,1.0,3,0,0,0,0
2025-05-22,Blockdaemon Inc.,1.0,1.0,3,0,0,0,0
2025-05-22,Creit Technologies LLP,1.0,1.0,3,0,0,0,0
2025-05-22,Franklin Templeton,1.0,1.0,3,0,0,0,0
2025-05-22,LOBSTR,1.0,0.0,6,1,0,1,0
2025-05-22,Public Node,1.0,1.0,3,0,0,0,0
2025-05-22,SatoshiPay,1.0,1.0,3,0,0,0,0
2025-05-22,Stellar Development Foundation,1.0,1.0,3,0,0,0,0
2025-05-23,Blockdaemon Inc.,1.0,1.0,3,0,0,0,0
2025-05-23,Creit Technologies LLP,1.0,1.0,3,0,0,0,0
2025-05-23,Franklin Templeton,1.0,1.0,3,0,0,0,0
2025-05-23,LOBSTR,1.0,0.0,6,1,0,1,0
2025-05-23,Public Node,1.0,1.0,3,0,0,0,0
2025-05-23,SatoshiPay,1.0,0.9938,3,0,0,0,0
2025-05-23,Stellar Development Foundation,1.0,1.0,3,0,0,0,0
2025-05-24,Blockdaemon Inc.,1.0,1.0,3,0,0,0,0
2025-05-24,Creit Technologies LLP,1.0,1.0,3,0,0,0,0
2025-05-24,Franklin Templeton,1.0,1.0,3,0,0,0,0
2025-05-24,LOBSTR,1.0,0.0,6,1,0,1,0
2025-05-24,Public Node,1.0,1.0,3,0,0,0,0
2025-05-24,SatoshiPay,1.0,0.9958,3,0,0,0,0
2025-05-24,Stellar Development Foundation,1.0,1.0,3,0,0,0,0
2025-05-25,Blockdaemon Inc.,1.0,1.0,3,0,0,0,0
2025-05-25,Creit Technologies LLP,1.0,1.0,3,0,0,0,0
2025-05-25,Franklin Templeton,1.0,1.0,3,0,0,0,0
2025-05-25,LOBSTR,1.0,0.0,6,1,0,1,0
2025-05-25,Public Node,1.0,1.0,3,0,0,0,0
2025-05-25,SatoshiPay,1.0,0.9833,3,0,0,0,0
2025-05-25,Stellar Development Foundation,1.0,1.0,3,0,0,0,0
2025-05-26,Blockdaemon Inc.,1.0,1.0,3,0,0,0,0
2025-05-26,Creit Technologies LLP,1.0,1.0,3,0,0,0,0
2025-05-26,Franklin Templeton,1.0,1.0,3,0,0,0,0
2025-05-26,LOBSTR,1.0,0.0,6,1,0,1,0
2025-05-26,Public Node,1.0,1.0,3,0,0,0,0
2025-05-26,SatoshiPay,1.0,0.9854,3,0,0,0,0
2025-05-26,Stellar Development Foundation,1.0,1.0,3,0,0,0,0
2025-05-27,Blockdaemon Inc.,1.0,1.0,3,0,0,0,0
2025-05-27,Creit Technologies LLP,1.0,1.0,3,0,0,0,0
2025-05-27,Franklin Templeton,1.0,1.0,3,0,0,0,0
2025-05-27,LOBSTR,1.0,0.0,6,1,0,1,0
2025-05-27,Public Node,1.0,1.0,3,0,0,0,0
2025-05-27,SatoshiPay,1.0,0.9896,3,0,0,0,0
2025-05-27,Stellar Development Foundation,1.0,1.0,3,0,0,0,0
2025-05-28,Blockdaemon Inc.,1.0,1.0,3,0,0,0,0
2025-05-28,Creit Technologies LLP,1.0,1.0,3,0,0,0,0
2025-05-28,Franklin Templeton,1.0,1.0,3,0,0,0,0
2025-05-28,LOBSTR,1.0,0.0,6,1,0,1,0
2025-05-28,Public Node,1.0,1.0,3,0,0,0,0
2025-05-28,SatoshiPay,1.0,0.9979,3,0,0,0,0
2025-05-28,Stellar Development Foundation,1.0,1.0,3,0,0,0,0
2025-05-29,Blockdaemon Inc.,1.0,1.0,3,0,0,0,0
2025-05-29,Creit Technologies LLP,1.0,1.0,3,0,0,0,0
2025-05-29,Franklin Templeton,1.0,1.0,3,0,0,0,0
2025-05-29,LOBSTR,1.0,0.0,6,1,0,1,0
2025-05-29,Public Node,1.0,1.0,3,0,0,0,0
2025-05-29,SatoshiPay,1.0,0.9958,3,0,0,0,0
2025-05-29,Stellar Development Foundation,1.0,1.0,3,0,0,0,0
2025-05-30,Blockdaemon Inc.,1.0,1.0,3,0,0,0,0
2025-05-30,Creit Technologies LLP,1.0,1.0,3,0,0,0,0
2025-05-30,Franklin Templeton,1.0,1.0,3,0,0,0,0
2025-05-30,LOBSTR,1.0,0.0,6,1,0,1,0
2025-05-30,Public Node,1.0,1.0,3,0,0,0,0
2025-05-30,SatoshiPay,1.0,0.9979,3,0,0,0,0
2025-05-30,Stellar Development Foundation,1.0,1.0,3,0,0,0,0
2025-05-31,Blockdaemon Inc.,1.0,1.0,3,0,0,0,0
2025-05-31,Creit Technologies LLP,1.0,1.0,3,0,0,0,0
2025-05-31,Franklin Templeton,1.0,1.0,3,0,0,0,0
2025-05-31,LOBSTR,1.0,0.0,6,1,0,1,0
2025-05-31,Public Node,1.0,1.0,3,0,0,0,0
2025-05-31,SatoshiPay,1.0,0.9499,3,0,0,0,0
2025-05-31,Stellar Development Foundation,1.0,1.0,3,0,0,0,0
2025-06-01,Blockdaemon Inc.,1.0,1.0,3,0,0,0,0
2025-06-01,Creit Technologies LLP,1.0,1.0,3,0,0,0,0
2025-06-01,Franklin Templeton,1.0,1.0,3,0,0,0,0
2025-06-01,LOBSTR,1.0,0.0,6,1,0,1,0
2025-06-01,Public Node,1.0,1.0,3,0,0,0,0
2025-06-01,SatoshiPay,1.0,1.0,3,0,0,0,0
2025-06-01,Stellar Development Foundation,1.0,1.0,3,0,0,0,0
2025-06-02,Blockdaemon Inc.,1.0,1.0,3,0,0,0,0
2025-06-02,Creit Technologies LLP,1.0,1.0,3,0,0,0,0
2025-06-02,Franklin Templeton,1.0,1.0,3,0,0,0,0
2025-06-02,LOBSTR,1.0,0.0,6,1,0,1,0
2025-06-02,Public Node,1.0,1.0,3,0,0,0,0
2025-06-02,SatoshiPay,1.0,0.9956,3,0,0,0,0
2025-06-02,Stellar Development Foundation,1.0,1.0,3,0,0,0,0
2025-06-03,Blockdaemon Inc.,1.0,1.0,3,0,0,0,0
2025-06-03,Creit Technologies LLP,1.0,1.0,3,0,0,0,0
2025-06-03,Franklin Templeton,1.0,1.0,3,0,0,0,0
2025-06-03,LOBSTR,1.0,0.0,6,1,0,1,0
2025-06-03,Public Node,1.0,1.0,3,0,0,0,0
2025-06-03,SatoshiPay,1.0,1.0,3,0,0,0,0
2025-06-03,Stellar Development Foundation,1.0,1.0,3,0,0,0,0
2025-06-04,Blockdaemon Inc.,1.0,1.0,3,0,0,0,0
2025-06-04,Creit Technologies LLP,1.0,1.0,3,0,0,0,0
2025-06-04,Franklin Templeton,1.0,1.0,3,0,0,0,0
2025-06-04,LOBSTR,1.0,0.0,6,1,0,1,0
2025-06-04,Public Node,1.0,1.0,3,0,0,0,0
2025-06-04,SatoshiPay,1.0,1.0,3,0,0,0,0
2025-06-04,Stellar Development Foundation,1.0,1.0,3,0,0,0,0
2025-06-05,Blockdaemon Inc.,1.0,1.0,3,0,0,0,0
2025-06-05,Creit Technologies LLP,1.0,1.0,3,0,0,0,0
2025-06-05,Franklin Templeton,1.0,1.0,3,0,0,0,0
2025-06-05,LOBSTR,1.0,0.0,6,1,0,1,0
2025-06-05,Public Node,1.0,1.0,3,0,0,0,0
2025-06-05,SatoshiPay,1.0,1.0,3,0,0,0,0
2025-06-05,Stellar Development Foundation,1.0,1.0,3,0,0,0,0
2025-06-06,Blockdaemon Inc.,1.0,1.0,3,0,0,0,0
2025-06-06,Creit Technologies LLP,1.0,1.0,3,0,0,0,0
2025-06-06,Franklin Templeton,1.0,1.0,3,0,0,0,0
2025-06-06,LOBSTR,1.0,0.0,6,1,0,1,0
2025-06-06,Public Node,1.0,1.0,3,0,0,0,0
2025-06-06,SatoshiPay,1.0,0.9976,3,0,0,0,0
2025-06-06,Stellar Development Foundation,1.0,1.0,3,0,0,0,0
2025-06-07,Blockdaemon Inc.,1.0,1.0,3,0,0,0,0
2025-06-07,Creit Technologies LLP,1.0,1.0,3,0,0,0,0
2025-06-07,Franklin Templeton,1.0,1.0,3,0,0,0,0
2025-06-07,LOBSTR,1.0,0.0,6,1,0,1,0
2025-06-07,Public Node,1.0,0.7876,3,1,0,0,0
2025-06-07,SatoshiPay,1.0,1.0,3,0,0,0,0
2025-06-07,Stellar Development Foundation,1.0,1.0,3,0,0,0,0
2025-06-08,Blockdaemon Inc.,1.0,1.0,3,0,0,0,0
2025-06-08,Creit Technologies LLP,1.0,1.0,3,0,0,0,0
2025-06-08,Franklin Templeton,1.0,1.0,3,0,0,0,0
2025-06-08,LOBSTR,1.0,0.0,6,1,0,1,0
2025-06-08,Public Node,1.0,1.0,3,0,0,0,0
2025-06-08,SatoshiPay,1.0,1.0,3,0,0,0,0
2025-06-08,Stellar Development Foundation,1.0,1.0,3,0,0,0,0
2025-06-09,Blockdaemon Inc.,1.0,1.0,3,0,0,0,0
2025-06-09,Creit Technologies LLP,1.0,1.0,3,0,0,0,0
2025-06-09,Franklin Templeton,1.0,1.0,3,0,0,0,0
2025-06-09,LOBSTR,1.0,0.0,6,1,0,1,0
2025-06-09,Public Node,1.0,1.0,3,0,0,0,0
2025-06-09,SatoshiPay,1.0,1.0,3,0,0,0,0
2025-06-09,Stellar Development Foundation,1.0,1.0,3,0,0,0,0
2025-06-10,Blockdaemon Inc.,1.0,1.0,3,0,0,0,0
2025-06-10,Creit Technologies LLP,1.0,0.9904,3,0,0,0,0
2025-06-10,Franklin Templeton,1.0,1.0,3,0,0,0,0
2025-06-10,LOBSTR,1.0,0.0,6,1,0,1,0
2025-06-10,Public Node,1.0,1.0,3,0,0,0,0
2025-06-10,SatoshiPay,1.0,1.0,3,0,0,0,0
2025-06-10,Stellar Development Foundation,1.0,1.0,3,0,0,0,0
2025-06-11,Blockdaemon Inc.,1.0,1.0,3,0,0,0,0
2025-06-11,Creit Technologies LLP,1.0,1.0,3,0,0,0,0
2025-06-11,Franklin Templeton,1.0,1.0,3,0,0,0,0
2025-06-11,LOBSTR,1.0,0.0,6,1,0,1,0
2025-06-11,Public Node,1.0,1.0,3,0,0,0,0
2025-06-11,SatoshiPay,1.0,1.0,3,0,0,0,0
2025-06-11,Stellar Development Foundation,1.0,1.0,3,0,0,0,0
2025-06-12,Blockdaemon Inc.,1.0,1.0,3,0,0,0,0
2025-06-12,Creit Technologies LLP,1.0,1.0,3,0,0,0,0
2025-06-12,Franklin Templeton,1.0,1.0,3,0,0,0,0
2025-06-12,LOBSTR,1.0,0.0,6,1,0,1,0
2025-06-12,Public Node,1.0,1.0,3,0,0,0,0
2025-06-12,SatoshiPay,1.0,1.0,3,0,0,0,0
2025-06-12,Stellar Development Foundation,1.0,1.0,3,0,0,0,0
2025-06-13,Blockdaemon Inc.,1.0,1.0,3,0,0,0,0
2025-06-13,Creit Technologies LLP,1.0,1.0,3,0,0,0,0
2025-06-13,Franklin Templeton,1.0,0.9881,3,0,0,0,0
2025-06-13,LOBSTR,1.0,0.0,6,1,0,1,0
2025-06-13,Public Node,1.0,1.0,3,0,0,0,0
2025-06-13,SatoshiPay,1.0,0.9976,3,0,0,0,0
2025-06-13,Stellar Development Foundation,1.0,1.0,3,0,0,0,0
2025-06-14,Blockdaemon Inc.,1.0,1.0,3,0,0,0,0
2025-06-14,Creit Technologies LLP,1.0,1.0,3,0,0,0,0
2025-06-14,Franklin Templeton,1.0,1.0,3,0,0,0,0
2025-06-14,LOBSTR,1.0,0.0,6,1,0,1,0
2025-06-14,Public Node,1.0,1.0,3,0,0,0,0
2025-06-14,SatoshiPay,1.0,0.9976,3,0,0,0,0
2025-06-14,Stellar Development Foundation,1.0,1.0,3,0,0,0,0
2025-06-15,Blockdaemon Inc.,1.0,1.0,3,0,0,0,0
2025-06-15,Creit Technologies LLP,1.0,1.0,3,0,0,0,0
2025-06-15,Franklin Templeton,1.0,1.0,3,0,0,0,0
2025-06-15,LOBSTR,1.0,0.0,6,1,0,1,0
2025-06-15,Public Node,1.0,1.0,3,0,0,0,0
2025-06-15,SatoshiPay,1.0,1.0,3,0,0,0,0
2025-06-15,Stellar Development Foundation,1.0,1.0,3,0,0,0,0
2025-06-16,Blockdaemon Inc.,1.0,1.0,3,0,0,0,0
2025-06-16,Creit Technologies LLP,1.0,1.0,3,0,0,0,0
2025-06-16,Franklin Templeton,1.0,1.0,3,0,0,0,0
2025-06-16,LOBSTR,1.0,0.0,6,1,0,1,0
2025-06-16,Public Node,1.0,1.0,3,0,0,0,0
2025-06-16,SatoshiPay,1.0,1.0,3,0,0,0,0
2025-06-16,Stellar Development Foundation,1.0,1.0,3,0,0,0,0
2025-06-17,Blockdaemon Inc.,1.0,1.0,3,0,0,0,0
2025-06-17,Creit Technologies LLP,1.0,1.0,3,0,0,0,0
2025-06-17,Franklin Templeton,1.0,1.0,3,0,0,0,0
2025-06-17,LOBSTR,1.0,0.0,6,1,0,1,0
2025-06-17,Public Node,1.0,1.0,3,0,0,0,0
2025-06-17,SatoshiPay,1.0,1.0,3,0,0,0,0
2025-06-17,Stellar Development Foundation,1.0,1.0,3,0,0,0,0
2025-06-18,Blockdaemon Inc.,1.0,1.0,3,0,0,0,0
2025-06-18,Creit Technologies LLP,1.0,1.0,3,0,0,0,0
2025-06-18,Franklin Templeton,1.0,1.0,3,0,0,0,0
2025-06-18,LOBSTR,1.0,0.0,6,1,0,1,0
2025-06-18,Public Node,1.0,1.0,3,0,0,0,0
2025-06-18,SatoshiPay,1.0,1.0,3,0,0,0,0
2025-06-18,Stellar Development Foundation,1.0,1.0,3,0,0,0,0
2025-06-19,Blockdaemon Inc.,1.0,1.0,3,0,0,0,0
2025-06-19,Creit Technologies LLP,1.0,1.0,3,0,0,0,0
2025-06-19,Franklin Templeton,1.0,1.0,3,0,0,0,0
2025-06-19,LOBSTR,1.0,0.0,6,1,0,1,0
2025-06-19,Public Node,1.0,1.0,3,0,0,0,0
2025-06-19,SatoshiPay,1.0,1.0,3,0,0,0,0
2025-06-19,Stellar Development Foundation,1.0,1.0,3,0,0,0,0
2025-06-20,Blockdaemon Inc.,1.0,1.0,3,0,0,0,0
2025-06-20,Creit Technologies LLP,1.0,1.0,3,0,0,0,0
2025-06-20,Franklin Templeton,1.0,1.0,3,0,0,0,0
2025-06-20,LOBSTR,1.0,0.0,6,1,0,1,0
2025-06-20,Public Node,1.0,1.0,3,0,0,0,0
2025-06-20,SatoshiPay,1.0,1.0,3,0,0,0,0
2025-06-20,Stellar Development Foundation,1.0,1.0,3,0,0,0,0
2025-06-21,Blockdaemon Inc.,1.0,1.0,3,0,0,0,0
2025-06-21,Creit Technologies LLP,1.0,1.0,3,0,0,0,0
2025-06-21,Franklin Templeton,1.0,1.0,3,0,0,0,0
2025-06-21,LOBSTR,1.0,0.0,6,1,0,1,0
2025-06-21,Public Node,1.0,1.0,3,0,0,0,0
2025-06-21,SatoshiPay,1.0,1.0,3,0,0,0,0
2025-06-21,Stellar Development Foundation,1.0,1.0,3,0,0,0,0
2025-06-22,Blockdaemon Inc.,1.0,1.0,3,0,0,0,0
2025-06-22,Creit Technologies LLP,1.0,0.9931,3,0,0,0,0
2025-06-22,Franklin Templeton,1.0,1.0,3,0,0,0,0
2025-06-22,LOBSTR,1.0,0.0,6,1,0,1,0
2025-06-22,Public Node,1.0,1.0,3,0,0,0,0
2025-06-22,SatoshiPay,1.0,1.0,3,0,0,0,0
2025-06-22,Stellar Development Foundation,1.0,1.0,3,0,0,0,0
2025-06-23,Blockdaemon Inc.,1.0,1.0,3,0,0,0,0
2025-06-23,Creit Technologies LLP,1.0,0.0382,3,1,0,1,0
2025-06-23,Franklin Templeton,1.0,1.0,3,0,0,0,0
2025-06-23,LOBSTR,1.0,0.0,6,1,0,1,0
2025-06-23,Public Node,1.0,1.0,3,0,0,0,0
2025-06-23,SatoshiPay,1.0,0.9965,3,0,0,0,0
2025-06-23,Stellar Development Foundation,1.0,1.0,3,0,0,0,0
2025-06-24,Blockdaemon Inc.,1.0,1.0,3,0,0,0,0
2025-06-24,Creit Technologies LLP,1.0,1.0,3,0,0,0,0
2025-06-24,Franklin Templeton,1.0,1.0,3,0,0,0,0
2025-06-24,LOBSTR,1.0,0.0,6,1,0,1,0
2025-06-24,Public Node,1.0,1.0,3,0,0,0,0
2025-06-24,SatoshiPay,1.0,1.0,3,0,0,0,0
2025-06-24,Stellar Development Foundation,1.0,1.0,3,0,0,0,0
2025-06-25,Blockdaemon Inc.,1.0,1.0,3,0,0,0,0
2025-06-25,Creit Technologies LLP,1.0,1.0,3,0,0,0,0
2025-06-25,Franklin Templeton,1.0,1.0,3,0,0,0,0
2025-06-25,LOBSTR,1.0,0.0,6,1,0,1,0
2025-06-25,Public Node,1.0,1.0,3,0,0,0,0
2025-06-25,SatoshiPay,1.0,1.0,3,0,0,0,0
2025-06-25,Stellar Development Foundation,1.0,1.0,3,0,0,0,0
2025-06-26,Blockdaemon Inc.,1.0,1.0,3,0,0,0,0
2025-06-26,Creit Technologies LLP,1.0,1.0,3,0,0,0,0
2025-06-26,Franklin Templeton,1.0,1.0,3,0,0,0,0
2025-06-26,LOBSTR,1.0,0.0,6,1,0,1,0
2025-06-26,Public Node,1.0,1.0,3,0,0,0,0
2025-06-26,SatoshiPay,1.0,1.0,3,0,0,0,0
2025-06-26,Stellar Development Foundation,1.0,1.0,3,0,0,0,0
2025-06-27,Blockdaemon Inc.,1.0,1.0,3,0,0,0,0
2025-06-27,Creit Technologies LLP,1.0,1.0,3,0,0,0,0
2025-06-27,Franklin Templeton,1.0,1.0,3,0,0,0,0
2025-06-27,LOBSTR,1.0,0.0,6,1,0,1,0
2025-06-27,Public Node,1.0,1.0,3,0,0,0,0
2025-06-27,SatoshiPay,1.0,1.0,3,0,0,0,0
2025-06-27,Stellar Development Foundation,1.0,1.0,3,0,0,0,0
2025-06-28,Blockdaemon Inc.,1.0,1.0,3,0,0,0,0
2025-06-28,Creit Technologies LLP,1.0,1.0,3,0,0,0,0
2025-06-28,Franklin Templeton,1.0,1.0,3,0,0,0,0
2025-06-28,LOBSTR,1.0,0.0,6,1,0,1,0
2025-06-28,Public Node,1.0,1.0,3,0,0,0,0
2025-06-28,SatoshiPay,1.0,0.9931,3,0,0,0,0
2025-06-28,Stellar Development Foundation,1.0,1.0,3,0,0,0,0
2025-06-29,Blockdaemon Inc.,1.0,1.0,3,0,0,0,0
2025-06-29,Creit Technologies LLP,1.0,1.0,3,0,0,0,0
2025-06-29,Franklin Templeton,1.0,1.0,3,0,0,0,0
2025-06-29,LOBSTR,1.0,0.0,6,1,0,1,0
2025-06-29,Public Node,1.0,1.0,3,0,0,0,0
2025-06-29,SatoshiPay,1.0,1.0,3,0,0,0,0
2025-06-29,Stellar Development Foundation,1.0,1.0,3,0,0,0,0
2025-06-30,Blockdaemon Inc.,1.0,1.0,3,0,0,0,0
2025-06-30,Creit Technologies LLP,1.0,1.0,3,0,0,0,0
2025-06-30,Franklin Templeton,1.0,1.0,3,0,0,0,0
2025-06-30,LOBSTR,1.0,0.0,6,1,0,1,0
2025-06-30,Public Node,1.0,1.0,3,0,0,0,0
2025-06-30,SatoshiPay,1.0,0.9965,3,0,0,0,0
2025-06-30,Stellar Development Foundation,1.0,1.0,3,0,0,0,0
2025-07-01,Blockdaemon Inc.,1.0,1.0,3,0,0,0,0
2025-07-01,Creit Technologies LLP,1.0,1.0,3,0,0,0,0
2025-07-01,Franklin Templeton,1.0,1.0,3,0,0,0,0
2025-07-01,LOBSTR,1.0,0.0,6,1,0,1,0
2025-07-01,Public Node,1.0,1.0,3,0,0,0,0
2025-07-01,SatoshiPay,1.0,1.0,3,0,0,0,0
2025-07-01,Stellar Development Foundation,1.0,1.0,3,0,0,0,0
2025-07-02,Blockdaemon Inc.,1.0,1.0,3,0,0,0,0
2025-07-02,Creit Technologies LLP,1.0,1.0,3,0,0,0,0
2025-07-02,Franklin Templeton,1.0,1.0,3,0,0,0,0
2025-07-02,LOBSTR,1.0,0.0,6,1,0,1,0
2025-07-02,Public Node,1.0,1.0,3,0,0,0,0
2025-07-02,SatoshiPay,1.0,1.0,3,0,0,0,0
2025-07-02,Stellar Development Foundation,1.0,1.0,3,0,0,0,0
2025-07-03,Blockdaemon Inc.,1.0,1.0,3,0,0,0,0
2025-07-03,Creit Technologies LLP,1.0,1.0,3,0,0,0,0
2025-07-03,Franklin Templeton,1.0,1.0,3,0,0,0,0
2025-07-03,LOBSTR,1.0,0.0,6,1,0,1,0
2025-07-03,Public Node,1.0,1.0,3,0,0,0,0
2025-07-03,SatoshiPay,1.0,1.0,3,0,0,0,0
2025-07-03,Stellar Development Foundation,1.0,1.0,3,0,0,0,0
2025-07-04,Blockdaemon Inc.,1.0,1.0,3,0,0,0,0
2025-07-04,Creit Technologies LLP,1.0,1.0,3,0,0,0,0
2025-07-04,Franklin Templeton,1.0,1.0,3,0,0,0,0
2025-07-04,LOBSTR,1.0,0.0,6,1,0,1,0
2025-07-04,Public Node,1.0,0.6493,3,1,0,0,0
2025-07-04,SatoshiPay,1.0,1.0,3,0,0,0,0
2025-07-04,Stellar Development Foundation,1.0,1.0,3,0,0,0,0
2025-07-05,Blockdaemon Inc.,1.0,1.0,3,0,0,0,0
2025-07-05,Creit Technologies LLP,1.0,1.0,3,0,0,0,0
2025-07-05,Franklin Templeton,1.0,1.0,3,0,0,0,0
2025-07-05,LOBSTR,1.0,0.0,6,1,0,1,0
2025-07-05,Public Node,1.0,0.0,3,1,0,1,0
2025-07-05,SatoshiPay,1.0,1.0,3,0,0,0,0
2025-07-05,Stellar Development Foundation,1.0,1.0,3,0,0,0,0
2025-07-06,Blockdaemon Inc.,1.0,1.0,3,0,0,0,0
2025-07-06,Creit Technologies LLP,1.0,1.0,3,0,0,0,0
2025-07-06,Franklin Templeton,1.0,1.0,3,0,0,0,0
2025-07-06,LOBSTR,1.0,0.0,6,1,0,1,0
2025-07-06,Public Node,1.0,0.7014,3,1,0,0,0
2025-07-06,SatoshiPay,1.0,1.0,3,0,0,0,0
2025-07-06,Stellar Development Foundation,1.0,1.0,3,0,0,0,0
2025-07-07,Blockdaemon Inc.,1.0,1.0,3,0,0,0,0
2025-07-07,Creit Technologies LLP,1.0,1.0,3,0,0,0,0
2025-07-07,Franklin Templeton,1.0,1.0,3,0,0,0,0
2025-07-07,LOBSTR,1.0,0.0,6,1,0,1,0
2025-07-07,Public Node,1.0,1.0,3,0,0,0,0
2025-07-07,SatoshiPay,1.0,1.0,3,0,0,0,0
2025-07-07,Stellar Development Foundation,1.0,1.0,3,0,0,0,0
2025-07-08,Blockdaemon Inc.,1.0,1.0,3,0,0,0,0
2025-07-08,Creit Technologies LLP,1.0,1.0,3,0,0,0,0
2025-07-08,Franklin Templeton,1.0,1.0,3,0,0,0,0
2025-07-08,LOBSTR,1.0,0.0,6,1,0,1,0
2025-07-08,Public Node,1.0,1.0,3,0,0,0,0
2025-07-08,SatoshiPay,1.0,1.0,3,0,0,0,0
2025-07-08,Stellar Development Foundation,1.0,1.0,3,0,0,0,0
2025-07-09,Blockdaemon Inc.,1.0,1.0,3,0,0,0,0
2025-07-09,Creit Technologies LLP,1.0,1.0,3,0,0,0,0
2025-07-09,Franklin Templeton,1.0,1.0,3,0,0,0,0
2025-07-09,LOBSTR,1.0,0.0,6,1,0,1,0
2025-07-09,Public Node,1.0,1.0,3,0,0,0,0
2025-07-09,SatoshiPay,1.0,1.0,3,0,0,0,0
2025-07-09,Stellar Development Foundation,1.0,1.0,3,0,0,0,0
2025-07-10,Blockdaemon Inc.,1.0,1.0,3,0,0,0,0
2025-07-10,Creit Technologies LLP,1.0,1.0,3,0,0,0,0
2025-07-10,Franklin Templeton,1.0,1.0,3,0,0,0,0
2025-07-10,LOBSTR,1.0,0.0,6,1,0,1,0
2025-07-10,Public Node,1.0,1.0,3,0,0,0,0
2025-07-10,SatoshiPay,1.0,0.934,3,0,0,0,0
2025-07-10,Stellar Development Foundation,1.0,1.0,3,0,0,0,0
2025-07-11,Blockdaemon Inc.,1.0,1.0,3,0,0,0,0
2025-07-11,Creit Technologies LLP,1.0,1.0,3,0,0,0,0
2025-07-11,Franklin Templeton,1.0,1.0,3,0,0,0,0
2025-07-11,LOBSTR,1.0,0.0,6,1,0,1,0
2025-07-11,Public Node,1.0,1.0,3,0,0,0,0
2025-07-11,SatoshiPay,1.0,0.9965,3,0,0,0,0
2025-07-11,Stellar Development Foundation,1.0,1.0,3,0,0,0,0
2025-07-12,Blockdaemon Inc.,1.0,1.0,3,0,0,0,0
2025-07-12,Creit Technologies LLP,1.0,1.0,3,0,0,0,0
2025-07-12,Franklin Templeton,1.0,1.0,3,0,0,0,0
2025-07-12,LOBSTR,1.0,0.0,6,1,0,1,0
2025-07-12,Public Node,1.0,1.0,3,0,0,0,0
2025-07-12,SatoshiPay,1.0,0.9861,3,0,0,0,0
2025-07-12,Stellar Development Foundation,1.0,1.0,3,0,0,0,0
2025-07-13,Blockdaemon Inc.,1.0,1.0,3,0,0,0,0
2025-07-13,Creit Technologies LLP,1.0,1.0,3,0,0,0,0
2025-07-13,Franklin Templeton,1.0,1.0,3,0,0,0,0
2025-07-13,LOBSTR,1.0,0.0,6,1,0,1,0
2025-07-13,Public Node,1.0,1.0,3,0,0,0,0
2025-07-13,SatoshiPay,1.0,1.0,3,0,0,0,0
2025-07-13,Stellar Development Foundation,1.0,1.0,3,0,0,0,0
2025-07-14,Blockdaemon Inc.,1.0,1.0,3,0,0,0,0
2025-07-14,Creit Technologies LLP,1.0,1.0,3,0,0,0,0
2025-07-14,Franklin Templeton,1.0,1.0,3,0,0,0,0
2025-07-14,LOBSTR,1.0,0.0,6,1,0,1,0
2025-07-14,Public Node,1.0,1.0,3,0,0,0,0
2025-07-14,SatoshiPay,1.0,0.9931,3,0,0,0,0
2025-07-14,Stellar Development Foundation,1.0,1.0,3,0,0,0,0
2025-07-15,Blockdaemon Inc.,1.0,1.0,3,0,0,0,0
2025-07-15,Creit Technologies LLP,1.0,1.0,3,0,0,0,0
2025-07-15,Franklin Templeton,1.0,1.0,3,0,0,0,0
2025-07-15,LOBSTR,1.0,0.0,6,1,0,1,0
2025-07-15,Public Node,1.0,1.0,3,0,0,0,0
2025-07-15,SatoshiPay,1.0,1.0,3,0,0,0,0
2025-07-15,Stellar Development Foundation,1.0,1.0,3,0,0,0,0
2025-07-16,Blockdaemon Inc.,1.0,1.0,3,0,0,0,0
2025-07-16,Creit Technologies LLP,1.0,1.0,3,0,0,0,0
2025-07-16,Franklin Templeton,1.0,1.0,3,0,0,0,0
2025-07-16,LOBSTR,1.0,0.0,6,1,0,1,0
2025-07-16,Public Node,1.0,1.0,3,0,0,0,0
2025-07-16,SatoshiPay,1.0,0.9965,3,0,0,0,0
2025-07-16,Stellar Development Foundation,1.0,1.0,3,0,0,0,0
2025-07-17,Blockdaemon Inc.,1.0,1.0,3,0,0,0,0
2025-07-17,Creit Technologies LLP,1.0,1.0,3,0,0,0,0
2025-07-17,Franklin Templeton,1.0,1.0,3,0,0,0,0
2025-07-17,LOBSTR,1.0,0.0,6,1,0,1,0
2025-07-17,Public Node,1.0,1.0,3,0,0,0,0
2025-07-17,SatoshiPay,1.0,0.9896,3,0,0,0,0
2025-07-17,Stellar Development Foundation,1.0,1.0,3,0,0,0,0
2025-07-18,Blockdaemon Inc.,1.0,1.0,3,0,0,0,0
2025-07-18,Creit Technologies LLP,1.0,1.0,3,0,0,0,0
2025-07-18,Franklin Templeton,1.0,1.0,3,0,0,0,0
2025-07-18,LOBSTR,1.0,0.0,6,1,0,1,0
2025-07-18,Public Node,1.0,1.0,3,0,0,0,0
2025-07-18,SatoshiPay,1.0,0.9965,3,0,0,0,0
2025-07-18,Stellar Development Foundation,1.0,1.0,3,0,0,0,0
2025-07-19,Blockdaemon Inc.,1.0,1.0,3,0,0,0,0
2025-07-19,Creit Technologies LLP,1.0,1.0,3,0,0,0,0
2025-07-19,Franklin Templeton,1.0,1.0,3,0,0,0,0
2025-07-19,LOBSTR,1.0,0.0,6,1,0,1,0
2025-07-19,Public Node,1.0,1.0,3,0,0,0,0
2025-07-19,SatoshiPay,1.0,0.9896,3,0,0,0,0
2025-07-19,Stellar Development Foundation,1.0,1.0,3,0,0,0,0
2025-07-20,Blockdaemon Inc.,1.0,1.0,3,0,0,0,0
2025-07-20,Creit Technologies LLP,1.0,1.0,3,0,0,0,0
2025-07-20,Franklin Templeton,1.0,1.0,3,0,0,0,0
2025-07-20,LOBSTR,1.0,0.0,6,1,0,1,0
2025-07-20,Public Node,1.0,1.0,3,0,0,0,0
2025-07-20,SatoshiPay,1.0,1.0,3,0,0,0,0
2025-07-20,Stellar Development Foundation,1.0,1.0,3,0,0,0,0
2025-07-21,Blockdaemon Inc.,1.0,1.0,3,0,0,0,0
2025-07-21,Creit Technologies LLP,1.0,1.0,3,0,0,0,0
2025-07-21,Franklin Templeton,1.0,1.0,3,0,0,0,0
2025-07-21,LOBSTR,1.0,0.0,6,1,0,1,0
2025-07-21,Public Node,1.0,1.0,3,0,0,0,0
2025-07-21,SatoshiPay,1.0,1.0,3,0,0,0,0
2025-07-21,Stellar Development Foundation,1.0,1.0,3,0,0,0,0
2025-07-22,Blockdaemon Inc.,1.0,1.0,3,0,0,0,0
2025-07-22,Creit Technologies LLP,1.0,1.0,3,0,0,0,0
2025-07-22,Franklin Templeton,1.0,1.0,3,0,0,0,0
2025-07-22,LOBSTR,1.0,0.0,6,1,0,1,0
2025-07-22,Public Node,1.0,1.0,3,0,0,0,0
2025-07-22,SatoshiPay,1.0,1.0,3,0,0,0,0
2025-07-22,Stellar Development Foundation,1.0,0.9826,3,0,0,0,0
2025-07-23,Blockdaemon Inc.,1.0,1.0,3,0,0,0,0
2025-07-23,Creit Technologies LLP,1.0,1.0,3,0,0,0,0
2025-07-23,Franklin Templeton,1.0,1.0,3,0,0,0,0
2025-07-23,LOBSTR,1.0,0.0,6,1,0,1,0
2025-07-23,Public Node,1.0,1.0,3,0,0,0,0
2025-07-23,SatoshiPay,1.0,0.9931,3,0,0,0,0
2025-07-23,Stellar Development Foundation,1.0,1.0,3,0,0,0,0
2025-07-24,Blockdaemon Inc.,1.0,1.0,3,0,0,0,0
2025-07-24,Creit Technologies LLP,1.0,1.0,3,0,0,0,0
2025-07-24,Franklin Templeton,1.0,1.0,3,0,0,0,0
2025-07-24,LOBSTR,1.0,0.0,6,1,0,1,0
2025-07-24,Public Node,1.0,1.0,3,0,0,0,0
2025-07-24,SatoshiPay,1.0,1.0,3,0,0,0,0
2025-07-24,Stellar Development Foundation,1.0,1.0,3,0,0,0,0
2025-07-25,Blockdaemon Inc.,1.0,1.0,3,0,0,0,0
2025-07-25,Creit Technologies LLP,1.0,1.0,3,0,0,0,0
2025-07-25,Franklin Templeton,1.0,1.0,3,0,0,0,0
2025-07-25,LOBSTR,1.0,0.0,6,1,0,1,0
2025-07-25,Public Node,1.0,1.0,3,0,0,0,0
2025-07-25,SatoshiPay,1.0,1.0,3,0,0,0,0
2025-07-25,Stellar Development Foundation,1.0,1.0,3,0,0,0,0
2025-07-26,Blockdaemon Inc.,1.0,1.0,3,0,0,0,0
2025-07-26,Creit Technologies LLP,1.0,1.0,3,0,0,0,0
2025-07-26,Franklin Templeton,1.0,1.0,3,0,0,0,0
2025-07-26,LOBSTR,1.0,0.0,6,1,0,1,0
2025-07-26,Public Node,1.0,1.0,3,0,0,0,0
2025-07-26,SatoshiPay,1.0,1.0,3,0,0,0,0
2025-07-26,Stellar Development Foundation,1.0,1.0,3,0,0,0,0
2025-07-27,Blockdaemon Inc.,1.0,1.0,3,0,0,0,0
2025-07-27,Creit Technologies LLP,1.0,1.0,3,0,0,0,0
2025-07-27,Franklin Templeton,1.0,1.0,3,0,0,0,0
2025-07-27,LOBSTR,1.0,0.0,6,1,0,1,0
2025-07-27,Public Node,1.0,1.0,3,0,0,0,0
2025-07-27,SatoshiPay,1.0,1.0,3,0,0,0,0
2025-07-27,Stellar Development Foundation,1.0,1.0,3,0,0,0,0
2025-07-28,Blockdaemon Inc.,1.0,1.0,3,0,0,0,0
2025-07-28,Creit Technologies LLP,1.0,1.0,3,0,0,0,0
2025-07-28,Franklin Templeton,1.0,1.0,3,0,0,0,0
2025-07-28,LOBSTR,1.0,0.0,6,1,0,1,0
2025-07-28,Public Node,1.0,1.0,3,0,0,0,0
2025-07-28,SatoshiPay,1.0,0.9965,3,0,0,0,0
2025-07-28,Stellar Development Foundation,1.0,1.0,3,0,0,0,0
2025-07-29,Blockdaemon Inc.,1.0,1.0,3,0,0,0,0
2025-07-29,Creit Technologies LLP,1.0,1.0,3,0,0,0,0
2025-07-29,Franklin Templeton,1.0,1.0,3,0,0,0,0
2025-07-29,LOBSTR,1.0,0.0,6,1,0,1,0
2025-07-29,Public Node,1.0,1.0,3,0,0,0,0
2025-07-29,SatoshiPay,1.0,0.9965,3,0,0,0,0
2025-07-29,Stellar Development Foundation,1.0,1.0,3,0,0,0,0
2025-07-30,Blockdaemon Inc.,1.0,1.0,3,0,0,0,0
2025-07-30,Creit Technologies LLP,1.0,1.0,3,0,0,0,0
2025-07-30,Franklin Templeton,1.0,1.0,3,0,0,0,0
2025-07-30,LOBSTR,1.0,0.0,6,1,0,1,0
2025-07-30,Public Node,1.0,1.0,3,0,0,0,0
2025-07-30,SatoshiPay,1.0,0.9826,3,0,0,0,0
2025-07-30,Stellar Development Foundation,1.0,1.0,3,0,0,0,0
2025-07-31,Blockdaemon Inc.,1.0,1.0,3,0,0,0,0
2025-07-31,Creit Technologies LLP,1.0,1.0,3,0,0,0,0
2025-07-31,Franklin Templeton,1.0,1.0,3,0,0,0,0
2025-07-31,LOBSTR,1.0,0.0,6,1,0,1,0
2025-07-31,Public Node,1.0,1.0,3,0,0,0,0
2025-07-31,SatoshiPay,1.0,0.9965,3,0,0,0,0
2025-07-31,Stellar Development Foundation,1.0,1.0,3,0,0,0,0
2025-08-01,Blockdaemon Inc.,1.0,1.0,3,0,0,0,0
2025-08-01,Creit Technologies LLP,1.0,1.0,3,0,0,0,0
2025-08-01,Franklin Templeton,1.0,1.0,3,0,0,0,0
2025-08-01,LOBSTR,1.0,0.0,6,1,0,1,0
2025-08-01,Public Node,1.0,1.0,3,0,0,0,0
2025-08-01,SatoshiPay,1.0,0.9931,3,0,0,0,0
2025-08-01,Stellar Development Foundation,1.0,1.0,3,0,0,0,0
2025-08-02,Blockdaemon Inc.,1.0,1.0,3,0,0,0,0
2025-08-02,Creit Technologies LLP,1.0,1.0,3,0,0,0,0
2025-08-02,Franklin Templeton,1.0,1.0,3,0,0,0,0
2025-08-02,LOBSTR,1.0,0.0,6,1,0,1,0
2025-08-02,Public Node,1.0,1.0,3,0,0,0,0
2025-08-02,SatoshiPay,1.0,0.9965,3,0,0,0,0
2025-08-02,Stellar Development Foundation,1.0,1.0,3,0,0,0,0
2025-08-03,Blockdaemon Inc.,1.0,1.0,3,0,0,0,0
2025-08-03,Creit Technologies LLP,1.0,1.0,3,0,0,0,0
2025-08-03,Franklin Templeton,1.0,1.0,3,0,0,0,0
2025-08-03,LOBSTR,1.0,0.0,6,1,0,1,0
2025-08-03,Public Node,1.0,1.0,3,0,0,0,0
2025-08-03,SatoshiPay,1.0,0.9965,3,0,0,0,0
2025-08-03,Stellar Development Foundation,1.0,1.0,3,0,0,0,0
2025-08-04,Blockdaemon Inc.,1.0,1.0,3,0,0,0,0
2025-08-04,Creit Technologies LLP,1.0,1.0,3,0,0,0,0
2025-08-04,Franklin Templeton,1.0,1.0,3,0,0,0,0
2025-08-04,LOBSTR,1.0,0.0,6,1,0,1,0
2025-08-04,Public Node,1.0,1.0,3,0,0,0,0
2025-08-04,SatoshiPay,1.0,0.9965,3,0,0,0,0
2025-08-04,Stellar Development Foundation,1.0,1.0,3,0,0,0,0
2025-08-05,Blockdaemon Inc.,1.0,1.0,3,0,0,0,0
2025-08-05,Creit Technologies LLP,1.0,1.0,3,0,0,0,0
2025-08-05,Franklin Templeton,1.0,1.0,3,0,0,0,0
2025-08-05,LOBSTR,1.0,0.0,6,1,0,1,0
2025-08-05,Public Node,1.0,1.0,3,0,0,0,0
2025-08-05,SatoshiPay,1.0,1.0,3,0,0,0,0
2025-08-05,Stellar Development Foundation,1.0,1.0,3,0,0,0,0
2025-08-06,Blockdaemon Inc.,1.0,1.0,3,0,0,0,0
2025-08-06,Creit Technologies LLP,1.0,1.0,3,0,0,0,0
2025-08-06,Franklin Templeton,1.0,1.0,3,0,0,0,0
2025-08-06,LOBSTR,1.0,0.0,6,1,0,1,0
2025-08-06,Public Node,1.0,1.0,3,0,0,0,0
2025-08-06,SatoshiPay,1.0,0.9931,3,0,0,0,0
2025-08-06,Stellar Development Foundation,1.0,1.0,3,0,0,0,0
2025-08-07,Blockdaemon Inc.,1.0,1.0,3,0,0,0,0
2025-08-07,Creit Technologies LLP,1.0,1.0,3,0,0,0,0
2025-08-07,Franklin Templeton,1.0,1.0,3,0,0,0,0
2025-08-07,LOBSTR,1.0,0.0,6,1,0,1,0
2025-08-07,Public Node,1.0,1.0,3,0,0,0,0
2025-08-07,SatoshiPay,1.0,1.0,3,0,0,0,0
2025-08-07,Stellar Development Foundation,1.0,1.0,3,0,0,0,0
2025-08-08,Blockdaemon Inc.,1.0,1.0,3,0,0,0,0
2025-08-08,Creit Technologies LLP,1.0,1.0,3,0,0,0,0
2025-08-08,Franklin Templeton,1.0,1.0,3,0,0,0,0
2025-08-08,LOBSTR,1.0,0.0,6,1,0,1,0
2025-08-08,Public Node,1.0,1.0,3,0,0,0,0
2025-08-08,SatoshiPay,1.0,0.9931,3,0,0,0,0
2025-08-08,Stellar Development Foundation,1.0,1.0,3,0,0,0,0
2025-08-09,Blockdaemon Inc.,1.0,1.0,3,0,0,0,0
2025-08-09,Creit Technologies LLP,1.0,1.0,3,0,0,0,0
2025-08-09,Franklin Templeton,1.0,1.0,3,0,0,0,0
2025-08-09,LOBSTR,1.0,0.0,6,1,0,1,0
2025-08-09,Public Node,1.0,1.0,3,0,0,0,0
2025-08-09,SatoshiPay,1.0,0.9965,3,0,0,0,0
2025-08-09,Stellar Development Foundation,1.0,1.0,3,0,0,0,0
2025-08-10,Blockdaemon Inc.,1.0,1.0,3,0,0,0,0
2025-08-10,Creit Technologies LLP,1.0,1.0,3,0,0,0,0
2025-08-10,Franklin Templeton,1.0,1.0,3,0,0,0,0
2025-08-10,LOBSTR,1.0,0.0,6,1,0,1,0
2025-08-10,Public Node,1.0,1.0,3,0,0,0,0
2025-08-10,SatoshiPay,1.0,0.9965,3,0,0,0,0
2025-08-10,Stellar Development Foundation,1.0,1.0,3,0,0,0,0
2025-08-11,Blockdaemon Inc.,1.0,1.0,3,0,0,0,0
2025-08-11,Creit Technologies LLP,1.0,1.0,3,0,0,0,0
2025-08-11,Franklin Templeton,1.0,1.0,3,0,0,0,0
2025-08-11,LOBSTR,1.0,0.0,6,1,0,1,0
2025-08-11,Public Node,1.0,1.0,3,0,0,0,0
2025-08-11,SatoshiPay,1.0,0.9965,3,0,0,0,0
2025-08-11,Stellar Development Foundation,1.0,1.0,3,0,0,0,0
2025-08-12,Blockdaemon Inc.,1.0,1.0,3,0,0,0,0
2025-08-12,Creit Technologies LLP,1.0,1.0,3,0,0,0,0
2025-08-12,Franklin Templeton,1.0,1.0,3,0,0,0,0
2025-08-12,LOBSTR,1.0,0.0,6,1,0,1,0
2025-08-12,Public Node,1.0,1.0,3,0,0,0,0
2025-08-12,SatoshiPay,1.0,1.0,3,0,0,0,0
2025-08-12,Stellar Development Foundation,1.0,1.0,3,0,0,0,0
2025-08-13,Blockdaemon Inc.,1.0,1.0,3,0,0,0,0
2025-08-13,Creit Technologies LLP,1.0,1.0,3,0,0,0,0
2025-08-13,Franklin Templeton,1.0,1.0,3,0,0,0,0
2025-08-13,LOBSTR,1.0,0.0,6,1,0,1,0
2025-08-13,Public Node,1.0,1.0,3,0,0,0,0
2025-08-13,SatoshiPay,1.0,1.0,3,0,0,0,0
2025-08-13,Stellar Development Foundation,1.0,1.0,3,0,0,0,0
2025-08-14,Blockdaemon Inc.,1.0,1.0,3,0,0,0,0
2025-08-14,Creit Technologies LLP,1.0,1.0,3,0,0,0,0
2025-08-14,Franklin Templeton,1.0,1.0,3,0,0,0,0
2025-08-14,LOBSTR,1.0,0.0,6,1,0,1,0
2025-08-14,Public Node,1.0,1.0,3,0,0,0,0
2025-08-14,SatoshiPay,1.0,0.9861,3,0,0,0,0
2025-08-14,Stellar Development Foundation,1.0,1.0,3,0,0,0,0
2025-08-15,Blockdaemon Inc.,1.0,1.0,3,0,0,0,0
2025-08-15,Creit Technologies LLP,1.0,1.0,3,0,0,0,0
2025-08-15,Franklin Templeton,1.0,1.0,3,0,0,0,0
2025-08-15,LOBSTR,1.0,0.0,6,1,0,1,0
2025-08-15,Public Node,1.0,1.0,3,0,0,0,0
2025-08-15,SatoshiPay,1.0,1.0,3,0,0,0,0
2025-08-15,Stellar Development Foundation,1.0,1.0,3,0,0,0,0
2025-08-16,Blockdaemon Inc.,1.0,1.0,3,0,0,0,0
2025-08-16,Creit Technologies LLP,1.0,1.0,3,0,0,0,0
2025-08-16,Franklin Templeton,1.0,1.0,3,0,0,0,0
2025-08-16,LOBSTR,1.0,0.0,6,1,0,1,0
2025-08-16,Public Node,1.0,1.0,3,0,0,0,0
2025-08-16,SatoshiPay,1.0,0.9965,3,0,0,0,0
2025-08-16,Stellar Development Foundation,1.0,1.0,3,0,0,0,0
2025-08-17,Blockdaemon Inc.,1.0,1.0,3,0,0,0,0
2025-08-17,Creit Technologies LLP,1.0,1.0,3,0,0,0,0
2025-08-17,Franklin Templeton,1.0,1.0,3,0,0,0,0
2025-08-17,LOBSTR,1.0,0.0,6,1,0,1,0
2025-08-17,Public Node,1.0,1.0,3,0,0,0,0
2025-08-17,SatoshiPay,1.0,1.0,3,0,0,0,0
2025-08-17,Stellar Development Foundation,1.0,1.0,3,0,0,0,0
2025-08-18,Blockdaemon Inc.,1.0,1.0,3,0,0,0,0
2025-08-18,Creit Technologies LLP,1.0,1.0,3,0,0,0,0
2025-08-18,Franklin Templeton,1.0,1.0,3,0,0,0,0
2025-08-18,LOBSTR,1.0,0.0,6,1,0,1,0
2025-08-18,Public Node,1.0,1.0,3,0,0,0,0
2025-08-18,SatoshiPay,1.0,0.9931,3,0,0,0,0
2025-08-18,Stellar Development Foundation,1.0,1.0,3,0,0,0,0
2025-08-19,Blockdaemon Inc.,1.0,1.0,3,0,0,0,0
2025-08-19,Creit Technologies LLP,1.0,1.0,3,0,0,0,0
2025-08-19,Franklin Templeton,1.0,1.0,3,0,0,0,0
2025-08-19,LOBSTR,1.0,0.0,6,1,0,1,0
2025-08-19,Public Node,1.0,0.9965,3,0,0,0,0
2025-08-19,SatoshiPay,1.0,0.9965,3,0,0,0,0
2025-08-19,Stellar Development Foundation,1.0,1.0,3,0,0,0,0
2025-08-20,Blockdaemon Inc.,1.0,1.0,3,0,0,0,0
2025-08-20,Creit Technologies LLP,1.0,1.0,3,0,0,0,0
2025-08-20,Franklin Templeton,1.0,1.0,3,0,0,0,0
2025-08-20,LOBSTR,1.0,0.0,6,1,0,1,0
2025-08-20,Public Node,1.0,1.0,3,0,0,0,0
2025-08-20,SatoshiPay,1.0,0.9861,3,0,0,0,0
2025-08-20,Stellar Development Foundation,1.0,1.0,3,0,0,0,0
2025-08-21,Blockdaemon Inc.,1.0,1.0,3,0,0,0,0
2025-08-21,Creit Technologies LLP,1.0,1.0,3,0,0,0,0
2025-08-21,Franklin Templeton,1.0,1.0,3,0,0,0,0
2025-08-21,LOBSTR,1.0,0.0,6,1,0,1,0
2025-08-21,Public Node,1.0,1.0,3,0,0,0,0
2025-08-21,SatoshiPay,1.0,1.0,3,0,0,0,0
2025-08-21,Stellar Development Foundation,1.0,1.0,3,0,0,0,0
2025-08-22,Blockdaemon Inc.,1.0,1.0,3,0,0,0,0
2025-08-22,Creit Technologies LLP,1.0,1.0,3,0,0,0,0
2025-08-22,Franklin Templeton,1.0,1.0,3,0,0,0,0
2025-08-22,LOBSTR,1.0,0.0,6,1,0,1,0
2025-08-22,Public Node,1.0,1.0,3,0,0,0,0
2025-08-22,SatoshiPay,0.6585,0.6516,3,1,0,1,0
2025-08-22,Stellar Development Foundation,1.0,1.0,3,0,0,0,0
2025-08-23,Blockdaemon Inc.,1.0,1.0,3,0,0,0,0
2025-08-23,Creit Technologies LLP,1.0,1.0,3,0,0,0,0
2025-08-23,Franklin Templeton,1.0,1.0,3,0,0,0,0
2025-08-23,LOBSTR,1.0,0.0,6,1,0,1,0
2025-08-23,Public Node,1.0,1.0,3,0,0,0,0
2025-08-23,SatoshiPay,0.0,0.0,3,1,0,1,0
2025-08-23,Stellar Development Foundation,1.0,1.0,3,0,0,0,0
2025-08-24,Blockdaemon Inc.,1.0,1.0,3,0,0,0,0
2025-08-24,Creit Technologies LLP,1.0,1.0,3,0,0,0,0
2025-08-24,Franklin Templeton,1.0,1.0,3,0,0,0,0
2025-08-24,LOBSTR,1.0,0.0,6,1,0,1,0
2025-08-24,Public Node,1.0,1.0,3,0,0,0,0
2025-08-24,SatoshiPay,0.0,0.0,3,1,1,1,0
2025-08-24,Stellar Development Foundation,1.0,1.0,3,0,0,0,0
2025-08-25,Blockdaemon Inc.,1.0,1.0,3,0,0,0,0
2025-08-25,Creit Technologies LLP,1.0,1.0,3,0,0,0,0
2025-08-25,Franklin Templeton,1.0,1.0,3,0,0,0,0
2025-08-25,LOBSTR,1.0,0.0,5,1,0,1,0
2025-08-25,Public Node,1.0,1.0,3,0,0,0,0
2025-08-25,SatoshiPay,0.1979,0.0521,3,1,1,1,0
2025-08-25,Stellar Development Foundation,1.0,1.0,3,0,0,0,0
2025-08-26,Blockdaemon Inc.,1.0,1.0,3,0,0,0,0
2025-08-26,Creit Technologies LLP,1.0,1.0,3,0,0,0,0
2025-08-26,Franklin Templeton,1.0,0.9931,3,0,0,0,0
2025-08-26,LOBSTR,1.0,0.0,5,1,0,1,0
2025-08-26,Public Node,1.0,1.0,3,0,0,0,0
2025-08-26,SatoshiPay,1.0,0.9792,3,0,1,0,0
2025-08-26,Stellar Development Foundation,1.0,1.0,3,0,0,0,0
2025-08-27,Blockdaemon Inc.,1.0,1.0,3,0,0,0,0
2025-08-27,Creit Technologies LLP,1.0,0.9861,3,0,0,0,0
2025-08-27,Franklin Templeton,1.0,1.0,3,0,0,0,0
2025-08-27,LOBSTR,1.0,0.0,5,1,0,1,0
2025-08-27,Public Node,1.0,1.0,3,0,0,0,0
2025-08-27,SatoshiPay,1.0,0.9931,3,0,1,0,0
2025-08-27,Stellar Development Foundation,1.0,1.0,3,0,0,0,0
2025-08-28,Blockdaemon Inc.,1.0,1.0,3,0,0,0,0
2025-08-28,Creit Technologies LLP,1.0,1.0,3,0,0,0,0
2025-08-28,Franklin Templeton,1.0,1.0,3,0,0,0,0
2025-08-28,LOBSTR,1.0,0.0,5,1,0,1,0
2025-08-28,Public Node,1.0,1.0,3,0,0,0,0
2025-08-28,SatoshiPay,1.0,0.9896,3,0,1,0,0
2025-08-28,Stellar Development Foundation,1.0,1.0,3,0,0,0,0
2025-08-29,Blockdaemon Inc.,1.0,0.9931,3,0,0,0,0
2025-08-29,Creit Technologies LLP,1.0,0.9965,3,0,0,0,0
2025-08-29,Franklin Templeton,1.0,1.0,3,0,0,0,0
2025-08-29,LOBSTR,1.0,0.0,5,1,0,1,0
2025-08-29,Public Node,1.0,1.0,3,0,0,0,0
2025-08-29,SatoshiPay,1.0,0.9931,3,0,1,0,0
2025-08-29,Stellar Development Foundation,1.0,1.0,3,0,0,0,0
2025-08-30,Blockdaemon Inc.,1.0,1.0,3,0,0,0,0
2025-08-30,Creit Technologies LLP,1.0,1.0,3,0,0,0,0
2025-08-30,Franklin Templeton,1.0,1.0,3,0,0,0,0
2025-08-30,LOBSTR,1.0,0.0,5,1,0,1,0
2025-08-30,Public Node,1.0,1.0,3,0,0,0,0
2025-08-30,SatoshiPay,1.0,1.0,3,0,0,0,0
2025-08-30,Stellar Development Foundation,1.0,1.0,3,0,0,0,0
2025-08-31,Blockdaemon Inc.,1.0,1.0,3,0,0,0,0
2025-08-31,Creit Technologies LLP,1.0,0.9965,3,0,0,0,0
2025-08-31,Franklin Templeton,1.0,1.0,3,0,0,0,0
2025-08-31,LOBSTR,1.0,0.0,5,1,0,1,0
2025-08-31,Public Node,1.0,1.0,3,0,0,0,0
2025-08-31,SatoshiPay,1.0,0.9965,3,0,0,0,0
2025-08-31,Stellar Development Foundation,1.0,1.0,3,0,0,0,0
2025-09-01,Blockdaemon Inc.,1.0,1.0,3,0,0,0,0
2025-09-01,Creit Technologies LLP,1.0,1.0,3,0,0,0,0
2025-09-01,Franklin Templeton,1.0,1.0,3,0,0,0,0
2025-09-01,LOBSTR,1.0,0.0,5,1,0,1,0
2025-09-01,Public Node,1.0,1.0,3,0,0,0,0
2025-09-01,SatoshiPay,1.0,0.9965,3,0,0,0,0
2025-09-01,Stellar Development Foundation,1.0,1.0,3,0,0,0,0
2025-09-02,Blockdaemon Inc.,1.0,1.0,3,0,0,0,0
2025-09-02,Creit Technologies LLP,1.0,1.0,3,0,0,0,0
2025-09-02,Franklin Templeton,1.0,1.0,3,0,0,0,0
2025-09-02,LOBSTR,1.0,0.0,5,1,0,1,0
2025-09-02,Public Node,1.0,1.0,3,0,0,0,0
2025-09-02,SatoshiPay,1.0,0.9896,3,0,0,0,0
2025-09-02,Stellar Development Foundation,1.0,1.0,3,0,0,0,0
2025-09-03,Blockdaemon Inc.,1.0,1.0,3,0,0,0,0
2025-09-03,Creit Technologies LLP,1.0,1.0,3,0,0,0,0
2025-09-03,Franklin Templeton,1.0,1.0,3,0,0,0,0
2025-09-03,LOBSTR,1.0,0.0,5,1,0,1,0
2025-09-03,Public Node,1.0,1.0,3,0,0,0,0
2025-09-03,SatoshiPay,1.0,0.9931,3,0,0,0,0
2025-09-03,Stellar Development Foundation,1.0,1.0,3,0,0,0,0
2025-09-04,Blockdaemon Inc.,1.0,1.0,3,0,0,0,0
2025-09-04,Creit Technologies LLP,1.0,1.0,3,0,0,0,0
2025-09-04,Franklin Templeton,1.0,1.0,3,0,0,0,0
2025-09-04,LOBSTR,1.0,0.0,5,1,0,1,0
2025-09-04,Public Node,1.0,1.0,3,0,0,0,0
2025-09-04,SatoshiPay,1.0,1.0,3,0,0,0,0
2025-09-04,Stellar Development Foundation,1.0,1.0,3,0,0,0,0
2025-09-05,Blockdaemon Inc.,1.0,1.0,3,0,0,0,0
2025-09-05,Creit Technologies LLP,1.0,0.9931,3,0,0,0,0
2025-09-05,Franklin Templeton,1.0,1.0,3,0,0,0,0
2025-09-05,LOBSTR,1.0,0.0,5,1,0,1,0
2025-09-05,Public Node,1.0,1.0,3,0,0,0,0
2025-09-05,SatoshiPay,1.0,0.9722,3,0,0,0,0
2025-09-05,Stellar Development Foundation,1.0,1.0,3,0,0,0,0
2025-09-06,Blockdaemon Inc.,1.0,1.0,3,0,0,0,0
2025-09-06,Creit Technologies LLP,1.0,0.9757,3,0,0,0,0
2025-09-06,Franklin Templeton,1.0,1.0,3,0,0,0,0
2025-09-06,LOBSTR,1.0,0.0,5,1,0,1,0
2025-09-06,Public Node,1.0,1.0,3,0,0,0,0
2025-09-06,SatoshiPay,1.0,1.0,3,0,0,0,0
2025-09-06,Stellar Development Foundation,1.0,1.0,3,0,0,0,0
2025-09-07,Blockdaemon Inc.,1.0,1.0,3,0,0,0,0
2025-09-07,Creit Technologies LLP,1.0,0.9653,3,0,0,0,0
2025-09-07,Franklin Templeton,1.0,1.0,3,0,0,0,0
2025-09-07,LOBSTR,1.0,0.0,5,1,0,1,0
2025-09-07,Public Node,1.0,1.0,3,0,0,0,0
2025-09-07,SatoshiPay,1.0,0.9896,3,0,0,0,0
2025-09-07,Stellar Development Foundation,1.0,1.0,3,0,0,0,0
2025-09-08,Blockdaemon Inc.,1.0,1.0,3,0,0,0,0
2025-09-08,Creit Technologies LLP,0.9931,0.9201,3,0,0,0,0
2025-09-08,Franklin Templeton,1.0,1.0,3,0,0,0,0
2025-09-08,LOBSTR,1.0,0.0,5,1,0,1,0
2025-09-08,Public Node,1.0,1.0,3,0,0,0,0
2025-09-08,SatoshiPay,1.0,0.9896,3,0,0,0,0
2025-09-08,Stellar Development Foundation,1.0,1.0,3,0,0,0,0
2025-09-09,Blockdaemon Inc.,1.0,1.0,3,0,0,0,0
2025-09-09,Creit Technologies LLP,0.9965,0.9028,3,0,0,0,0
2025-09-09,Franklin Templeton,1.0,1.0,3,0,0,0,0
2025-09-09,LOBSTR,1.0,0.0,5,1,0,1,0
2025-09-09,Public Node,1.0,0.9965,3,0,0,0,0
2025-09-09,SatoshiPay,1.0,0.9931,3,0,0,0,0
2025-09-09,Stellar Development Foundation,1.0,1.0,3,0,0,0,0
2025-09-10,Blockdaemon Inc.,1.0,0.9965,3,0,0,0,0
2025-09-10,Creit Technologies LLP,0.9931,0.8194,3,1,0,0,0
2025-09-10,Franklin Templeton,1.0,0.9931,3,0,0,0,0
2025-09-10,LOBSTR,1.0,0.0,5,1,0,1,0
2025-09-10,Public Node,1.0,1.0,3,0,0,0,0
2025-09-10,SatoshiPay,1.0,0.9896,3,0,0,0,0
2025-09-10,Stellar Development Foundation,1.0,1.0,3,0,0,0,0
2025-09-11,Blockdaemon Inc.,1.0,1.0,3,0,0,0,0
2025-09-11,Creit Technologies LLP,0.9896,0.816,3,1,0,0,0
2025-09-11,Franklin Templeton,1.0,1.0,3,0,0,0,0
2025-09-11,LOBSTR,1.0,0.0,5,1,0,1,0
2025-09-11,Public Node,1.0,1.0,3,0,0,0,0
2025-09-11,SatoshiPay,1.0,0.9826,3,0,0,0,0
2025-09-11,Stellar Development Foundation,1.0,1.0,3,0,0,0,0
2025-09-12,Blockdaemon Inc.,1.0,1.0,3,0,0,0,0
2025-09-12,Creit Technologies LLP,0.9965,0.8611,3,1,0,0,0
2025-09-12,Franklin Templeton,1.0,1.0,3,0,0,0,0
2025-09-12,LOBSTR,1.0,0.0,5,1,0,1,0
2025-09-12,Public Node,1.0,1.0,3,0,0,0,0
2025-09-12,SatoshiPay,1.0,0.9931,3,0,0,0,0
2025-09-12,Stellar Development Foundation,1.0,1.0,3,0,0,0,0
2025-09-13,Blockdaemon Inc.,1.0,1.0,3,0,0,0,0
2025-09-13,Creit Technologies LLP,0.9792,0.7118,3,1,0,0,0
2025-09-13,Franklin Templeton,1.0,1.0,3,0,0,0,0
2025-09-13,LOBSTR,1.0,0.0,5,1,0,1,0
2025-09-13,Public Node,1.0,1.0,3,0,0,0,0
2025-09-13,SatoshiPay,1.0,0.9896,3,0,0,0,0
2025-09-13,Stellar Development Foundation,1.0,1.0,3,0,0,0,0
2025-09-14,Blockdaemon Inc.,1.0,1.0,3,0,0,0,0
2025-09-14,Creit Technologies LLP,0.9965,0.8681,3,1,0,0,0
2025-09-14,Franklin Templeton,1.0,1.0,3,0,0,0,0
2025-09-14,LOBSTR,1.0,0.0,5,1,0,1,0
2025-09-14,Public Node,1.0,1.0,3,0,0,0,0
2025-09-14,SatoshiPay,1.0,0.9722,3,0,0,0,0
2025-09-14,Stellar Development Foundation,1.0,1.0,3,0,0,0,0
2025-09-15,Blockdaemon Inc.,1.0,1.0,3,0,0,0,0
2025-09-15,Creit Technologies LLP,0.9757,0.7847,3,1,1,0,0
2025-09-15,Franklin Templeton,1.0,1.0,3,0,0,0,0
2025-09-15,LOBSTR,1.0,0.0,5,1,0,1,0
2025-09-15,Public Node,1.0,1.0,3,0,0,0,0
2025-09-15,SatoshiPay,1.0,1.0,3,0,0,0,0
2025-09-15,Stellar Development Foundation,1.0,1.0,3,0,0,0,0
2025-09-16,Blockdaemon Inc.,1.0,1.0,3,0,0,0,0
2025-09-16,Creit Technologies LLP,0.9861,0.7153,3,1,1,0,0
2025-09-16,Franklin Templeton,1.0,1.0,3,0,0,0,0
2025-09-16,LOBSTR,1.0,0.0,5,1,0,1,0
2025-09-16,Public Node,1.0,1.0,3,0,0,0,0
2025-09-16,SatoshiPay,1.0,0.875,3,1,0,0,0
2025-09-16,Stellar Development Foundation,1.0,1.0,3,0,0,0,0
2025-09-17,Blockdaemon Inc.,1.0,1.0,3,0,0,0,0
2025-09-17,Creit Technologies LLP,0.9618,0.4653,3,1,1,0,0
2025-09-17,Franklin Templeton,1.0,1.0,3,0,0,0,0
2025-09-17,LOBSTR,1.0,0.0,5,1,0,1,0
2025-09-17,Public Node,1.0,1.0,3,0,0,0,0
2025-09-17,SatoshiPay,1.0,0.9931,3,0,0,0,0
2025-09-17,Stellar Development Foundation,1.0,1.0,3,0,0,0,0
2025-09-18,Blockdaemon Inc.,1.0,1.0,3,0,0,0,0
2025-09-18,Creit Technologies LLP,0.9236,0.1146,3,1,1,0,0
2025-09-18,Franklin Templeton,1.0,1.0,3,0,0,0,0
2025-09-18,LOBSTR,1.0,0.0,5,1,0,1,0
2025-09-18,Public Node,1.0,1.0,3,0,0,0,0
2025-09-18,SatoshiPay,1.0,0.9861,3,0,0,0,0
2025-09-18,Stellar Development Foundation,1.0,1.0,3,0,0,0,0
2025-09-19,Blockdaemon Inc.,1.0,1.0,3,0,0,0,0
2025-09-19,Creit Technologies LLP,1.0,1.0,3,0,1,0,0
2025-09-19,Franklin Templeton,1.0,1.0,3,0,0,0,0
2025-09-19,LOBSTR,1.0,0.0,5,1,0,1,0
2025-09-19,Public Node,1.0,1.0,3,0,0,0,0
2025-09-19,SatoshiPay,1.0,0.9896,3,0,0,0,0
2025-09-19,Stellar Development Foundation,1.0,1.0,3,0,0,0,0
2025-09-20,Blockdaemon Inc.,1.0,1.0,3,0,0,0,0
2025-09-20,Creit Technologies LLP,1.0,1.0,3,0,1,0,0
2025-09-20,Franklin Templeton,1.0,1.0,3,0,0,0,0
2025-09-20,LOBSTR,1.0,0.0,5,1,0,1,0
2025-09-20,Public Node,1.0,1.0,3,0,0,0,0
2025-09-20,SatoshiPay,1.0,1.0,3,0,0,0,0
2025-09-20,Stellar Development Foundation,1.0,1.0,3,0,0,0,0
2025-09-21,Blockdaemon Inc.,1.0,1.0,3,0,0,0,0
2025-09-21,Creit Technologies LLP,1.0,1.0,3,0,1,0,0
2025-09-21,Franklin Templeton,1.0,1.0,3,0,0,0,0
2025-09-21,LOBSTR,1.0,0.0,5,1,0,1,0
2025-09-21,Public Node,1.0,1.0,3,0,0,0,0
2025-09-21,SatoshiPay,1.0,1.0,3,0,0,0,0
2025-09-21,Stellar Development Foundation,1.0,1.0,3,0,0,0,0
2025-09-22,Blockdaemon Inc.,1.0,1.0,3,0,0,0,0
2025-09-22,Creit Technologies LLP,1.0,1.0,3,0,1,0,0
2025-09-22,Franklin Templeton,1.0,1.0,3,0,0,0,0
2025-09-22,LOBSTR,1.0,0.0,5,1,0,1,0
2025-09-22,Public Node,1.0,1.0,3,0,0,0,0
2025-09-22,SatoshiPay,1.0,0.9965,3,0,0,0,0
2025-09-22,Stellar Development Foundation,1.0,1.0,3,0,0,0,0
2025-09-23,Blockdaemon Inc.,1.0,1.0,3,0,0,0,0
2025-09-23,Creit Technologies LLP,1.0,1.0,3,0,0,0,0
2025-09-23,Franklin Templeton,1.0,1.0,3,0,0,0,0
2025-09-23,LOBSTR,1.0,0.0,5,1,0,1,0
2025-09-23,Public Node,1.0,1.0,3,0,0,0,0
2025-09-23,SatoshiPay,1.0,0.9965,3,0,0,0,0
2025-09-23,Stellar Development Foundation,1.0,1.0,3,0,0,0,0
2025-09-24,Blockdaemon Inc.,1.0,1.0,3,0,0,0,0
2025-09-24,Creit Technologies LLP,1.0,1.0,3,0,0,0,0
2025-09-24,Franklin Templeton,1.0,1.0,3,0,0,0,0
2025-09-24,LOBSTR,1.0,0.0,5,1,0,1,0
2025-09-24,Public Node,1.0,1.0,3,0,0,0,0
2025-09-24,SatoshiPay,1.0,0.9931,3,0,0,0,0
2025-09-24,Stellar Development Foundation,1.0,1.0,3,0,0,0,0
2025-09-25,Blockdaemon Inc.,1.0,0.9931,3,0,0,0,0
2025-09-25,Creit Technologies LLP,1.0,1.0,3,0,0,0,0
2025-09-25,Franklin Templeton,1.0,0.9965,3,0,0,0,0
2025-09-25,LOBSTR,1.0,0.0,5,1,0,1,0
2025-09-25,Public Node,1.0,1.0,3,0,0,0,0
2025-09-25,SatoshiPay,1.0,0.9931,3,0,0,0,0
2025-09-25,Stellar Development Foundation,1.0,1.0,3,0,0,0,0
2025-09-26,Blockdaemon Inc.,1.0,1.0,3,0,0,0,0
2025-09-26,Creit Technologies LLP,1.0,1.0,3,0,0,0,0
2025-09-26,Franklin Templeton,1.0,1.0,3,0,0,0,0
2025-09-26,LOBSTR,1.0,0.0,5,1,0,1,0
2025-09-26,Public Node,1.0,1.0,3,0,0,0,0
2025-09-26,SatoshiPay,1.0,0.9826,3,0,0,0,0
2025-09-26,Stellar Development Foundation,1.0,1.0,3,0,0,0,0
2025-09-27,Blockdaemon Inc.,1.0,1.0,3,0,0,0,0
2025-09-27,Creit Technologies LLP,1.0,1.0,3,0,0,0,0
2025-09-27,Franklin Templeton,1.0,1.0,3,0,0,0,0
2025-09-27,LOBSTR,1.0,0.0,5,1,0,1,0
2025-09-27,Public Node,1.0,1.0,3,0,0,0,0
2025-09-27,SatoshiPay,1.0,0.9826,3,0,0,0,0
2025-09-27,Stellar Development Foundation,1.0,1.0,3,0,0,0,0
2025-09-28,Blockdaemon Inc.,1.0,1.0,3,0,0,0,0
2025-09-28,Creit Technologies LLP,1.0,1.0,3,0,0,0,0
2025-09-28,Franklin Templeton,1.0,1.0,3,0,0,0,0
2025-09-28,LOBSTR,1.0,0.0,5,1,0,1,0
2025-09-28,Public Node,1.0,1.0,3,0,0,0,0
2025-09-28,SatoshiPay,1.0,0.9826,3,0,0,0,0
2025-09-28,Stellar Development Foundation,1.0,1.0,3,0,0,0,0
2025-09-29,Blockdaemon Inc.,1.0,1.0,3,0,0,0,0
2025-09-29,Creit Technologies LLP,1.0,1.0,3,0,0,0,0
2025-09-29,Franklin Templeton,1.0,1.0,3,0,0,0,0
2025-09-29,LOBSTR,1.0,0.0,5,1,0,1,0
2025-09-29,Public Node,1.0,1.0,3,0,0,0,0
2025-09-29,SatoshiPay,1.0,0.9792,3,0,0,0,0
2025-09-29,Stellar Development Foundation,1.0,1.0,3,0,0,0,0
2025-09-30,Blockdaemon Inc.,1.0,1.0,3,0,0,0,0
2025-09-30,Creit Technologies LLP,1.0,1.0,3,0,0,0,0
2025-09-30,Franklin Templeton,1.0,1.0,3,0,0,0,0
2025-09-30,LOBSTR,1.0,0.0,5,1,0,1,0
2025-09-30,Public Node,1.0,1.0,3,0,0,0,0
2025-09-30,SatoshiPay,1.0,0.9931,3,0,0,0,0
2025-09-30,Stellar Development Foundation,1.0,1.0,3,0,0,0,0
2025-10-01,Blockdaemon Inc.,1.0,1.0,3,0,0,0,0
2025-10-01,Creit Technologies LLP,1.0,1.0,3,0,0,0,0
2025-10-01,Franklin Templeton,1.0,1.0,3,0,0,0,0
2025-10-01,LOBSTR,1.0,0.0,5,1,0,1,0
2025-10-01,Public Node,1.0,1.0,3,0,0,0,0
2025-10-01,SatoshiPay,1.0,1.0,3,0,0,0,0
2025-10-01,Stellar Development Foundation,1.0,1.0,3,0,0,0,0
2025-10-02,Blockdaemon Inc.,1.0,1.0,3,0,0,0,0
2025-10-02,Creit Technologies LLP,1.0,1.0,3,0,0,0,0
2025-10-02,Franklin Templeton,1.0,1.0,3,0,0,0,0
2025-10-02,LOBSTR,1.0,0.0,5,1,0,1,0
2025-10-02,Public Node,1.0,1.0,3,0,0,0,0
2025-10-02,SatoshiPay,1.0,1.0,3,0,0,0,0
2025-10-02,Stellar Development Foundation,1.0,1.0,3,0,0,0,0
2025-10-03,Blockdaemon Inc.,1.0,1.0,3,0,0,0,0
2025-10-03,Creit Technologies LLP,1.0,1.0,3,0,0,0,0
2025-10-03,Franklin Templeton,1.0,1.0,3,0,0,0,0
2025-10-03,LOBSTR,1.0,0.0,5,1,0,1,0
2025-10-03,Public Node,1.0,1.0,3,0,0,0,0
2025-10-03,SatoshiPay,1.0,0.9931,3,0,0,0,0
2025-10-03,Stellar Development Foundation,1.0,1.0,3,0,0,0,0
2025-10-04,Blockdaemon Inc.,1.0,1.0,3,0,0,0,0
2025-10-04,Creit Technologies LLP,1.0,1.0,3,0,0,0,0
2025-10-04,Franklin Templeton,1.0,1.0,3,0,0,0,0
2025-10-04,LOBSTR,1.0,0.0,5,1,0,1,0
2025-10-04,Public Node,1.0,1.0,3,0,0,0,0
2025-10-04,SatoshiPay,1.0,0.9931,3,0,0,0,0
2025-10-04,Stellar Development Foundation,1.0,1.0,3,0,0,0,0
2025-10-05,Blockdaemon Inc.,1.0,1.0,3,0,0,0,0
2025-10-05,Creit Technologies LLP,1.0,1.0,3,0,0,0,0
2025-10-05,Franklin Templeton,1.0,1.0,3,0,0,0,0
2025-10-05,LOBSTR,1.0,0.0,5,1,0,1,0
2025-10-05,Public Node,1.0,1.0,3,0,0,0,0
2025-10-05,SatoshiPay,1.0,0.9965,3,0,0,0,0
2025-10-05,Stellar Development Foundation,1.0,1.0,3,0,0,0,0
2025-10-06,Blockdaemon Inc.,1.0,1.0,3,0,0,0,0
2025-10-06,Creit Technologies LLP,1.0,1.0,3,0,0,0,0
2025-10-06,Franklin Templeton,1.0,1.0,3,0,0,0,0
2025-10-06,LOBSTR,1.0,0.0,5,1,0,1,0
2025-10-06,Public Node,1.0,1.0,3,0,0,0,0
2025-10-06,SatoshiPay,1.0,0.9965,3,0,0,0,0
2025-10-06,Stellar Development Foundation,1.0,1.0,3,0,0,0,0
2025-10-07,Blockdaemon Inc.,1.0,1.0,3,0,0,0,0
2025-10-07,Creit Technologies LLP,1.0,1.0,3,0,0,0,0
2025-10-07,Franklin Templeton,1.0,1.0,3,0,0,0,0
2025-10-07,LOBSTR,1.0,0.0,5,1,0,1,0
2025-10-07,Public Node,1.0,1.0,3,0,0,0,0
2025-10-07,SatoshiPay,1.0,0.9826,3,0,0,0,0
2025-10-07,Stellar Development Foundation,1.0,1.0,3,0,0,0,0
2025-10-08,Blockdaemon Inc.,1.0,1.0,3,0,0,0,0
2025-10-08,Creit Technologies LLP,1.0,1.0,3,0,0,0,0
2025-10-08,Franklin Templeton,1.0,1.0,3,0,0,0,0
2025-10-08,LOBSTR,1.0,0.0,5,1,0,1,0
2025-10-08,Public Node,1.0,1.0,3,0,0,0,0
2025-10-08,SatoshiPay,1.0,0.9965,3,0,0,0,0
2025-10-08,Stellar Development Foundation,1.0,1.0,3,0,0,0,0
2025-10-09,Blockdaemon Inc.,1.0,1.0,3,0,0,0,0
2025-10-09,Creit Technologies LLP,1.0,1.0,3,0,0,0,0
2025-10-09,Franklin Templeton,1.0,1.0,3,0,0,0,0
2025-10-09,LOBSTR,1.0,0.0,5,1,0,1,0
2025-10-09,Public Node,1.0,1.0,3,0,0,0,0
2025-10-09,SatoshiPay,1.0,1.0,3,0,0,0,0
2025-10-09,Stellar Development Foundation,1.0,1.0,3,0,0,0,0
2025-10-10,Blockdaemon Inc.,0.9965,0.9931,3,0,0,0,0
2025-10-10,Creit Technologies LLP,1.0,0.9965,3,0,0,0,0
2025-10-10,Franklin Templeton,1.0,0.9965,3,0,0,0,0
2025-10-10,LOBSTR,1.0,0.0,5,1,0,1,0
2025-10-10,Public Node,1.0,0.9965,3,0,0,0,0
2025-10-10,SatoshiPay,1.0,0.9479,3,0,0,0,0
2025-10-10,Stellar Development Foundation,1.0,1.0,3,0,0,0,0
2025-10-11,Blockdaemon Inc.,1.0,1.0,3,0,0,0,0
2025-10-11,Creit Technologies LLP,1.0,1.0,3,0,0,0,0
2025-10-11,Franklin Templeton,1.0,1.0,3,0,0,0,0
2025-10-11,LOBSTR,1.0,0.0,5,1,0,1,0
2025-10-11,Public Node,1.0,1.0,3,0,0,0,0
2025-10-11,SatoshiPay,1.0,1.0,3,0,0,0,0
2025-10-11,Stellar Development Foundation,1.0,1.0,3,0,0,0,0
2025-10-12,Blockdaemon Inc.,1.0,1.0,3,0,0,0,0
2025-10-12,Creit Technologies LLP,1.0,1.0,3,0,0,0,0
2025-10-12,Franklin Templeton,1.0,1.0,3,0,0,0,0
2025-10-12,LOBSTR,1.0,0.0,5,1,0,1,0
2025-10-12,Public Node,1.0,1.0,3,0,0,0,0
2025-10-12,SatoshiPay,1.0,0.9965,3,0,0,0,0
2025-10-12,Stellar Development Foundation,1.0,1.0,3,0,0,0,0
2025-10-13,Blockdaemon Inc.,1.0,1.0,3,0,0,0,0
2025-10-13,Creit Technologies LLP,1.0,1.0,3,0,0,0,0
2025-10-13,Franklin Templeton,1.0,1.0,3,0,0,0,0
2025-10-13,LOBSTR,1.0,0.0,5,1,0,1,0
2025-10-13,Public Node,1.0,1.0,3,0,0,0,0
2025-10-13,SatoshiPay,1.0,0.9931,3,0,0,0,0
2025-10-13,Stellar Development Foundation,1.0,1.0,3,0,0,0,0
2025-10-14,Blockdaemon Inc.,1.0,1.0,3,0,0,0,0
2025-10-14,Creit Technologies LLP,1.0,1.0,3,0,0,0,0
2025-10-14,Franklin Templeton,1.0,1.0,3,0,0,0,0
2025-10-14,LOBSTR,1.0,0.0,5,1,0,1,0
2025-10-14,Public Node,1.0,1.0,3,0,0,0,0
2025-10-14,SatoshiPay,1.0,0.9965,3,0,0,0,0
2025-10-14,Stellar Development Foundation,1.0,1.0,3,0,0,0,0
2025-10-15,Blockdaemon Inc.,1.0,1.0,3,0,0,0,0
2025-10-15,Creit Technologies LLP,1.0,1.0,3,0,0,0,0
2025-10-15,Franklin Templeton,1.0,1.0,3,0,0,0,0
2025-10-15,LOBSTR,1.0,0.0,5,1,0,1,0
2025-10-15,Public Node,1.0,1.0,3,0,0,0,0
2025-10-15,SatoshiPay,1.0,0.9965,3,0,0,0,0
2025-10-15,Stellar Development Foundation,1.0,1.0,3,0,0,0,0
2025-10-16,Blockdaemon Inc.,1.0,1.0,3,0,0,0,0
2025-10-16,Creit Technologies LLP,1.0,1.0,3,0,0,0,0
2025-10-16,Franklin Templeton,1.0,1.0,3,0,0,0,0
2025-10-16,LOBSTR,1.0,0.0,5,1,0,1,0
2025-10-16,Public Node,1.0,1.0,3,0,0,0,0
2025-10-16,SatoshiPay,1.0,0.9688,3,0,0,0,0
2025-10-16,Stellar Development Foundation,1.0,1.0,3,0,0,0,0
2025-10-17,Blockdaemon Inc.,1.0,1.0,3,0,0,0,0
2025-10-17,Creit Technologies LLP,1.0,1.0,3,0,0,0,0
2025-10-17,Franklin Templeton,1.0,1.0,3,0,0,0,0
2025-10-17,LOBSTR,1.0,0.0,5,1,0,1,0
2025-10-17,Public Node,1.0,1.0,3,0,0,0,0
2025-10-17,SatoshiPay,1.0,0.9826,3,0,0,0,0
2025-10-17,Stellar Development Foundation,1.0,1.0,3,0,0,0,0
2025-10-18,Blockdaemon Inc.,1.0,1.0,3,0,0,0,0
2025-10-18,Creit Technologies LLP,1.0,1.0,3,0,0,0,0
2025-10-18,Franklin Templeton,1.0,1.0,3,0,0,0,0
2025-10-18,LOBSTR,1.0,0.0,5,1,0,1,0
2025-10-18,Public Node,1.0,1.0,3,0,0,0,0
2025-10-18,SatoshiPay,1.0,0.9931,3,0,0,0,0
2025-10-18,Stellar Development Foundation,1.0,1.0,3,0,0,0,0
2025-10-19,Blockdaemon Inc.,1.0,1.0,3,0,0,0,0
2025-10-19,Creit Technologies LLP,1.0,1.0,3,0,0,0,0
2025-10-19,Franklin Templeton,1.0,1.0,3,0,0,0,0
2025-10-19,LOBSTR,1.0,0.0,5,1,0,1,0
2025-10-19,Public Node,1.0,1.0,3,0,0,0,0
2025-10-19,SatoshiPay,1.0,0.9931,3,0,0,0,0
2025-10-19,Stellar Development Foundation,1.0,1.0,3,0,0,0,0
2025-10-20,Blockdaemon Inc.,1.0,1.0,3,0,0,0,0
2025-10-20,Creit Technologies LLP,1.0,0.9965,3,0,0,0,0
2025-10-20,Franklin Templeton,1.0,1.0,3,0,0,0,0
2025-10-20,LOBSTR,1.0,0.0,5,1,0,1,0
2025-10-20,Public Node,1.0,1.0,3,0,0,0,0
2025-10-20,SatoshiPay,1.0,0.9965,3,0,0,0,0
2025-10-20,Stellar Development Foundation,1.0,1.0,3,0,0,0,0
2025-10-21,Blockdaemon Inc.,1.0,0.9965,3,0,0,0,0
2025-10-21,Creit Technologies LLP,1.0,0.9931,3,0,0,0,0
2025-10-21,Franklin Templeton,1.0,1.0,3,0,0,0,0
2025-10-21,LOBSTR,1.0,0.0,5,1,0,1,0
2025-10-21,Public Node,1.0,0.9931,3,0,0,0,0
2025-10-21,SatoshiPay,1.0,0.9861,3,0,0,0,0
2025-10-21,Stellar Development Foundation,1.0,1.0,3,0,0,0,0
2025-10-22,Blockdaemon Inc.,1.0,1.0,3,0,0,0,0
2025-10-22,Creit Technologies LLP,1.0,0.9722,3,0,0,0,0
2025-10-22,Franklin Templeton,1.0,0.9965,3,0,0,0,0
2025-10-22,LOBSTR,1.0,0.0,5,1,0,1,0
2025-10-22,Public Node,1.0,1.0,3,0,0,0,0
2025-10-22,SatoshiPay,1.0,0.9722,3,0,0,0,0
2025-10-22,Stellar Development Foundation,1.0,1.0,3,0,0,0,0
2025-10-23,Blockdaemon Inc.,1.0,1.0,3,0,0,0,0
2025-10-23,Creit Technologies LLP,1.0,0.9722,3,0,0,0,0
2025-10-23,Franklin Templeton,1.0,1.0,3,0,0,0,0
2025-10-23,LOBSTR,1.0,0.0,5,1,0,1,0
2025-10-23,Public Node,1.0,0.9792,3,0,0,0,0
2025-10-23,SatoshiPay,1.0,0.9896,3,0,0,0,0
2025-10-23,Stellar Development Foundation,1.0,1.0,3,0,0,0,0
2025-10-24,Blockdaemon Inc.,1.0,1.0,3,0,0,0,0
2025-10-24,Creit Technologies LLP,1.0,0.9896,3,0,0,0,0
2025-10-24,Franklin Templeton,1.0,1.0,3,0,0,0,0
2025-10-24,LOBSTR,1.0,0.0,5,1,0,1,0
2025-10-24,Public Node,1.0,0.9965,3,0,0,0,0
2025-10-24,SatoshiPay,1.0,0.9861,3,0,0,0,0
2025-10-24,Stellar Development Foundation,1.0,1.0,3,0,0,0,0
2025-10-25,Blockdaemon Inc.,1.0,1.0,3,0,0,0,0
2025-10-25,Creit Technologies LLP,1.0,1.0,3,0,0,0,0
2025-10-25,Franklin Templeton,1.0,1.0,3,0,0,0,0
2025-10-25,LOBSTR,1.0,0.0,5,1,0,1,0
2025-10-25,Public Node,1.0,1.0,3,0,0,0,0
2025-10-25,SatoshiPay,1.0,0.9896,3,0,0,0,0
2025-10-25,Stellar Development Foundation,1.0,1.0,3,0,0,0,0
2025-10-26,Blockdaemon Inc.,1.0,1.0,3,0,0,0,0
2025-10-26,Creit Technologies LLP,1.0,1.0,3,0,0,0,0
2025-10-26,Franklin Templeton,1.0,1.0,3,0,0,0,0
2025-10-26,LOBSTR,1.0,0.0,5,1,0,1,0
2025-10-26,Public Node,1.0,1.0,3,0,0,0,0
2025-10-26,SatoshiPay,1.0,0.9931,3,0,0,0,0
2025-10-26,Stellar Development Foundation,1.0,1.0,3,0,0,0,0
2025-10-27,Blockdaemon Inc.,1.0,1.0,3,0,0,0,0
2025-10-27,Creit Technologies LLP,1.0,1.0,3,0,0,0,0
2025-10-27,Franklin Templeton,1.0,1.0,3,0,0,0,0
2025-10-27,LOBSTR,1.0,0.0,5,1,0,1,0
2025-10-27,Public Node,1.0,1.0,3,0,0,0,0
2025-10-27,SatoshiPay,1.0,0.9861,3,0,0,0,0
2025-10-27,Stellar Development Foundation,1.0,1.0,3,0,0,0,0
2025-10-28,Blockdaemon Inc.,1.0,1.0,3,0,0,0,0
2025-10-28,Creit Technologies LLP,1.0,1.0,3,0,0,0,0
2025-10-28,Franklin Templeton,1.0,1.0,3,0,0,0,0
2025-10-28,LOBSTR,1.0,0.0,5,1,0,1,0
2025-10-28,Public Node,1.0,1.0,3,0,0,0,0
2025-10-28,SatoshiPay,1.0,0.9965,3,0,0,0,0
2025-10-28,Stellar Development Foundation,1.0,1.0,3,0,0,0,0
2025-10-29,Blockdaemon Inc.,1.0,1.0,3,0,0,0,0
2025-10-29,Creit Technologies LLP,1.0,1.0,3,0,0,0,0
2025-10-29,Franklin Templeton,1.0,1.0,3,0,0,0,0
2025-10-29,LOBSTR,1.0,0.0,5,1,0,1,0
2025-10-29,Public Node,1.0,1.0,3,0,0,0,0
2025-10-29,SatoshiPay,1.0,0.9965,3,0,0,0,0
2025-10-29,Stellar Development Foundation,1.0,1.0,3,0,0,0,0
2025-10-30,Blockdaemon Inc.,1.0,1.0,3,0,0,0,0
2025-10-30,Creit Technologies LLP,1.0,1.0,3,0,0,0,0
2025-10-30,Franklin Templeton,1.0,1.0,3,0,0,0,0
2025-10-30,LOBSTR,1.0,0.0,5,1,0,1,0
2025-10-30,Public Node,1.0,1.0,3,0,0,0,0
2025-10-30,SatoshiPay,1.0,0.9931,3,0,0,0,0
2025-10-30,Stellar Development Foundation,1.0,1.0,3,0,0,0,0
2025-10-31,Blockdaemon Inc.,1.0,1.0,3,0,0,0,0
2025-10-31,Creit Technologies LLP,1.0,1.0,3,0,0,0,0
2025-10-31,Franklin Templeton,1.0,1.0,3,0,0,0,0
2025-10-31,LOBSTR,1.0,0.0,5,1,0,1,0
2025-10-31,Public Node,1.0,1.0,3,0,0,0,0
2025-10-31,SatoshiPay,1.0,0.9965,3,0,0,0,0
2025-10-31,Stellar Development Foundation,1.0,1.0,3,0,0,0,0
2025-11-01,Blockdaemon Inc.,1.0,1.0,3,0,0,0,0
2025-11-01,Creit Technologies LLP,1.0,1.0,3,0,0,0,0
2025-11-01,Franklin Templeton,1.0,1.0,3,0,0,0,0
2025-11-01,LOBSTR,1.0,0.0,5,1,0,1,0
2025-11-01,Public Node,1.0,1.0,3,0,0,0,0
2025-11-01,SatoshiPay,1.0,1.0,3,0,0,0,0
2025-11-01,Stellar Development Foundation,1.0,1.0,3,0,0,0,0
2025-11-02,Blockdaemon Inc.,1.0,1.0,3,0,0,0,0
2025-11-02,Creit Technologies LLP,1.0,1.0,3,0,0,0,0
2025-11-02,Franklin Templeton,1.0,1.0,3,0,0,0,0
2025-11-02,LOBSTR,1.0,0.0,5,1,0,1,0
2025-11-02,Public Node,1.0,1.0,3,0,0,0,0
2025-11-02,SatoshiPay,1.0,0.9965,3,0,0,0,0
2025-11-02,Stellar Development Foundation,1.0,1.0,3,0,0,0,0
2025-11-03,Blockdaemon Inc.,1.0,1.0,3,0,0,0,0
2025-11-03,Creit Technologies LLP,1.0,1.0,3,0,0,0,0
2025-11-03,Franklin Templeton,1.0,1.0,3,0,0,0,0
2025-11-03,LOBSTR,1.0,0.0,5,1,0,1,0
2025-11-03,Public Node,1.0,1.0,3,0,0,0,0
2025-11-03,SatoshiPay,1.0,0.9896,3,0,0,0,0
2025-11-03,Stellar Development Foundation,1.0,1.0,3,0,0,0,0
2025-11-04,Blockdaemon Inc.,1.0,1.0,3,0,0,0,0
2025-11-04,Creit Technologies LLP,1.0,1.0,3,0,0,0,0
2025-11-04,Franklin Templeton,1.0,0.9965,3,0,0,0,0
2025-11-04,LOBSTR,1.0,0.0,5,1,0,1,0
2025-11-04,Public Node,1.0,1.0,3,0,0,0,0
2025-11-04,SatoshiPay,1.0,0.9826,3,0,0,0,0
2025-11-04,Stellar Development Foundation,1.0,1.0,3,0,0,0,0
2025-11-05,Blockdaemon Inc.,1.0,1.0,3,0,0,0,0
2025-11-05,Creit Technologies LLP,1.0,1.0,3,0,0,0,0
2025-11-05,Franklin Templeton,1.0,1.0,3,0,0,0,0
2025-11-05,LOBSTR,1.0,0.0,5,1,0,1,0
2025-11-05,Public Node,1.0,1.0,3,0,0,0,0
2025-11-05,SatoshiPay,1.0,0.9931,3,0,0,0,0
2025-11-05,Stellar Development Foundation,1.0,1.0,3,0,0,0,0
2025-11-06,Blockdaemon Inc.,1.0,1.0,3,0,0,0,0
2025-11-06,Creit Technologies LLP,1.0,1.0,3,0,0,0,0
2025-11-06,Franklin Templeton,1.0,0.993,3,0,0,0,0
2025-11-06,LOBSTR,1.0,0.0,5,1,0,1,0
2025-11-06,Public Node,1.0,1.0,3,0,0,0,0
2025-11-06,SatoshiPay,1.0,0.9861,3,0,0,0,0
2025-11-06,Stellar Development Foundation,1.0,1.0,3,0,0,0,0
2025-11-07,Blockdaemon Inc.,1.0,1.0,3,0,0,0,0
2025-11-07,Creit Technologies LLP,1.0,1.0,3,0,0,0,0
2025-11-07,Franklin Templeton,0.9896,0.9757,3,1,0,0,0
2025-11-07,LOBSTR,1.0,0.0,5,1,0,1,0
2025-11-07,Public Node,1.0,0.9931,3,0,0,0,0
2025-11-07,SatoshiPay,1.0,0.9861,3,0,0,0,0
2025-11-07,Stellar Development Foundation,1.0,1.0,3,0,0,0,0
2025-11-08,Blockdaemon Inc.,1.0,1.0,3,0,0,0,0
2025-11-08,Creit Technologies LLP,1.0,1.0,3,0,0,0,0
2025-11-08,Franklin Templeton,1.0,1.0,3,0,0,0,0
2025-11-08,LOBSTR,1.0,0.0,5,1,0,1,0
2025-11-08,Public Node,1.0,1.0,3,0,0,0,0
2025-11-08,SatoshiPay,1.0,0.9688,3,0,0,0,0
2025-11-08,Stellar Development Foundation,1.0,1.0,3,0,0,0,0
2025-11-09,Blockdaemon Inc.,1.0,1.0,3,0,0,0,0
2025-11-09,Creit Technologies LLP,1.0,0.9965,3,0,0,0,0
2025-11-09,Franklin Templeton,1.0,1.0,3,0,0,0,0
2025-11-09,LOBSTR,1.0,0.0,5,1,0,1,0
2025-11-09,Public Node,1.0,1.0,3,0,0,0,0
2025-11-09,SatoshiPay,1.0,0.9931,3,0,0,0,0
2025-11-09,Stellar Development Foundation,1.0,1.0,3,0,0,0,0
2025-11-10,Blockdaemon Inc.,1.0,1.0,3,0,0,0,0
2025-11-10,Creit Technologies LLP,1.0,1.0,3,0,0,0,0
2025-11-10,Franklin Templeton,1.0,1.0,3,0,0,0,0
2025-11-10,LOBSTR,1.0,0.0,5,1,0,1,0
2025-11-10,Public Node,1.0,1.0,3,0,0,0,0
2025-11-10,SatoshiPay,1.0,0.9965,3,0,0,0,0
2025-11-10,Stellar Development Foundation,1.0,1.0,3,0,0,0,0
2025-11-11,Blockdaemon Inc.,1.0,1.0,3,0,0,0,0
2025-11-11,Creit Technologies LLP,1.0,1.0,3,0,0,0,0
2025-11-11,Franklin Templeton,1.0,1.0,3,0,0,0,0
2025-11-11,LOBSTR,1.0,0.0,5,1,0,1,0
2025-11-11,Public Node,1.0,1.0,3,0,0,0,0
2025-11-11,SatoshiPay,1.0,0.9965,3,0,0,0,0
2025-11-11,Stellar Development Foundation,1.0,1.0,3,0,0,0,0
2025-11-12,Blockdaemon Inc.,1.0,1.0,3,0,0,0,0
2025-11-12,Creit Technologies LLP,1.0,1.0,3,0,0,0,0
2025-11-12,Franklin Templeton,1.0,1.0,3,0,0,0,0
2025-11-12,LOBSTR,1.0,0.0,5,1,0,1,0
2025-11-12,Public Node,1.0,1.0,3,0,0,0,0
2025-11-12,SatoshiPay,1.0,0.9931,3,0,0,0,0
2025-11-12,Stellar Development Foundation,1.0,1.0,3,0,0,0,0
2025-11-13,Blockdaemon Inc.,1.0,1.0,3,0,0,0,0
2025-11-13,Creit Technologies LLP,1.0,1.0,3,0,0,0,0
2025-11-13,Franklin Templeton,1.0,1.0,3,0,0,0,0
2025-11-13,LOBSTR,1.0,0.0,5,1,0,1,0
2025-11-13,Public Node,1.0,1.0,3,0,0,0,0
2025-11-13,SatoshiPay,1.0,0.9896,3,0,0,0,0
2025-11-13,Stellar Development Foundation,1.0,1.0,3,0,0,0,0
2025-11-14,Blockdaemon Inc.,1.0,1.0,3,0,0,0,0
2025-11-14,Creit Technologies LLP,1.0,1.0,3,0,0,0,0
2025-11-14,Franklin Templeton,1.0,1.0,3,0,0,0,0
2025-11-14,LOBSTR,1.0,0.0,5,1,0,1,0
2025-11-14,Public Node,1.0,1.0,3,0,0,0,0
2025-11-14,SatoshiPay,1.0,0.9618,3,0,0,0,0
2025-11-14,Stellar Development Foundation,1.0,1.0,3,0,0,0,0
2025-11-15,Blockdaemon Inc.,1.0,1.0,3,0,0,0,0
2025-11-15,Creit Technologies LLP,1.0,1.0,3,0,0,0,0
2025-11-15,Franklin Templeton,1.0,1.0,3,0,0,0,0
2025-11-15,LOBSTR,1.0,0.0,5,1,0,1,0
2025-11-15,Public Node,1.0,1.0,3,0,0,0,0
2025-11-15,SatoshiPay,1.0,0.9895,3,0,0,0,0
2025-11-15,Stellar Development Foundation,1.0,1.0,3,0,0,0,0
2025-11-16,Blockdaemon Inc.,1.0,1.0,3,0,0,0,0
2025-11-16,Creit Technologies LLP,1.0,1.0,3,0,0,0,0
2025-11-16,Franklin Templeton,1.0,1.0,3,0,0,0,0
2025-11-16,LOBSTR,1.0,0.0,5,1,0,1,0
2025-11-16,Public Node,1.0,1.0,3,0,0,0,0
2025-11-16,SatoshiPay,1.0,1.0,3,0,0,0,0
2025-11-16,Stellar Development Foundation,1.0,1.0,3,0,0,0,0
2025-11-17,Blockdaemon Inc.,1.0,0.9931,3,0,0,0,0
2025-11-17,Creit Technologies LLP,1.0,1.0,3,0,0,0,0
2025-11-17,Franklin Templeton,1.0,1.0,3,0,0,0,0
2025-11-17,LOBSTR,1.0,0.0,5,1,0,1,0
2025-11-17,Public Node,1.0,1.0,3,0,0,0,0
2025-11-17,SatoshiPay,1.0,0.9861,3,0,0,0,0
2025-11-17,Stellar Development Foundation,1.0,0.9965,3,0,0,0,0
2025-11-18,Blockdaemon Inc.,1.0,1.0,3,0,0,0,0
2025-11-18,Creit Technologies LLP,1.0,1.0,3,0,0,0,0
2025-11-18,Franklin Templeton,1.0,1.0,3,0,0,0,0
2025-11-18,LOBSTR,1.0,0.0,5,1,0,1,0
2025-11-18,Public Node,1.0,1.0,3,0,0,0,0
2025-11-18,SatoshiPay,1.0,1.0,3,0,0,0,0
2025-11-18,Stellar Development Foundation,1.0,1.0,3,0,0,0,0
2025-11-19,Blockdaemon Inc.,1.0,1.0,3,0,0,0,0
2025-11-19,Creit Technologies LLP,1.0,1.0,3,0,0,0,0
2025-11-19,Franklin Templeton,1.0,1.0,3,0,0,0,0
2025-11-19,LOBSTR,1.0,0.0,5,1,0,1,0
2025-11-19,Public Node,1.0,0.9965,3,0,0,0,0
2025-11-19,SatoshiPay,1.0,1.0,3,0,0,0,0
2025-11-19,Stellar Development Foundation,1.0,1.0,3,0,0,0,0
2025-11-20,Blockdaemon Inc.,1.0,1.0,3,0,0,0,0
2025-11-20,Creit Technologies LLP,1.0,1.0,3,0,0,0,0
2025-11-20,Franklin Templeton,1.0,1.0,3,0,0,0,0
2025-11-20,LOBSTR,1.0,0.0,5,1,0,1,0
2025-11-20,Public Node,1.0,1.0,3,0,0,0,0
2025-11-20,SatoshiPay,1.0,0.9965,3,0,0,0,0
2025-11-20,Stellar Development Foundation,1.0,1.0,3,0,0,0,0
2025-11-21,Blockdaemon Inc.,1.0,1.0,3,0,0,0,0
2025-11-21,Creit Technologies LLP,1.0,1.0,3,0,0,0,0
2025-11-21,Franklin Templeton,1.0,1.0,3,0,0,0,0
2025-11-21,LOBSTR,1.0,0.0,5,1,0,1,0
2025-11-21,Public Node,1.0,1.0,3,0,0,0,0
2025-11-21,SatoshiPay,1.0,1.0,3,0,0,0,0
2025-11-21,Stellar Development Foundation,1.0,1.0,3,0,0,0,0
2025-11-22,Blockdaemon Inc.,1.0,1.0,3,0,0,0,0
2025-11-22,Creit Technologies LLP,1.0,1.0,3,0,0,0,0
2025-11-22,Franklin Templeton,1.0,1.0,3,0,0,0,0
2025-11-22,LOBSTR,1.0,0.0,5,1,0,1,0
2025-11-22,Public Node,1.0,1.0,3,0,0,0,0
2025-11-22,SatoshiPay,1.0,0.9792,3,0,0,0,0
2025-11-22,Stellar Development Foundation,1.0,1.0,3,0,0,0,0
2025-11-23,Blockdaemon Inc.,1.0,1.0,3,0,0,0,0
2025-11-23,Creit Technologies LLP,1.0,1.0,3,0,0,0,0
2025-11-23,Franklin Templeton,1.0,1.0,3,0,0,0,0
2025-11-23,LOBSTR,1.0,0.0,5,1,0,1,0
2025-11-23,Public Node,1.0,1.0,3,0,0,0,0
2025-11-23,SatoshiPay,1.0,0.9965,3,0,0,0,0
2025-11-23,Stellar Development Foundation,1.0,1.0,3,0,0,0,0
2025-11-24,Blockdaemon Inc.,1.0,1.0,3,0,0,0,0
2025-11-24,Creit Technologies LLP,1.0,1.0,3,0,0,0,0
2025-11-24,Franklin Templeton,1.0,1.0,3,0,0,0,0
2025-11-24,LOBSTR,1.0,0.0,5,1,0,1,0
2025-11-24,Public Node,1.0,1.0,3,0,0,0,0
2025-11-24,SatoshiPay,1.0,0.9965,3,0,0,0,0
2025-11-24,Stellar Development Foundation,1.0,1.0,3,0,0,0,0
2025-11-25,Blockdaemon Inc.,1.0,1.0,3,0,0,0,0
2025-11-25,Creit Technologies LLP,1.0,1.0,3,0,0,0,0
2025-11-25,Franklin Templeton,1.0,1.0,3,0,0,0,0
2025-11-25,LOBSTR,1.0,0.0,5,1,0,1,0
2025-11-25,Public Node,1.0,1.0,3,0,0,0,0
2025-11-25,SatoshiPay,1.0,0.9965,3,0,0,0,0
2025-11-25,Stellar Development Foundation,1.0,1.0,3,0,0,0,0
2025-11-26,Blockdaemon Inc.,1.0,1.0,3,0,0,0,0
2025-11-26,Creit Technologies LLP,1.0,1.0,3,0,0,0,0
2025-11-26,Franklin Templeton,1.0,1.0,3,0,0,0,0
2025-11-26,LOBSTR,1.0,0.0,5,1,0,1,0
2025-11-26,Public Node,1.0,1.0,3,0,0,0,0
2025-11-26,SatoshiPay,1.0,0.9201,3,0,0,0,0
2025-11-26,Stellar Development Foundation,1.0,1.0,3,0,0,0,0
2025-11-27,Blockdaemon Inc.,1.0,1.0,3,0,0,0,0
2025-11-27,Creit Technologies LLP,1.0,1.0,3,0,0,0,0
2025-11-27,Franklin Templeton,1.0,1.0,3,0,0,0,0
2025-11-27,LOBSTR,1.0,0.0,5,1,0,1,0
2025-11-27,Public Node,1.0,1.0,3,0,0,0,0
2025-11-27,SatoshiPay,1.0,0.9826,3,0,0,0,0
2025-11-27,Stellar Development Foundation,1.0,1.0,3,0,0,0,0
2025-11-28,Blockdaemon Inc.,1.0,1.0,3,0,0,0,0
2025-11-28,Creit Technologies LLP,1.0,1.0,3,0,0,0,0
2025-11-28,Franklin Templeton,1.0,1.0,3,0,0,0,0
2025-11-28,LOBSTR,1.0,0.0,5,1,0,1,0
2025-11-28,Public Node,1.0,1.0,3,0,0,0,0
2025-11-28,SatoshiPay,1.0,0.9931,3,0,0,0,0
2025-11-28,Stellar Development Foundation,1.0,1.0,3,0,0,0,0
2025-11-29,Blockdaemon Inc.,1.0,1.0,3,0,0,0,0
2025-11-29,Creit Technologies LLP,1.0,1.0,3,0,0,0,0
2025-11-29,Franklin Templeton,1.0,1.0,3,0,0,0,0
2025-11-29,LOBSTR,1.0,0.0,5,1,0,1,0
2025-11-29,Public Node,1.0,1.0,3,0,0,0,0
2025-11-29,SatoshiPay,1.0,0.9896,3,0,0,0,0
2025-11-29,Stellar Development Foundation,1.0,1.0,3,0,0,0,0
2025-11-30,Blockdaemon Inc.,1.0,1.0,3,0,0,0,0
2025-11-30,Creit Technologies LLP,1.0,1.0,3,0,0,0,0
2025-11-30,Franklin Templeton,1.0,1.0,3,0,0,0,0
2025-11-30,LOBSTR,1.0,0.0,5,1,0,1,0
2025-11-30,Public Node,1.0,1.0,3,0,0,0,0
2025-11-30,SatoshiPay,1.0,0.9896,3,0,0,0,0
2025-11-30,Stellar Development Foundation,1.0,1.0,3,0,0,0,0
2025-12-01,Blockdaemon Inc.,1.0,1.0,3,0,0,0,0
2025-12-01,Creit Technologies LLP,1.0,1.0,3,0,0,0,0
2025-12-01,Franklin Templeton,1.0,1.0,3,0,0,0,0
2025-12-01,LOBSTR,1.0,0.0,5,1,0,1,0
2025-12-01,Public Node,1.0,1.0,3,0,0,0,0
2025-12-01,SatoshiPay,1.0,0.9861,3,0,0,0,0
2025-12-01,Stellar Development Foundation,1.0,1.0,3,0,0,0,0
2025-12-02,Blockdaemon Inc.,1.0,1.0,3,0,0,0,0
2025-12-02,Creit Technologies LLP,1.0,1.0,3,0,0,0,0
2025-12-02,Franklin Templeton,1.0,1.0,3,0,0,0,0
2025-12-02,LOBSTR,1.0,0.0,5,1,0,1,0
2025-12-02,Public Node,1.0,1.0,3,0,0,0,0
2025-12-02,SatoshiPay,1.0,0.9965,3,0,0,0,0
2025-12-02,Stellar Development Foundation,1.0,0.9965,3,0,0,0,0
2025-12-03,Blockdaemon Inc.,1.0,1.0,3,0,0,0,0
2025-12-03,Creit Technologies LLP,1.0,1.0,3,0,0,0,0
2025-12-03,Franklin Templeton,1.0,1.0,3,0,0,0,0
2025-12-03,LOBSTR,1.0,0.0,5,1,0,1,0
2025-12-03,Public Node,1.0,1.0,3,0,0,0,0
2025-12-03,SatoshiPay,1.0,1.0,3,0,0,0,0
2025-12-03,Stellar Development Foundation,1.0,1.0,3,0,0,0,0
2025-12-04,Blockdaemon Inc.,1.0,1.0,3,0,0,0,0
2025-12-04,Creit Technologies LLP,1.0,1.0,3,0,0,0,0
2025-12-04,Franklin Templeton,1.0,1.0,3,0,0,0,0
2025-12-04,LOBSTR,1.0,0.0,5,1,0,1,0
2025-12-04,Public Node,1.0,1.0,3,0,0,0,0
2025-12-04,SatoshiPay,1.0,0.9931,3,0,0,0,0
2025-12-04,Stellar Development Foundation,1.0,1.0,3,0,0,0,0
2025-12-05,Blockdaemon Inc.,1.0,1.0,3,0,0,0,0
2025-12-05,Creit Technologies LLP,1.0,1.0,3,0,0,0,0
2025-12-05,Franklin Templeton,1.0,1.0,3,0,0,0,0
2025-12-05,LOBSTR,1.0,0.0,5,1,0,1,0
2025-12-05,Public Node,1.0,1.0,3,0,0,0,0
2025-12-05,SatoshiPay,0.9861,0.2083,3,1,0,0,0
2025-12-05,Stellar Development Foundation,1.0,0.9965,3,0,0,0,0
2025-12-06,Blockdaemon Inc.,1.0,1.0,3,0,0,0,0
2025-12-06,Creit Technologies LLP,1.0,1.0,3,0,0,0,0
2025-12-06,Franklin Templeton,1.0,1.0,3,0,0,0,0
2025-12-06,LOBSTR,1.0,0.0,5,1,0,1,0
2025-12-06,Public Node,1.0,1.0,3,0,0,0,0
2025-12-06,SatoshiPay,1.0,0.0,3,1,0,1,0
2025-12-06,Stellar Development Foundation,1.0,1.0,3,0,0,0,0
2025-12-07,Blockdaemon Inc.,1.0,1.0,3,0,0,0,0
2025-12-07,Creit Technologies LLP,1.0,1.0,3,0,0,0,0
2025-12-07,Franklin Templeton,1.0,1.0,3,0,0,0,0
2025-12-07,LOBSTR,1.0,0.0,5,1,0,1,0
2025-12-07,Public Node,1.0,1.0,3,0,0,0,0
2025-12-07,SatoshiPay,0.9965,0.0,3,1,0,1,0
2025-12-07,Stellar Development Foundation,1.0,1.0,3,0,0,0,0
2025-12-08,Blockdaemon Inc.,1.0,1.0,3,0,0,0,0
2025-12-08,Creit Technologies LLP,1.0,1.0,3,0,0,0,0
2025-12-08,Franklin Templeton,1.0,1.0,3,0,0,0,0
2025-12-08,LOBSTR,1.0,0.0,5,1,0,1,0
2025-12-08,Public Node,1.0,1.0,3,0,0,0,0
2025-12-08,SatoshiPay,0.993,0.0,3,1,0,1,0
2025-12-08,Stellar Development Foundation,1.0,1.0,3,0,0,0,0
2025-12-09,Blockdaemon Inc.,1.0,1.0,3,0,0,0,0
2025-12-09,Creit Technologies LLP,1.0,1.0,3,0,0,0,0
2025-12-09,Franklin Templeton,1.0,1.0,3,0,0,0,0
2025-12-09,LOBSTR,1.0,0.0,5,1,0,1,0
2025-12-09,Public Node,1.0,1.0,3,0,0,0,0
2025-12-09,SatoshiPay,0.9965,0.0,3,1,0,1,0
2025-12-09,Stellar Development Foundation,1.0,1.0,3,0,0,0,0
2025-12-10,Blockdaemon Inc.,1.0,1.0,3,0,0,0,0
2025-12-10,Creit Technologies LLP,1.0,1.0,3,0,0,0,0
2025-12-10,Franklin Templeton,1.0,1.0,3,0,0,0,0
2025-12-10,LOBSTR,1.0,0.0,5,1,0,1,0
2025-12-10,Public Node,1.0,1.0,3,0,0,0,0
2025-12-10,SatoshiPay,1.0,0.0,3,1,0,1,0
2025-12-10,Stellar Development Foundation,1.0,1.0,3,0,0,0,0
2025-12-11,Blockdaemon Inc.,1.0,1.0,3,0,0,0,0
2025-12-11,Creit Technologies LLP,1.0,1.0,3,0,0,0,0
2025-12-11,Franklin Templeton,1.0,1.0,3,0,0,0,0
2025-12-11,LOBSTR,1.0,0.0,5,1,0,1,0
2025-12-11,Public Node,1.0,1.0,3,0,0,0,0
2025-12-11,SatoshiPay,1.0,0.6215,3,1,0,0,0
2025-12-11,Stellar Development Foundation,1.0,1.0,3,0,0,0,0
2025-12-12,Blockdaemon Inc.,1.0,1.0,3,0,0,0,0
2025-12-12,Creit Technologies LLP,1.0,1.0,3,0,0,0,0
2025-12-12,Franklin Templeton,1.0,1.0,3,0,0,0,0
2025-12-12,LOBSTR,1.0,0.0,5,1,0,1,0
2025-12-12,Public Node,1.0,0.9132,3,0,0,0,0
2025-12-12,SatoshiPay,1.0,0.9861,3,0,0,0,0
2025-12-12,Stellar Development Foundation,1.0,1.0,3,0,0,0,0
2025-12-13,Blockdaemon Inc.,1.0,1.0,3,0,0,0,0
2025-12-13,Creit Technologies LLP,1.0,1.0,3,0,0,0,0
2025-12-13,Franklin Templeton,1.0,1.0,3,0,0,0,0
2025-12-13,LOBSTR,1.0,0.0,5,1,0,1,0
2025-12-13,Public Node,1.0,1.0,3,0,0,0,0
2025-12-13,SatoshiPay,1.0,0.9965,3,0,0,0,0
2025-12-13,Stellar Development Foundation,1.0,1.0,3,0,0,0,0
2025-12-14,Blockdaemon Inc.,1.0,1.0,3,0,0,0,0
2025-12-14,Creit Technologies LLP,1.0,0.9965,3,0,0,0,0
2025-12-14,Franklin Templeton,1.0,1.0,3,0,0,0,0
2025-12-14,LOBSTR,1.0,0.0,5,1,0,1,0
2025-12-14,Public Node,1.0,1.0,3,0,0,0,0
2025-12-14,SatoshiPay,1.0,1.0,3,0,0,0,0
2025-12-14,Stellar Development Foundation,1.0,1.0,3,0,0,0,0
2025-12-15,Blockdaemon Inc.,1.0,0.9965,3,0,0,0,0
2025-12-15,Creit Technologies LLP,1.0,1.0,3,0,0,0,0
2025-12-15,Franklin Templeton,1.0,1.0,3,0,0,0,0
2025-12-15,LOBSTR,1.0,0.0,5,1,0,1,0
2025-12-15,Public Node,1.0,0.4757,3,1,0,0,0
2025-12-15,SatoshiPay,1.0,1.0,3,0,0,0,0
2025-12-15,Stellar Development Foundation,1.0,1.0,3,0,0,0,0
2025-12-16,Blockdaemon Inc.,1.0,1.0,3,0,0,0,0
2025-12-16,Creit Technologies LLP,1.0,1.0,3,0,0,0,0
2025-12-16,Franklin Templeton,1.0,1.0,3,0,0,0,0
2025-12-16,LOBSTR,1.0,0.0,5,1,0,1,0
2025-12-16,Public Node,1.0,0.2674,3,1,0,0,0
2025-12-16,SatoshiPay,1.0,1.0,3,0,0,0,0
2025-12-16,Stellar Development Foundation,1.0,1.0,3,0,0,0,0
2025-12-17,Blockdaemon Inc.,1.0,1.0,3,0,0,0,0
2025-12-17,Creit Technologies LLP,1.0,1.0,3,0,0,0,0
2025-12-17,Franklin Templeton,1.0,1.0,3,0,0,0,0
2025-12-17,LOBSTR,1.0,0.0,5,1,0,1,0
2025-12-17,Public Node,1.0,0.5729,3,1,0,0,0
2025-12-17,SatoshiPay,1.0,1.0,3,0,0,0,0
2025-12-17,Stellar Development Foundation,1.0,1.0,3,0,0,0,0
2025-12-18,Blockdaemon Inc.,1.0,1.0,3,0,0,0,0
2025-12-18,Creit Technologies LLP,1.0,1.0,3,0,0,0,0
2025-12-18,Franklin Templeton,1.0,1.0,3,0,0,0,0
2025-12-18,LOBSTR,1.0,0.0,5,1,0,1,0
2025-12-18,Public Node,1.0,0.5382,3,1,0,0,0
2025-12-18,SatoshiPay,1.0,0.9931,3,0,0,0,0
2025-12-18,Stellar Development Foundation,1.0,1.0,3,0,0,0,0
2025-12-19,Blockdaemon Inc.,1.0,1.0,3,0,0,0,0
2025-12-19,Creit Technologies LLP,1.0,1.0,3,0,0,0,0
2025-12-19,Franklin Templeton,1.0,1.0,3,0,0,0,0
2025-12-19,LOBSTR,1.0,0.0,5,1,0,1,0
2025-12-19,Public Node,1.0,0.9792,3,0,0,0,0
2025-12-19,SatoshiPay,0.9965,0.9792,3,0,0,0,0
2025-12-19,Stellar Development Foundation,1.0,1.0,3,0,0,0,0
2025-12-20,Blockdaemon Inc.,1.0,1.0,3,0,0,0,0
2025-12-20,Creit Technologies LLP,1.0,1.0,3,0,0,0,0
2025-12-20,Franklin Templeton,1.0,1.0,3,0,0,0,0
2025-12-20,LOBSTR,1.0,0.0,5,1,0,1,0
2025-12-20,Public Node,1.0,1.0,3,0,0,0,0
2025-12-20,SatoshiPay,1.0,1.0,3,0,0,0,0
2025-12-20,Stellar Development Foundation,1.0,1.0,3,0,0,0,0
2025-12-21,Blockdaemon Inc.,1.0,1.0,3,0,0,0,0
2025-12-21,Creit Technologies LLP,1.0,1.0,3,0,0,0,0
2025-12-21,Franklin Templeton,1.0,1.0,3,0,0,0,0
2025-12-21,LOBSTR,1.0,0.0,5,1,0,1,0
2025-12-21,Public Node,1.0,1.0,3,0,0,0,0
2025-12-21,SatoshiPay,1.0,1.0,3,0,0,0,0
2025-12-21,Stellar Development Foundation,1.0,1.0,3,0,0,0,0
2025-12-22,Blockdaemon Inc.,1.0,1.0,3,0,0,0,0
2025-12-22,Creit Technologies LLP,1.0,0.9965,3,0,0,0,0
2025-12-22,Franklin Templeton,1.0,1.0,3,0,0,0,0
2025-12-22,LOBSTR,1.0,0.0,5,1,0,1,0
2025-12-22,Public Node,1.0,1.0,3,0,0,0,0
2025-12-22,SatoshiPay,1.0,1.0,3,0,0,0,0
2025-12-22,Stellar Development Foundation,1.0,1.0,3,0,0,0,0
2025-12-23,Blockdaemon Inc.,1.0,1.0,3,0,0,0,0
2025-12-23,Creit Technologies LLP,1.0,1.0,3,0,0,0,0
2025-12-23,Franklin Templeton,1.0,1.0,3,0,0,0,0
2025-12-23,LOBSTR,1.0,0.0,5,1,0,1,0
2025-12-23,Public Node,1.0,1.0,3,0,0,0,0
2025-12-23,SatoshiPay,1.0,1.0,3,0,0,0,0
2025-12-23,Stellar Development Foundation,1.0,1.0,3,0,0,0,0
2025-12-24,Blockdaemon Inc.,1.0,1.0,3,0,0,0,0
2025-12-24,Creit Technologies LLP,1.0,1.0,3,0,0,0,0
2025-12-24,Franklin Templeton,1.0,1.0,3,0,0,0,0
2025-12-24,LOBSTR,1.0,0.0,5,1,0,1,0
2025-12-24,Public Node,1.0,1.0,3,0,0,0,0
2025-12-24,SatoshiPay,1.0,1.0,3,0,0,0,0
2025-12-24,Stellar Development Foundation,1.0,1.0,3,0,0,0,0
2025-12-25,Blockdaemon Inc.,1.0,1.0,3,0,0,0,0
2025-12-25,Creit Technologies LLP,1.0,0.9965,3,0,0,0,0
2025-12-25,Franklin Templeton,1.0,1.0,3,0,0,0,0
2025-12-25,LOBSTR,1.0,0.0,5,1,0,1,0
2025-12-25,Public Node,1.0,1.0,3,0,0,0,0
2025-12-25,SatoshiPay,1.0,1.0,3,0,0,0,0
2025-12-25,Stellar Development Foundation,1.0,1.0,3,0,0,0,0
2025-12-26,Blockdaemon Inc.,1.0,1.0,3,0,0,0,0
2025-12-26,Creit Technologies LLP,1.0,1.0,3,0,0,0,0
2025-12-26,Franklin Templeton,1.0,1.0,3,0,0,0,0
2025-12-26,LOBSTR,1.0,0.0,5,1,0,1,0
2025-12-26,Public Node,1.0,1.0,3,0,0,0,0
2025-12-26,SatoshiPay,1.0,1.0,3,0,0,0,0
2025-12-26,Stellar Development Foundation,1.0,1.0,3,0,0,0,0
2025-12-27,Blockdaemon Inc.,1.0,1.0,3,0,0,0,0
2025-12-27,Creit Technologies LLP,1.0,1.0,3,0,0,0,0
2025-12-27,Franklin Templeton,1.0,1.0,3,0,0,0,0
2025-12-27,LOBSTR,1.0,0.0,5,1,0,1,0
2025-12-27,Public Node,1.0,1.0,3,0,0,0,0
2025-12-27,SatoshiPay,1.0,0.9965,3,0,0,0,0
2025-12-27,Stellar Development Foundation,1.0,1.0,3,0,0,0,0
2025-12-28,Blockdaemon Inc.,1.0,1.0,3,0,0,0,0
2025-12-28,Creit Technologies LLP,1.0,1.0,3,0,0,0,0
2025-12-28,Franklin Templeton,1.0,1.0,3,0,0,0,0
2025-12-28,LOBSTR,1.0,0.0,5,1,0,1,0
2025-12-28,Public Node,1.0,1.0,3,0,0,0,0
2025-12-28,SatoshiPay,1.0,0.9931,3,0,0,0,0
2025-12-28,Stellar Development Foundation,1.0,1.0,3,0,0,0,0
2025-12-29,Blockdaemon Inc.,1.0,1.0,3,0,0,0,0
2025-12-29,Creit Technologies LLP,1.0,0.9965,3,0,0,0,0
2025-12-29,Franklin Templeton,1.0,1.0,3,0,0,0,0
2025-12-29,LOBSTR,1.0,0.0,5,1,0,1,0
2025-12-29,Public Node,1.0,1.0,3,0,0,0,0
2025-12-29,SatoshiPay,1.0,0.9965,3,0,0,0,0
2025-12-29,Stellar Development Foundation,1.0,1.0,3,0,0,0,0
2025-12-30,Blockdaemon Inc.,1.0,1.0,3,0,0,0,0
2025-12-30,Creit Technologies LLP,1.0,1.0,3,0,0,0,0
2025-12-30,Franklin Templeton,1.0,1.0,3,0,0,0,0
2025-12-30,LOBSTR,1.0,0.0,5,1,0,1,0
2025-12-30,Public Node,1.0,1.0,3,0,0,0,0
2025-12-30,SatoshiPay,1.0,0.9965,3,0,0,0,0
2025-12-30,Stellar Development Foundation,1.0,1.0,3,0,0,0,0
2025-12-31,Blockdaemon Inc.,1.0,1.0,3,0,0,0,0
2025-12-31,Creit Technologies LLP,1.0,1.0,3,0,0,0,0
2025-12-31,Franklin Templeton,1.0,1.0,3,0,0,0,0
2025-12-31,LOBSTR,1.0,0.0,5,1,0,1,0
2025-12-31,Public Node,1.0,1.0,3,0,0,0,0
2025-12-31,SatoshiPay,1.0,0.9931,3,0,0,0,0
2025-12-31,Stellar Development Foundation,1.0,1.0,3,0,0,0,0
2026-01-01,Blockdaemon Inc.,1.0,1.0,3,0,0,0,0
2026-01-01,Creit Technologies LLP,1.0,0.9965,3,0,0,0,0
2026-01-01,Franklin Templeton,1.0,1.0,3,0,0,0,0
2026-01-01,LOBSTR,1.0,0.0,5,1,0,1,0
2026-01-01,Public Node,1.0,1.0,3,0,0,0,0
2026-01-01,SatoshiPay,1.0,1.0,3,0,0,0,0
2026-01-01,Stellar Development Foundation,1.0,1.0,3,0,0,0,0
2026-01-02,Blockdaemon Inc.,1.0,1.0,3,0,0,0,0
2026-01-02,Creit Technologies LLP,1.0,1.0,3,0,0,0,0
2026-01-02,Franklin Templeton,1.0,1.0,3,0,0,0,0
2026-01-02,LOBSTR,1.0,0.0,5,1,0,1,0
2026-01-02,Public Node,1.0,1.0,3,0,0,0,0
2026-01-02,SatoshiPay,1.0,1.0,3,0,0,0,0
2026-01-02,Stellar Development Foundation,1.0,1.0,3,0,0,0,0
2026-01-03,Blockdaemon Inc.,1.0,1.0,3,0,0,0,0
2026-01-03,Creit Technologies LLP,1.0,1.0,3,0,0,0,0
2026-01-03,Franklin Templeton,1.0,1.0,3,0,0,0,0
2026-01-03,LOBSTR,1.0,0.0,5,1,0,1,0
2026-01-03,Public Node,1.0,1.0,3,0,0,0,0
2026-01-03,SatoshiPay,1.0,1.0,3,0,0,0,0
2026-01-03,Stellar Development Foundation,1.0,1.0,3,0,0,0,0
2026-01-04,Blockdaemon Inc.,1.0,1.0,3,0,0,0,0
2026-01-04,Creit Technologies LLP,1.0,1.0,3,0,0,0,0
2026-01-04,Franklin Templeton,1.0,1.0,3,0,0,0,0
2026-01-04,LOBSTR,1.0,0.0,5,1,0,1,0
2026-01-04,Public Node,1.0,1.0,3,0,0,0,0
2026-01-04,SatoshiPay,1.0,1.0,3,0,0,0,0
2026-01-04,Stellar Development Foundation,1.0,1.0,3,0,0,0,0
2026-01-05,Blockdaemon Inc.,1.0,1.0,3,0,0,0,0
2026-01-05,Creit Technologies LLP,1.0,1.0,3,0,0,0,0
2026-01-05,Franklin Templeton,1.0,1.0,3,0,0,0,0
2026-01-05,LOBSTR,1.0,0.0,5,1,0,1,0
2026-01-05,Public Node,1.0,1.0,3,0,0,0,0
2026-01-05,SatoshiPay,1.0,0.9965,3,0,0,0,0
2026-01-05,Stellar Development Foundation,1.0,1.0,3,0,0,0,0
2026-01-06,Blockdaemon Inc.,1.0,1.0,3,0,0,0,0
2026-01-06,Creit Technologies LLP,1.0,1.0,3,0,0,0,0
2026-01-06,Franklin Templeton,1.0,1.0,3,0,0,0,0
2026-01-06,LOBSTR,1.0,0.0,5,1,0,1,0
2026-01-06,Public Node,1.0,1.0,3,0,0,0,0
2026-01-06,SatoshiPay,1.0,0.9896,3,0,0,0,0
2026-01-06,Stellar Development Foundation,1.0,1.0,3,0,0,0,0
2026-01-07,Blockdaemon Inc.,1.0,1.0,3,0,0,0,0
2026-01-07,Creit Technologies LLP,1.0,0.9931,3,0,0,0,0
2026-01-07,Franklin Templeton,1.0,1.0,3,0,0,0,0
2026-01-07,LOBSTR,1.0,0.0,5,1,0,1,0
2026-01-07,Public Node,1.0,1.0,3,0,0,0,0
2026-01-07,SatoshiPay,1.0,0.9931,3,0,0,0,0
2026-01-07,Stellar Development Foundation,1.0,1.0,3,0,0,0,0
2026-01-08,Blockdaemon Inc.,1.0,1.0,3,0,0,0,0
2026-01-08,Creit Technologies LLP,1.0,1.0,3,0,0,0,0
2026-01-08,Franklin Templeton,1.0,1.0,3,0,0,0,0
2026-01-08,LOBSTR,1.0,0.0,5,1,0,1,0
2026-01-08,Public Node,1.0,1.0,3,0,0,0,0
2026-01-08,SatoshiPay,1.0,1.0,3,0,0,0,0
2026-01-08,Stellar Development Foundation,1.0,1.0,3,0,0,0,0
2026-01-09,Blockdaemon Inc.,1.0,1.0,3,0,0,0,0
2026-01-09,Creit Technologies LLP,1.0,1.0,3,0,0,0,0
2026-01-09,Franklin Templeton,1.0,1.0,3,0,0,0,0
2026-01-09,LOBSTR,1.0,0.0,5,1,0,1,0
2026-01-09,Public Node,1.0,1.0,3,0,0,0,0
2026-01-09,SatoshiPay,1.0,0.9965,3,0,0,0,0
2026-01-09,Stellar Development Foundation,1.0,1.0,3,0,0,0,0
2026-01-10,Blockdaemon Inc.,1.0,1.0,3,0,0,0,0
2026-01-10,Creit Technologies LLP,1.0,0.9965,3,0,0,0,0
2026-01-10,Franklin Templeton,1.0,1.0,3,0,0,0,0
2026-01-10,LOBSTR,1.0,0.0,5,1,0,1,0
2026-01-10,Public Node,1.0,1.0,3,0,0,0,0
2026-01-10,SatoshiPay,1.0,1.0,3,0,0,0,0
2026-01-10,Stellar Development Foundation,1.0,1.0,3,0,0,0,0
2026-01-11,Blockdaemon Inc.,1.0,1.0,3,0,0,0,0
2026-01-11,Creit Technologies LLP,1.0,1.0,3,0,0,0,0
2026-01-11,Franklin Templeton,1.0,1.0,3,0,0,0,0
2026-01-11,LOBSTR,1.0,0.0,5,1,0,1,0
2026-01-11,Public Node,1.0,1.0,3,0,0,0,0
2026-01-11,SatoshiPay,1.0,0.9931,3,0,0,0,0
2026-01-11,Stellar Development Foundation,1.0,1.0,3,0,0,0,0
2026-01-12,Blockdaemon Inc.,1.0,1.0,3,0,0,0,0
2026-01-12,Creit Technologies LLP,1.0,0.9965,3,0,0,0,0
2026-01-12,Franklin Templeton,1.0,1.0,3,0,0,0,0
2026-01-12,LOBSTR,1.0,0.0,5,1,0,1,0
2026-01-12,Public Node,1.0,1.0,3,0,0,0,0
2026-01-12,SatoshiPay,1.0,1.0,3,0,0,0,0
2026-01-12,Stellar Development Foundation,1.0,1.0,3,0,0,0,0
2026-01-13,Blockdaemon Inc.,1.0,1.0,3,0,0,0,0
2026-01-13,Creit Technologies LLP,1.0,0.9965,3,0,0,0,0
2026-01-13,Franklin Templeton,1.0,1.0,3,0,0,0,0
2026-01-13,LOBSTR,1.0,0.0,5,1,0,1,0
2026-01-13,Public Node,1.0,1.0,3,0,0,0,0
2026-01-13,SatoshiPay,1.0,0.9896,3,0,0,0,0
2026-01-13,Stellar Development Foundation,1.0,1.0,3,0,0,0,0
2026-01-14,Blockdaemon Inc.,1.0,1.0,3,0,0,0,0
2026-01-14,Creit Technologies LLP,1.0,1.0,3,0,0,0,0
2026-01-14,Franklin Templeton,1.0,1.0,3,0,0,0,0
2026-01-14,LOBSTR,1.0,0.0,5,1,0,1,0
2026-01-14,Public Node,1.0,1.0,3,0,0,0,0
2026-01-14,SatoshiPay,1.0,0.2361,3,1,0,0,0
2026-01-14,Stellar Development Foundation,1.0,1.0,3,0,0,0,0
2026-01-15,Blockdaemon Inc.,1.0,1.0,3,0,0,0,0
2026-01-15,Creit Technologies LLP,1.0,1.0,3,0,0,0,0
2026-01-15,Franklin Templeton,1.0,1.0,3,0,0,0,0
2026-01-15,LOBSTR,1.0,0.0,5,1,0,1,0
2026-01-15,Public Node,1.0,0.9965,3,0,0,0,0
2026-01-15,SatoshiPay,1.0,0.5729,3,1,0,0,0
2026-01-15,Stellar Development Foundation,1.0,0.9931,3,0,0,0,0
2026-01-16,Blockdaemon Inc.,1.0,1.0,3,0,0,0,0
2026-01-16,Creit Technologies LLP,1.0,1.0,3,0,0,0,0
2026-01-16,Franklin Templeton,1.0,1.0,3,0,0,0,0
2026-01-16,LOBSTR,1.0,0.0,5,1,0,1,0
2026-01-16,Public Node,1.0,1.0,3,0,0,0,0
2026-01-16,SatoshiPay,1.0,1.0,3,0,0,0,0
2026-01-16,Stellar Development Foundation,1.0,1.0,3,0,0,0,0
2026-01-17,Blockdaemon Inc.,1.0,1.0,3,0,0,0,0
2026-01-17,Creit Technologies LLP,1.0,0.9965,3,0,0,0,0
2026-01-17,Franklin Templeton,1.0,1.0,3,0,0,0,0
2026-01-17,LOBSTR,1.0,0.0,5,1,0,1,0
2026-01-17,Public Node,1.0,1.0,3,0,0,0,0
2026-01-17,SatoshiPay,1.0,1.0,3,0,0,0,0
2026-01-17,Stellar Development Foundation,1.0,1.0,3,0,0,0,0
2026-01-18,Blockdaemon Inc.,1.0,1.0,3,0,0,0,0
2026-01-18,Creit Technologies LLP,1.0,1.0,3,0,0,0,0
2026-01-18,Franklin Templeton,1.0,1.0,3,0,0,0,0
2026-01-18,LOBSTR,1.0,0.0,5,1,0,1,0
2026-01-18,Public Node,1.0,1.0,3,0,0,0,0
2026-01-18,SatoshiPay,1.0,1.0,3,0,0,0,0
2026-01-18,Stellar Development Foundation,1.0,1.0,3,0,0,0,0
2026-01-19,Blockdaemon Inc.,1.0,1.0,3,0,0,0,0
2026-01-19,Creit Technologies LLP,1.0,1.0,3,0,0,0,0
2026-01-19,Franklin Templeton,1.0,1.0,3,0,0,0,0
2026-01-19,LOBSTR,1.0,0.0,5,1,0,1,0
2026-01-19,Public Node,1.0,1.0,3,0,0,0,0
2026-01-19,SatoshiPay,1.0,0.9757,3,0,0,0,0
2026-01-19,Stellar Development Foundation,1.0,1.0,3,0,0,0,0
2026-01-20,Blockdaemon Inc.,1.0,1.0,3,0,0,0,0
2026-01-20,Creit Technologies LLP,1.0,1.0,3,0,0,0,0
2026-01-20,Franklin Templeton,1.0,1.0,3,0,0,0,0
2026-01-20,LOBSTR,1.0,0.0,5,1,0,1,0
2026-01-20,Public Node,1.0,1.0,3,0,0,0,0
2026-01-20,SatoshiPay,1.0,0.9792,3,0,0,0,0
2026-01-20,Stellar Development Foundation,1.0,1.0,3,0,0,0,0
2026-01-21,Blockdaemon Inc.,1.0,1.0,3,0,0,0,0
2026-01-21,Creit Technologies LLP,1.0,1.0,3,0,0,0,0
2026-01-21,Franklin Templeton,1.0,1.0,3,0,0,0,0
2026-01-21,LOBSTR,1.0,0.0,5,1,0,1,0
2026-01-21,Public Node,1.0,1.0,3,0,0,0,0
2026-01-21,SatoshiPay,0.9896,0.8681,3,1,0,0,0
2026-01-21,Stellar Development Foundation,1.0,1.0,3,0,0,0,0
2026-01-22,Blockdaemon Inc.,1.0,1.0,3,0,0,0,0
2026-01-22,Creit Technologies LLP,1.0,1.0,3,0,0,0,0
2026-01-22,Franklin Templeton,1.0,1.0,3,0,0,0,0
2026-01-22,LOBSTR,1.0,0.0,5,1,0,1,0
2026-01-22,Public Node,1.0,1.0,3,0,0,0,0
2026-01-22,SatoshiPay,1.0,0.934,3,0,0,0,0
2026-01-22,Stellar Development Foundation,1.0,1.0,3,0,0,0,0
2026-01-23,Blockdaemon Inc.,1.0,1.0,3,0,0,0,0
2026-01-23,Creit Technologies LLP,1.0,1.0,3,0,0,0,0
2026-01-23,Franklin Templeton,1.0,1.0,3,0,0,0,0
2026-01-23,LOBSTR,1.0,0.0,5,1,0,1,0
2026-01-23,Public Node,1.0,1.0,3,0,0,0,0
2026-01-23,SatoshiPay,1.0,0.9132,3,0,0,0,0
2026-01-23,Stellar Development Foundation,1.0,1.0,3,0,0,0,0
2026-01-24,Blockdaemon Inc.,1.0,1.0,3,0,0,0,0
2026-01-24,Creit Technologies LLP,1.0,1.0,3,0,0,0,0
2026-01-24,Franklin Templeton,1.0,1.0,3,0,0,0,0
2026-01-24,LOBSTR,1.0,0.0,5,1,0,1,0
2026-01-24,Public Node,1.0,1.0,3,0,0,0,0
2026-01-24,SatoshiPay,1.0,0.8854,3,1,0,0,0
2026-01-24,Stellar Development Foundation,1.0,1.0,3,0,0,0,0
2026-01-25,Blockdaemon Inc.,1.0,1.0,3,0,0,0,0
2026-01-25,Creit Technologies LLP,1.0,1.0,3,0,0,0,0
2026-01-25,Franklin Templeton,1.0,1.0,3,0,0,0,0
2026-01-25,LOBSTR,1.0,0.0,5,1,0,1,0
2026-01-25,Public Node,1.0,1.0,3,0,0,0,0
2026-01-25,SatoshiPay,1.0,0.9931,3,0,0,0,0
2026-01-25,Stellar Development Foundation,1.0,1.0,3,0,0,0,0
2026-01-26,Blockdaemon Inc.,1.0,1.0,3,0,0,0,0
2026-01-26,Creit Technologies LLP,1.0,1.0,3,0,0,0,0
2026-01-26,Franklin Templeton,1.0,1.0,3,0,0,0,0
2026-01-26,LOBSTR,1.0,0.0,5,1,0,1,0
2026-01-26,Public Node,1.0,1.0,3,0,0,0,0
2026-01-26,SatoshiPay,0.9757,0.8681,3,1,0,0,0
2026-01-26,Stellar Development Foundation,1.0,1.0,3,0,0,0,0
2026-01-27,Blockdaemon Inc.,1.0,1.0,3,0,0,0,0
2026-01-27,Creit Technologies LLP,1.0,1.0,3,0,0,0,0
2026-01-27,Franklin Templeton,1.0,1.0,3,0,0,0,0
2026-01-27,LOBSTR,1.0,0.0,5,1,0,1,0
2026-01-27,Public Node,1.0,1.0,3,0,0,0,0
2026-01-27,SatoshiPay,1.0,0.9688,3,0,0,0,0
2026-01-27,Stellar Development Foundation,1.0,1.0,3,0,0,0,0
2026-01-28,Blockdaemon Inc.,1.0,1.0,3,0,0,0,0
2026-01-28,Creit Technologies LLP,1.0,1.0,3,0,0,0,0
2026-01-28,Franklin Templeton,1.0,1.0,3,0,0,0,0
2026-01-28,LOBSTR,1.0,0.0,5,1,0,1,0
2026-01-28,Public Node,1.0,1.0,3,0,0,0,0
2026-01-28,SatoshiPay,1.0,0.9861,3,0,0,0,0
2026-01-28,Stellar Development Foundation,1.0,0.9965,3,0,0,0,0
2026-01-29,Blockdaemon Inc.,1.0,1.0,3,0,0,0,0
2026-01-29,Creit Technologies LLP,1.0,1.0,3,0,0,0,0
2026-01-29,Franklin Templeton,1.0,1.0,3,0,0,0,0
2026-01-29,LOBSTR,1.0,0.0,5,1,0,1,0
2026-01-29,Public Node,1.0,1.0,3,0,0,0,0
2026-01-29,SatoshiPay,1.0,1.0,3,0,0,0,0
2026-01-29,Stellar Development Foundation,1.0,1.0,3,0,0,0,0
2026-01-30,Blockdaemon Inc.,1.0,1.0,3,0,0,0,0
2026-01-30,Creit Technologies LLP,1.0,1.0,3,0,0,0,0
2026-01-30,Franklin Templeton,1.0,1.0,3,0,0,0,0
2026-01-30,LOBSTR,1.0,0.0,5,1,0,1,0
2026-01-30,Public Node,1.0,1.0,3,0,0,0,0
2026-01-30,SatoshiPay,1.0,1.0,3,0,0,0,0
2026-01-30,Stellar Development Foundation,1.0,1.0,3,0,0,0,0
2026-01-31,Blockdaemon Inc.,1.0,1.0,3,0,0,0,0
2026-01-31,Creit Technologies LLP,1.0,1.0,3,0,0,0,0
2026-01-31,Franklin Templeton,1.0,1.0,3,0,0,0,0
2026-01-31,LOBSTR,1.0,0.0,5,1,0,1,0
2026-01-31,Public Node,1.0,1.0,3,0,0,0,0
2026-01-31,SatoshiPay,1.0,1.0,3,0,0,0,0
2026-01-31,Stellar Development Foundation,1.0,1.0,3,0,0,0,0
2026-02-01,Blockdaemon Inc.,1.0,1.0,3,0,0,0,0
2026-02-01,Creit Technologies LLP,1.0,1.0,3,0,0,0,0
2026-02-01,Franklin Templeton,1.0,1.0,3,0,0,0,0
2026-02-01,LOBSTR,1.0,0.0,5,1,0,1,0
2026-02-01,Public Node,1.0,1.0,3,0,0,0,0
2026-02-01,SatoshiPay,1.0,1.0,3,0,0,0,0
2026-02-01,Stellar Development Foundation,1.0,1.0,3,0,0,0,0
2026-02-02,Blockdaemon Inc.,1.0,1.0,3,0,0,0,0
2026-02-02,Creit Technologies LLP,1.0,1.0,3,0,0,0,0
2026-02-02,Franklin Templeton,1.0,1.0,3,0,0,0,0
2026-02-02,LOBSTR,1.0,0.0,5,1,0,1,0
2026-02-02,Public Node,1.0,1.0,3,0,0,0,0
2026-02-02,SatoshiPay,1.0,0.9965,3,0,0,0,0
2026-02-02,Stellar Development Foundation,1.0,0.9965,3,0,0,0,0
2026-02-03,Blockdaemon Inc.,1.0,1.0,3,0,0,0,0
2026-02-03,Creit Technologies LLP,1.0,1.0,3,0,0,0,0
2026-02-03,Franklin Templeton,1.0,1.0,3,0,0,0,0
2026-02-03,LOBSTR,1.0,0.0,5,1,0,1,0
2026-02-03,Public Node,1.0,1.0,3,0,0,0,0
2026-02-03,SatoshiPay,1.0,0.9792,3,0,0,0,0
2026-02-03,Stellar Development Foundation,1.0,1.0,3,0,0,0,0
2026-02-04,Blockdaemon Inc.,1.0,0.9931,3,0,0,0,0
2026-02-04,Creit Technologies LLP,1.0,1.0,3,0,0,0,0
2026-02-04,Franklin Templeton,1.0,1.0,3,0,0,0,0
2026-02-04,LOBSTR,1.0,0.0,5,1,0,1,0
2026-02-04,Public Node,1.0,0.9896,3,0,0,0,0
2026-02-04,SatoshiPay,1.0,1.0,3,0,0,0,0
2026-02-04,Stellar Development Foundation,1.0,0.9931,3,0,0,0,0
2026-02-05,Blockdaemon Inc.,1.0,1.0,3,0,0,0,0
2026-02-05,Creit Technologies LLP,0.9826,0.9549,3,1,0,0,0
2026-02-05,Franklin Templeton,1.0,0.9965,3,0,0,0,0
2026-02-05,LOBSTR,1.0,0.0,5,1,0,1,0
2026-02-05,Public Node,1.0,0.8924,3,1,0,0,0
2026-02-05,SatoshiPay,1.0,0.9965,3,0,0,0,0
2026-02-05,Stellar Development Foundation,1.0,1.0,3,0,0,0,0
2026-02-06,Blockdaemon Inc.,0.9861,0.9757,3,1,0,0,0
2026-02-06,Creit Technologies LLP,1.0,1.0,3,0,0,0,0
2026-02-06,Franklin Templeton,1.0,1.0,3,0,0,0,0
2026-02-06,LOBSTR,1.0,0.0,5,1,0,1,0
2026-02-06,Public Node,1.0,1.0,3,0,0,0,0
2026-02-06,SatoshiPay,1.0,0.9965,3,0,0,0,0
2026-02-06,Stellar Development Foundation,1.0,1.0,3,0,0,0,0
2026-02-07,Blockdaemon Inc.,1.0,1.0,3,0,0,0,0
2026-02-07,Creit Technologies LLP,1.0,1.0,3,0,0,0,0
2026-02-07,Franklin Templeton,1.0,1.0,3,0,0,0,0
2026-02-07,LOBSTR,1.0,0.0,5,1,0,1,0
2026-02-07,Public Node,1.0,1.0,3,0,0,0,0
2026-02-07,SatoshiPay,1.0,1.0,3,0,0,0,0
2026-02-07,Stellar Development Foundation,1.0,1.0,3,0,0,0,0
2026-02-08,Blockdaemon Inc.,1.0,1.0,3,0,0,0,0
2026-02-08,Creit Technologies LLP,1.0,1.0,3,0,0,0,0
2026-02-08,Franklin Templeton,1.0,1.0,3,0,0,0,0
2026-02-08,LOBSTR,1.0,0.0,5,1,0,1,0
2026-02-08,Public Node,1.0,1.0,3,0,0,0,0
2026-02-08,SatoshiPay,0.9792,0.9653,3,1,0,0,0
2026-02-08,Stellar Development Foundation,1.0,1.0,3,0,0,0,0
2026-02-09,Blockdaemon Inc.,1.0,0.9861,3,0,0,0,0
2026-02-09,Creit Technologies LLP,1.0,1.0,3,0,0,0,0
2026-02-09,Franklin Templeton,1.0,1.0,3,0,0,0,0
2026-02-09,LOBSTR,1.0,0.0,5,1,0,1,0
2026-02-09,Public Node,1.0,1.0,3,0,0,0,0
2026-02-09,SatoshiPay,1.0,1.0,3,0,0,0,0
2026-02-09,Stellar Development Foundation,1.0,1.0,3,0,0,0,0
2026-02-10,Blockdaemon Inc.,1.0,1.0,3,0,0,0,0
2026-02-10,Creit Technologies LLP,1.0,1.0,3,0,0,0,0
2026-02-10,Franklin Templeton,1.0,1.0,3,0,0,0,0
2026-02-10,LOBSTR,1.0,0.0,5,1,0,1,0
2026-02-10,Public Node,1.0,1.0,3,0,0,0,0
2026-02-10,SatoshiPay,1.0,0.9965,3,0,0,0,0
2026-02-10,Stellar Development Foundation,1.0,1.0,3,0,0,0,0
2026-02-11,Blockdaemon Inc.,1.0,1.0,3,0,0,0,0
2026-02-11,Creit Technologies LLP,1.0,1.0,3,0,0,0,0
2026-02-11,Franklin Templeton,1.0,1.0,3,0,0,0,0
2026-02-11,LOBSTR,1.0,0.0,5,1,0,1,0
2026-02-11,Public Node,1.0,1.0,3,0,0,0,0
2026-02-11,SatoshiPay,1.0,0.9549,3,0,0,0,0
2026-02-11,Stellar Development Foundation,1.0,1.0,3,0,0,0,0
2026-02-12,Blockdaemon Inc.,1.0,1.0,3,0,0,0,0
2026-02-12,Creit Technologies LLP,1.0,1.0,3,0,0,0,0
2026-02-12,Franklin Templeton,1.0,1.0,3,0,0,0,0
2026-02-12,LOBSTR,1.0,0.0,5,1,0,1,0
2026-02-12,Public Node,1.0,1.0,3,0,0,0,0
2026-02-12,SatoshiPay,1.0,0.9722,3,0,0,0,0
2026-02-12,Stellar Development Foundation,1.0,0.9965,3,0,0,0,0
2026-02-13,Blockdaemon Inc.,1.0,1.0,3,0,0,0,0
2026-02-13,Creit Technologies LLP,1.0,1.0,3,0,0,0,0
2026-02-13,Franklin Templeton,1.0,1.0,3,0,0,0,0
2026-02-13,LOBSTR,1.0,0.0,5,1,0,1,0
2026-02-13,Public Node,1.0,1.0,3,0,0,0,0
2026-02-13,SatoshiPay,1.0,0.9688,3,0,0,0,0
2026-02-13,Stellar Development Foundation,1.0,1.0,3,0,0,0,0
2026-02-14,Blockdaemon Inc.,1.0,1.0,3,0,0,0,0
2026-02-14,Creit Technologies LLP,1.0,1.0,3,0,0,0,0
2026-02-14,Franklin Templeton,1.0,0.9965,3,0,0,0,0
2026-02-14,LOBSTR,1.0,0.0,5,1,0,1,0
2026-02-14,Public Node,1.0,1.0,3,0,0,0,0
2026-02-14,SatoshiPay,0.9965,0.434,3,1,0,0,0
2026-02-14,Stellar Development Foundation,1.0,1.0,3,0,0,0,0
2026-02-15,Blockdaemon Inc.,1.0,1.0,3,0,0,0,0
2026-02-15,Creit Technologies LLP,1.0,1.0,3,0,0,0,0
2026-02-15,Franklin Templeton,1.0,1.0,3,0,0,0,0
2026-02-15,LOBSTR,1.0,0.0,5,1,0,1,0
2026-02-15,Public Node,1.0,1.0,3,0,0,0,0
2026-02-15,SatoshiPay,1.0,0.0,3,1,0,1,0
2026-02-15,Stellar Development Foundation,1.0,1.0,3,0,0,0,0
2026-02-16,Blockdaemon Inc.,1.0,1.0,3,0,0,0,0
2026-02-16,Creit Technologies LLP,1.0,1.0,3,0,0,0,0
2026-02-16,Franklin Templeton,1.0,1.0,3,0,0,0,0
2026-02-16,LOBSTR,1.0,0.0,5,1,0,1,0
2026-02-16,Public Node,1.0,1.0,3,0,0,0,0
2026-02-16,SatoshiPay,1.0,0.0,3,1,0,1,0
2026-02-16,Stellar Development Foundation,1.0,1.0,3,0,0,0,0
2026-02-17,Blockdaemon Inc.,1.0,1.0,3,0,0,0,0
2026-02-17,Creit Technologies LLP,1.0,1.0,3,0,0,0,0
2026-02-17,Franklin Templeton,1.0,1.0,3,0,0,0,0
2026-02-17,LOBSTR,1.0,0.0,5,1,0,1,0
2026-02-17,Public Node,1.0,1.0,3,0,0,0,0
2026-02-17,SatoshiPay,1.0,0.0,3,1,0,1,0
2026-02-17,Stellar Development Foundation,1.0,1.0,3,0,0,0,0
2026-02-18,Blockdaemon Inc.,1.0,1.0,3,0,0,0,0
2026-02-18,Creit Technologies LLP,1.0,1.0,3,0,0,0,0
2026-02-18,Franklin Templeton,1.0,1.0,3,0,0,0,0
2026-02-18,LOBSTR,1.0,0.0,5,1,0,1,0
2026-02-18,Public Node,1.0,1.0,3,0,0,0,0
2026-02-18,SatoshiPay,0.9931,0.0,3,1,0,1,0
2026-02-18,Stellar Development Foundation,1.0,1.0,3,0,0,0,0
2026-02-19,Blockdaemon Inc.,1.0,1.0,3,0,0,0,0
2026-02-19,Creit Technologies LLP,1.0,1.0,3,0,0,0,0
2026-02-19,Franklin Templeton,1.0,1.0,3,0,0,0,0
2026-02-19,LOBSTR,1.0,0.0,5,1,0,1,0
2026-02-19,Public Node,1.0,1.0,3,0,0,0,0
2026-02-19,SatoshiPay,1.0,0.0,3,1,0,1,0
2026-02-19,Stellar Development Foundation,1.0,1.0,3,0,0,0,0
2026-02-20,Blockdaemon Inc.,1.0,1.0,3,0,0,0,0
2026-02-20,Creit Technologies LLP,1.0,1.0,3,0,0,0,0
2026-02-20,Franklin Templeton,1.0,1.0,3,0,0,0,0
2026-02-20,LOBSTR,1.0,0.0,5,1,0,1,0
2026-02-20,Public Node,1.0,1.0,3,0,0,0,0
2026-02-20,SatoshiPay,1.0,0.0,3,1,0,1,0
2026-02-20,Stellar Development Foundation,1.0,1.0,3,0,0,0,0
2026-02-21,Blockdaemon Inc.,1.0,1.0,3,0,0,0,0
2026-02-21,Creit Technologies LLP,1.0,1.0,3,0,0,0,0
2026-02-21,Franklin Templeton,1.0,1.0,3,0,0,0,0
2026-02-21,LOBSTR,1.0,0.0,5,1,0,1,0
2026-02-21,Public Node,1.0,0.9965,3,0,0,0,0
2026-02-21,SatoshiPay,1.0,0.0,3,1,0,1,0
2026-02-21,Stellar Development Foundation,1.0,1.0,3,0,0,0,0
2026-02-22,Blockdaemon Inc.,0.9965,0.9965,3,0,0,0,0
2026-02-22,Creit Technologies LLP,1.0,0.9965,3,0,0,0,0
2026-02-22,Franklin Templeton,1.0,0.9965,3,0,0,0,0
2026-02-22,LOBSTR,1.0,0.0,5,1,0,1,0
2026-02-22,Public Node,1.0,1.0,3,0,0,0,0
2026-02-22,SatoshiPay,0.9965,0.0,3,1,0,1,0
2026-02-22,Stellar Development Foundation,1.0,0.9965,3,0,0,0,0
2026-02-23,Blockdaemon Inc.,1.0,1.0,3,0,0,0,0
2026-02-23,Creit Technologies LLP,1.0,1.0,3,0,0,0,0
2026-02-23,Franklin Templeton,1.0,1.0,3,0,0,0,0
2026-02-23,LOBSTR,1.0,0.0,5,1,0,1,0
2026-02-23,Public Node,1.0,1.0,3,0,0,0,0
2026-02-23,SatoshiPay,0.9826,0.0,3,1,0,1,0
2026-02-23,Stellar Development Foundation,1.0,0.9965,3,0,0,0,0
2026-02-24,Blockdaemon Inc.,1.0,0.9965,3,0,0,0,0
2026-02-24,Creit Technologies LLP,1.0,1.0,3,0,0,0,0
2026-02-24,Franklin Templeton,1.0,1.0,3,0,0,0,0
2026-02-24,LOBSTR,1.0,0.0,5,1,0,1,0
2026-02-24,Public Node,1.0,1.0,3,0,0,0,0
2026-02-24,SatoshiPay,1.0,0.7951,3,1,0,0,0
2026-02-24,Stellar Development Foundation,1.0,1.0,3,0,0,0,0
2026-02-25,Blockdaemon Inc.,1.0,1.0,3,0,0,0,0
2026-02-25,Creit Technologies LLP,1.0,1.0,3,0,0,0,0
2026-02-25,Franklin Templeton,1.0,1.0,3,0,0,0,0
2026-02-25,LOBSTR,1.0,0.0,5,1,0,1,0
2026-02-25,Public Node,1.0,1.0,3,0,0,0,0
2026-02-25,SatoshiPay,1.0,1.0,3,0,0,0,0
2026-02-25,Stellar Development Foundation,1.0,1.0,3,0,0,0,0
2026-02-26,Blockdaemon Inc.,1.0,1.0,3,0,0,0,0
2026-02-26,Creit Technologies LLP,1.0,1.0,3,0,0,0,0
2026-02-26,Franklin Templeton,1.0,1.0,3,0,0,0,0
2026-02-26,LOBSTR,1.0,0.0,5,1,0,1,0
2026-02-26,Public Node,1.0,1.0,3,0,0,0,0
2026-02-26,SatoshiPay,1.0,1.0,3,0,0,0,0
2026-02-26,Stellar Development Foundation,1.0,1.0,3,0,0,0,0
2026-02-27,Blockdaemon Inc.,1.0,1.0,3,0,0,0,0
2026-02-27,Creit Technologies LLP,1.0,1.0,3,0,0,0,0
2026-02-27,Franklin Templeton,1.0,1.0,3,0,0,0,0
2026-02-27,LOBSTR,1.0,0.0,5,1,0,1,0
2026-02-27,Public Node,1.0,1.0,3,0,0,0,0
2026-02-27,SatoshiPay,1.0,0.9931,3,0,0,0,0
2026-02-27,Stellar Development Foundation,1.0,1.0,3,0,0,0,0
2026-02-28,Blockdaemon Inc.,1.0,1.0,3,0,0,0,0
2026-02-28,Creit Technologies LLP,1.0,1.0,3,0,0,0,0
2026-02-28,Franklin Templeton,1.0,1.0,3,0,0,0,0
2026-02-28,LOBSTR,1.0,0.0,5,1,0,1,0
2026-02-28,Public Node,1.0,1.0,3,0,0,0,0
2026-02-28,SatoshiPay,1.0,0.9965,3,0,0,0,0
2026-02-28,Stellar Development Foundation,1.0,1.0,3,0,0,0,0
2026-03-01,Blockdaemon Inc.,1.0,1.0,3,0,0,0,0
2026-03-01,Creit Technologies LLP,1.0,1.0,3,0,0,0,0
2026-03-01,Franklin Templeton,1.0,1.0,3,0,0,0,0
2026-03-01,LOBSTR,1.0,0.0,5,1,0,1,0
2026-03-01,Public Node,1.0,1.0,3,0,0,0,0
2026-03-01,SatoshiPay,1.0,0.9965,3,0,0,0,0
2026-03-01,Stellar Development Foundation,1.0,1.0,3,0,0,0,0
2026-03-02,Blockdaemon Inc.,1.0,1.0,3,0,0,0,0
2026-03-02,Creit Technologies LLP,1.0,1.0,3,0,0,0,0
2026-03-02,Franklin Templeton,1.0,1.0,3,0,0,0,0
2026-03-02,LOBSTR,1.0,0.0,5,1,0,1,0
2026-03-02,Public Node,1.0,1.0,3,0,0,0,0
2026-03-02,SatoshiPay,1.0,0.9965,3,0,0,0,0
2026-03-02,Stellar Development Foundation,1.0,1.0,3,0,0,0,0
2026-03-03,Blockdaemon Inc.,1.0,1.0,3,0,0,0,0
2026-03-03,Creit Technologies LLP,1.0,0.9965,3,0,0,0,0
2026-03-03,Franklin Templeton,1.0,1.0,3,0,0,0,0
2026-03-03,LOBSTR,1.0,0.0,5,1,0,1,0
2026-03-03,Public Node,1.0,1.0,3,0,0,0,0
2026-03-03,SatoshiPay,1.0,1.0,3,0,0,0,0
2026-03-03,Stellar Development Foundation,1.0,1.0,3,0,0,0,0
2026-03-04,Blockdaemon Inc.,0.9931,0.9931,3,0,0,0,0
2026-03-04,Creit Technologies LLP,1.0,0.9965,3,0,0,0,0
2026-03-04,Franklin Templeton,1.0,1.0,3,0,0,0,0
2026-03-04,LOBSTR,1.0,0.0,5,1,0,1,0
2026-03-04,Public Node,1.0,1.0,3,0,0,0,0
2026-03-04,SatoshiPay,1.0,1.0,3,0,0,0,0
2026-03-04,Stellar Development Foundation,1.0,1.0,3,0,0,0,0
2026-03-05,Blockdaemon Inc.,1.0,1.0,3,0,0,0,0
2026-03-05,Creit Technologies LLP,1.0,1.0,3,0,0,0,0
2026-03-05,Franklin Templeton,1.0,0.9618,3,0,0,0,0
2026-03-05,LOBSTR,1.0,0.0,5,1,0,1,0
2026-03-05,Public Node,1.0,1.0,3,0,0,0,0
2026-03-05,SatoshiPay,1.0,0.9931,3,0,0,0,0
2026-03-05,Stellar Development Foundation,1.0,1.0,3,0,0,0,0
2026-03-06,Blockdaemon Inc.,1.0,1.0,3,0,0,0,0
2026-03-06,Creit Technologies LLP,1.0,1.0,3,0,0,0,0
2026-03-06,Franklin Templeton,1.0,1.0,3,0,0,0,0
2026-03-06,LOBSTR,1.0,0.0,5,1,0,1,0
2026-03-06,Public Node,1.0,1.0,3,0,0,0,0
2026-03-06,SatoshiPay,1.0,0.9965,3,0,0,0,0
2026-03-06,Stellar Development Foundation,1.0,1.0,3,0,0,0,0
2026-03-07,Blockdaemon Inc.,1.0,1.0,3,0,0,0,0
2026-03-07,Creit Technologies LLP,1.0,1.0,3,0,0,0,0
2026-03-07,Franklin Templeton,1.0,1.0,3,0,0,0,0
2026-03-07,LOBSTR,1.0,0.0,5,1,0,1,0
2026-03-07,Public Node,1.0,1.0,3,0,0,0,0
2026-03-07,SatoshiPay,1.0,1.0,3,0,0,0,0
2026-03-07,Stellar Development Foundation,1.0,1.0,3,0,0,0,0
2026-03-08,Blockdaemon Inc.,1.0,1.0,3,0,0,0,0
2026-03-08,Creit Technologies LLP,1.0,1.0,3,0,0,0,0
2026-03-08,Franklin Templeton,1.0,1.0,3,0,0,0,0
2026-03-08,LOBSTR,1.0,0.0,5,1,0,1,0
2026-03-08,Public Node,1.0,1.0,3,0,0,0,0
2026-03-08,SatoshiPay,1.0,1.0,3,0,0,0,0
2026-03-08,Stellar Development Foundation,1.0,1.0,3,0,0,0,0
2026-03-09,Blockdaemon Inc.,1.0,1.0,3,0,0,0,0
2026-03-09,Creit Technologies LLP,1.0,1.0,3,0,0,0,0
2026-03-09,Franklin Templeton,1.0,1.0,3,0,0,0,0
2026-03-09,LOBSTR,1.0,0.0,5,1,0,1,0
2026-03-09,Public Node,1.0,1.0,3,0,0,0,0
2026-03-09,SatoshiPay,1.0,1.0,3,0,0,0,0
2026-03-09,Stellar Development Foundation,1.0,1.0,3,0,0,0,0
2026-03-10,Blockdaemon Inc.,1.0,1.0,3,0,0,0,0
2026-03-10,Creit Technologies LLP,1.0,1.0,3,0,0,0,0
2026-03-10,Franklin Templeton,1.0,1.0,3,0,0,0,0
2026-03-10,LOBSTR,1.0,0.0,5,1,0,1,0
2026-03-10,Public Node,1.0,1.0,3,0,0,0,0
2026-03-10,SatoshiPay,1.0,1.0,3,0,0,0,0
2026-03-10,Stellar Development Foundation,1.0,1.0,3,0,0,0,0
2026-03-11,Blockdaemon Inc.,1.0,1.0,3,0,0,0,0
2026-03-11,Creit Technologies LLP,1.0,1.0,3,0,0,0,0
2026-03-11,Franklin Templeton,1.0,1.0,3,0,0,0,0
2026-03-11,LOBSTR,1.0,0.0,5,1,0,1,0
2026-03-11,Public Node,1.0,1.0,3,0,0,0,0
2026-03-11,SatoshiPay,1.0,1.0,3,0,0,0,0
2026-03-11,Stellar Development Foundation,1.0,0.9965,3,0,0,0,0
2026-03-12,Blockdaemon Inc.,1.0,1.0,3,0,0,0,0
2026-03-12,Creit Technologies LLP,1.0,1.0,3,0,0,0,0
2026-03-12,Franklin Templeton,1.0,1.0,3,0,0,0,0
2026-03-12,LOBSTR,1.0,0.0,5,1,0,1,0
2026-03-12,Public Node,1.0,1.0,3,0,0,0,0
2026-03-12,SatoshiPay,1.0,1.0,3,0,0,0,0
2026-03-12,Stellar Development Foundation,1.0,0.9965,3,0,0,0,0
2026-03-13,Blockdaemon Inc.,1.0,1.0,3,0,0,0,0
2026-03-13,Creit Technologies LLP,1.0,1.0,3,0,0,0,0
2026-03-13,Franklin Templeton,1.0,1.0,3,0,0,0,0
2026-03-13,LOBSTR,1.0,0.0,5,1,0,1,0
2026-03-13,Public Node,1.0,1.0,3,0,0,0,0
2026-03-13,SatoshiPay,1.0,0.9965,3,0,0,0,0
2026-03-13,Stellar Development Foundation,1.0,1.0,3,0,0,0,0
2026-03-14,Blockdaemon Inc.,1.0,1.0,3,0,0,0,0
2026-03-14,Creit Technologies LLP,1.0,1.0,3,0,0,0,0
2026-03-14,Franklin Templeton,1.0,1.0,3,0,0,0,0
2026-03-14,LOBSTR,1.0,0.0,5,1,0,1,0
2026-03-14,Public Node,1.0,1.0,3,0,0,0,0
2026-03-14,SatoshiPay,1.0,0.9792,3,0,0,0,0
2026-03-14,Stellar Development Foundation,1.0,1.0,3,0,0,0,0
2026-03-15,Blockdaemon Inc.,1.0,1.0,3,0,0,0,0
2026-03-15,Creit Technologies LLP,1.0,1.0,3,0,0,0,0
2026-03-15,Franklin Templeton,1.0,1.0,3,0,0,0,0
2026-03-15,LOBSTR,1.0,0.0,5,1,0,1,0
2026-03-15,Public Node,1.0,0.9965,3,0,0,0,0
2026-03-15,SatoshiPay,1.0,1.0,3,0,0,0,0
2026-03-15,Stellar Development Foundation,1.0,1.0,3,0,0,0,0
2026-03-16,Blockdaemon Inc.,1.0,0.9965,3,0,0,0,0
2026-03-16,Creit Technologies LLP,1.0,1.0,3,0,0,0,0
2026-03-16,Franklin Templeton,1.0,1.0,3,0,0,0,0
2026-03-16,LOBSTR,1.0,0.0,5,1,0,1,0
2026-03-16,Public Node,1.0,1.0,3,0,0,0,0
2026-03-16,SatoshiPay,1.0,1.0,3,0,0,0,0
2026-03-16,Stellar Development Foundation,1.0,1.0,3,0,0,0,0
2026-03-17,Blockdaemon Inc.,1.0,1.0,3,0,0,0,0
2026-03-17,Creit Technologies LLP,1.0,1.0,3,0,0,0,0
2026-03-17,Franklin Templeton,1.0,1.0,3,0,0,0,0
2026-03-17,LOBSTR,1.0,0.0,5,1,0,1,0
2026-03-17,Public Node,1.0,1.0,3,0,0,0,0
2026-03-17,SatoshiPay,1.0,1.0,3,0,0,0,0
2026-03-17,Stellar Development Foundation,1.0,1.0,3,0,0,0,0
2026-03-18,Blockdaemon Inc.,1.0,1.0,3,0,0,0,0
2026-03-18,Creit Technologies LLP,1.0,1.0,3,0,0,0,0
2026-03-18,Franklin Templeton,1.0,1.0,3,0,0,0,0
2026-03-18,LOBSTR,1.0,0.0,5,1,0,1,0
2026-03-18,Public Node,1.0,1.0,3,0,0,0,0
2026-03-18,SatoshiPay,1.0,0.9931,3,0,0,0,0
2026-03-18,Stellar Development Foundation,1.0,1.0,3,0,0,0,0
2026-03-19,Blockdaemon Inc.,1.0,1.0,3,0,0,0,0
2026-03-19,Creit Technologies LLP,1.0,1.0,3,0,0,0,0
2026-03-19,Franklin Templeton,1.0,1.0,3,0,0,0,0
2026-03-19,LOBSTR,1.0,0.0,5,1,0,1,0
2026-03-19,Public Node,1.0,1.0,3,0,0,0,0
2026-03-19,SatoshiPay,1.0,0.9861,3,0,0,0,0
2026-03-19,Stellar Development Foundation,1.0,1.0,3,0,0,0,0
2026-03-20,Blockdaemon Inc.,1.0,0.9965,3,0,0,0,0
2026-03-20,Creit Technologies LLP,1.0,1.0,3,0,0,0,0
2026-03-20,Franklin Templeton,1.0,1.0,3,0,0,0,0
2026-03-20,LOBSTR,1.0,0.0,5,1,0,1,0
2026-03-20,Public Node,1.0,1.0,3,0,0,0,0
2026-03-20,SatoshiPay,1.0,0.9965,3,0,0,0,0
2026-03-20,Stellar Development Foundation,1.0,1.0,3,0,0,0,0
2026-03-21,Blockdaemon Inc.,1.0,1.0,3,0,0,0,0
2026-03-21,Creit Technologies LLP,1.0,1.0,3,0,0,0,0
2026-03-21,Franklin Templeton,1.0,1.0,3,0,0,0,0
2026-03-21,LOBSTR,1.0,0.0,5,1,0,1,0
2026-03-21,Public Node,1.0,1.0,3,0,0,0,0
2026-03-21,SatoshiPay,1.0,1.0,3,0,0,0,0
2026-03-21,Stellar Development Foundation,1.0,1.0,3,0,0,0,0
2026-03-22,Blockdaemon Inc.,1.0,1.0,3,0,0,0,0
2026-03-22,Creit Technologies LLP,1.0,1.0,3,0,0,0,0
2026-03-22,Franklin Templeton,1.0,1.0,3,0,0,0,0
2026-03-22,LOBSTR,1.0,0.0,5,1,0,1,0
2026-03-22,Public Node,1.0,1.0,3,0,0,0,0
2026-03-22,SatoshiPay,1.0,1.0,3,0,0,0,0
2026-03-22,Stellar Development Foundation,1.0,1.0,3,0,0,0,0
2026-03-23,Blockdaemon Inc.,1.0,1.0,3,0,0,0,0
2026-03-23,Creit Technologies LLP,1.0,1.0,3,0,0,0,0
2026-03-23,Franklin Templeton,1.0,0.9965,3,0,0,0,0
2026-03-23,LOBSTR,1.0,0.0,5,1,0,1,0
2026-03-23,Public Node,1.0,1.0,3,0,0,0,0
2026-03-23,SatoshiPay,1.0,1.0,3,0,0,0,0
2026-03-23,Stellar Development Foundation,1.0,1.0,3,0,0,0,0
2026-03-24,Blockdaemon Inc.,1.0,1.0,3,0,0,0,0
2026-03-24,Creit Technologies LLP,1.0,1.0,3,0,0,0,0
2026-03-24,Franklin Templeton,1.0,1.0,3,0,0,0,0
2026-03-24,LOBSTR,1.0,0.0,5,1,0,1,0
2026-03-24,Public Node,1.0,0.9965,3,0,0,0,0
2026-03-24,SatoshiPay,1.0,0.9896,3,0,0,0,0
2026-03-24,Stellar Development Foundation,1.0,1.0,3,0,0,0,0
2026-03-25,Blockdaemon Inc.,1.0,1.0,3,0,0,0,0
2026-03-25,Creit Technologies LLP,1.0,1.0,3,0,0,0,0
2026-03-25,Franklin Templeton,1.0,1.0,3,0,0,0,0
2026-03-25,LOBSTR,1.0,0.0,5,1,0,1,0
2026-03-25,Public Node,1.0,1.0,3,0,0,0,0
2026-03-25,SatoshiPay,1.0,0.9931,3,0,0,0,0
2026-03-25,Stellar Development Foundation,1.0,1.0,3,0,0,0,0
2026-03-26,Blockdaemon Inc.,1.0,1.0,3,0,0,0,0
2026-03-26,Creit Technologies LLP,1.0,1.0,3,0,0,0,0
2026-03-26,Franklin Templeton,1.0,1.0,3,0,0,0,0
2026-03-26,LOBSTR,1.0,0.0,5,1,0,1,0
2026-03-26,Public Node,1.0,1.0,3,0,0,0,0
2026-03-26,SatoshiPay,1.0,1.0,3,0,0,0,0
2026-03-26,Stellar Development Foundation,1.0,1.0,3,0,0,0,0
2026-03-27,Blockdaemon Inc.,1.0,1.0,3,0,0,0,0
2026-03-27,Creit Technologies LLP,1.0,1.0,3,0,0,0,0
2026-03-27,Franklin Templeton,1.0,1.0,3,0,0,0,0
2026-03-27,LOBSTR,1.0,0.0,5,1,0,1,0
2026-03-27,Public Node,1.0,1.0,3,0,0,0,0
2026-03-27,SatoshiPay,1.0,1.0,3,0,0,0,0
2026-03-27,Stellar Development Foundation,1.0,1.0,3,0,0,0,0
2026-03-28,Blockdaemon Inc.,1.0,1.0,3,0,0,0,0
2026-03-28,Creit Technologies LLP,1.0,1.0,3,0,0,0,0
2026-03-28,Franklin Templeton,1.0,1.0,3,0,0,0,0
2026-03-28,LOBSTR,1.0,0.0,5,1,0,1,0
2026-03-28,Public Node,1.0,1.0,3,0,0,0,0
2026-03-28,SatoshiPay,1.0,1.0,3,0,0,0,0
2026-03-28,Stellar Development Foundation,1.0,1.0,3,0,0,0,0
2026-03-29,Blockdaemon Inc.,1.0,1.0,3,0,0,0,0
2026-03-29,Creit Technologies LLP,1.0,1.0,3,0,0,0,0
2026-03-29,Franklin Templeton,1.0,1.0,3,0,0,0,0
2026-03-29,LOBSTR,1.0,0.0,5,1,0,1,0
2026-03-29,Public Node,1.0,1.0,3,0,0,0,0
2026-03-29,SatoshiPay,1.0,0.9965,3,0,0,0,0
2026-03-29,Stellar Development Foundation,1.0,1.0,3,0,0,0,0
2026-03-30,Blockdaemon Inc.,1.0,1.0,3,0,0,0,0
2026-03-30,Creit Technologies LLP,1.0,1.0,3,0,0,0,0
2026-03-30,Franklin Templeton,1.0,1.0,3,0,0,0,0
2026-03-30,LOBSTR,1.0,0.0,5,1,0,1,0
2026-03-30,Public Node,1.0,0.9896,3,0,0,0,0
2026-03-30,SatoshiPay,1.0,1.0,3,0,0,0,0
2026-03-30,Stellar Development Foundation,1.0,0.9931,3,0,0,0,0
2026-03-31,Blockdaemon Inc.,1.0,1.0,3,0,0,0,0
2026-03-31,Creit Technologies LLP,1.0,1.0,3,0,0,0,0
2026-03-31,Franklin Templeton,1.0,1.0,3,0,0,0,0
2026-03-31,LOBSTR,1.0,0.0,5,1,0,1,0
2026-03-31,Public Node,1.0,1.0,3,0,0,0,0
2026-03-31,SatoshiPay,1.0,1.0,3,0,0,0,0
2026-03-31,Stellar Development Foundation,1.0,1.0,3,0,0,0,0
2026-04-01,Blockdaemon Inc.,1.0,1.0,3,0,0,0,0
2026-04-01,Creit Technologies LLP,1.0,1.0,3,0,0,0,0
2026-04-01,Franklin Templeton,1.0,1.0,3,0,0,0,0
2026-04-01,LOBSTR,1.0,0.0,5,1,0,1,0
2026-04-01,Public Node,1.0,1.0,3,0,0,0,0
2026-04-01,SatoshiPay,1.0,1.0,3,0,0,0,0
2026-04-01,Stellar Development Foundation,1.0,1.0,3,0,0,0,0
2026-04-02,Blockdaemon Inc.,1.0,1.0,3,0,0,0,0
2026-04-02,Creit Technologies LLP,1.0,1.0,3,0,0,0,0
2026-04-02,Franklin Templeton,1.0,1.0,3,0,0,0,0
2026-04-02,LOBSTR,1.0,0.0,5,1,0,1,0
2026-04-02,Public Node,1.0,1.0,3,0,0,0,0
2026-04-02,SatoshiPay,1.0,1.0,3,0,0,0,0
2026-04-02,Stellar Development Foundation,1.0,1.0,3,0,0,0,0
2026-04-03,Blockdaemon Inc.,1.0,1.0,3,0,0,0,0
2026-04-03,Creit Technologies LLP,1.0,1.0,3,0,0,0,0
2026-04-03,Franklin Templeton,1.0,1.0,3,0,0,0,0
2026-04-03,LOBSTR,1.0,0.0,5,1,0,1,0
2026-04-03,Public Node,1.0,1.0,3,0,0,0,0
2026-04-03,SatoshiPay,1.0,1.0,3,0,0,0,0
2026-04-03,Stellar Development Foundation,1.0,1.0,3,0,0,0,0
2026-04-04,Blockdaemon Inc.,1.0,1.0,3,0,0,0,0
2026-04-04,Creit Technologies LLP,1.0,1.0,3,0,0,0,0
2026-04-04,Franklin Templeton,1.0,1.0,3,0,0,0,0
2026-04-04,LOBSTR,1.0,0.0,5,1,0,1,0
2026-04-04,Public Node,1.0,1.0,3,0,0,0,0
2026-04-04,SatoshiPay,1.0,1.0,3,0,0,0,0
2026-04-04,Stellar Development Foundation,1.0,1.0,3,0,0,0,0
2026-04-05,Blockdaemon Inc.,1.0,1.0,3,0,0,0,0
2026-04-05,Creit Technologies LLP,1.0,1.0,3,0,0,0,0
2026-04-05,Franklin Templeton,1.0,1.0,3,0,0,0,0
2026-04-05,LOBSTR,1.0,0.0,5,1,0,1,0
2026-04-05,Public Node,1.0,1.0,3,0,0,0,0
2026-04-05,SatoshiPay,1.0,1.0,3,0,0,0,0
2026-04-05,Stellar Development Foundation,1.0,1.0,3,0,0,0,0
2026-04-06,Blockdaemon Inc.,1.0,1.0,3,0,0,0,0
2026-04-06,Creit Technologies LLP,1.0,1.0,3,0,0,0,0
2026-04-06,Franklin Templeton,1.0,1.0,3,0,0,0,0
2026-04-06,LOBSTR,1.0,0.0,5,1,0,1,0
2026-04-06,Public Node,1.0,1.0,3,0,0,0,0
2026-04-06,SatoshiPay,1.0,1.0,3,0,0,0,0
2026-04-06,Stellar Development Foundation,1.0,1.0,3,0,0,0,0
2026-04-07,Blockdaemon Inc.,1.0,1.0,3,0,0,0,0
2026-04-07,Creit Technologies LLP,1.0,1.0,3,0,0,0,0
2026-04-07,Franklin Templeton,1.0,1.0,3,0,0,0,0
2026-04-07,LOBSTR,1.0,0.0,5,1,0,1,0
2026-04-07,Public Node,1.0,1.0,3,0,0,0,0
2026-04-07,SatoshiPay,1.0,1.0,3,0,0,0,0
2026-04-07,Stellar Development Foundation,1.0,0.9965,3,0,0,0,0
2026-04-08,Blockdaemon Inc.,0.9965,0.9931,3,0,0,0,0
2026-04-08,Creit Technologies LLP,1.0,0.9931,3,0,0,0,0
2026-04-08,Franklin Templeton,1.0,1.0,3,0,0,0,0
2026-04-08,LOBSTR,1.0,0.0,5,1,0,1,0
2026-04-08,Public Node,1.0,1.0,3,0,0,0,0
2026-04-08,SatoshiPay,1.0,1.0,3,0,0,0,0
2026-04-08,Stellar Development Foundation,1.0,1.0,3,0,0,0,0
2026-04-09,Blockdaemon Inc.,1.0,1.0,3,0,0,0,0
2026-04-09,Creit Technologies LLP,1.0,1.0,3,0,0,0,0
2026-04-09,Franklin Templeton,1.0,1.0,3,0,0,0,0
2026-04-09,LOBSTR,1.0,0.0,5,1,0,1,0
2026-04-09,Public Node,1.0,1.0,3,0,0,0,0
2026-04-09,SatoshiPay,1.0,0.9931,3,0,0,0,0
2026-04-09,Stellar Development Foundation,1.0,1.0,3,0,0,0,0
2026-04-10,Blockdaemon Inc.,1.0,1.0,3,0,0,0,0
2026-04-10,Creit Technologies LLP,1.0,1.0,3,0,0,0,0
2026-04-10,Franklin Templeton,1.0,0.9965,3,0,0,0,0
2026-04-10,LOBSTR,1.0,0.0,5,1,0,1,0
2026-04-10,Public Node,1.0,1.0,3,0,0,0,0
2026-04-10,SatoshiPay,1.0,1.0,3,0,0,0,0
2026-04-10,Stellar Development Foundation,1.0,1.0,3,0,0,0,0
2026-04-11,Blockdaemon Inc.,1.0,1.0,3,0,0,0,0
2026-04-11,Creit Technologies LLP,1.0,1.0,3,0,0,0,0
2026-04-11,Franklin Templeton,1.0,1.0,3,0,0,0,0
2026-04-11,LOBSTR,1.0,0.0,5,1,0,1,0
2026-04-11,Public Node,1.0,1.0,3,0,0,0,0
2026-04-11,SatoshiPay,1.0,1.0,3,0,0,0,0
2026-04-11,Stellar Development Foundation,1.0,1.0,3,0,0,0,0
2026-04-12,Blockdaemon Inc.,1.0,1.0,3,0,0,0,0
2026-04-12,Creit Technologies LLP,1.0,1.0,3,0,0,0,0
2026-04-12,Franklin Templeton,1.0,1.0,3,0,0,0,0
2026-04-12,LOBSTR,1.0,0.0,5,1,0,1,0
2026-04-12,Public Node,1.0,1.0,3,0,0,0,0
2026-04-12,SatoshiPay,1.0,1.0,3,0,0,0,0
2026-04-12,Stellar Development Foundation,1.0,1.0,3,0,0,0,0
2026-04-13,Blockdaemon Inc.,1.0,1.0,3,0,0,0,0
2026-04-13,Creit Technologies LLP,1.0,1.0,3,0,0,0,0
2026-04-13,Franklin Templeton,1.0,0.9965,3,0,0,0,0
2026-04-13,LOBSTR,1.0,0.0,5,1,0,1,0
2026-04-13,Public Node,1.0,1.0,3,0,0,0,0
2026-04-13,SatoshiPay,1.0,1.0,3,0,0,0,0
2026-04-13,Stellar Development Foundation,1.0,1.0,3,0,0,0,0
2026-04-14,Blockdaemon Inc.,1.0,1.0,3,0,0,0,0
2026-04-14,Creit Technologies LLP,1.0,1.0,3,0,0,0,0
2026-04-14,Franklin Templeton,1.0,1.0,3,0,0,0,0
2026-04-14,LOBSTR,1.0,0.0,5,1,0,1,0
2026-04-14,Public Node,1.0,1.0,3,0,0,0,0
2026-04-14,SatoshiPay,1.0,1.0,3,0,0,0,0
2026-04-14,Stellar Development Foundation,1.0,1.0,3,0,0,0,0
2026-04-15,Blockdaemon Inc.,1.0,1.0,3,0,0,0,0
2026-04-15,Creit Technologies LLP,1.0,1.0,3,0,0,0,0
2026-04-15,Franklin Templeton,1.0,1.0,3,0,0,0,0
2026-04-15,LOBSTR,1.0,0.0,5,1,0,1,0
2026-04-15,Public Node,1.0,1.0,3,0,0,0,0
2026-04-15,SatoshiPay,1.0,1.0,3,0,0,0,0
2026-04-15,Stellar Development Foundation,1.0,1.0,3,0,0,0,0
2026-04-16,Blockdaemon Inc.,1.0,1.0,3,0,0,0,0
2026-04-16,Creit Technologies LLP,1.0,1.0,3,0,0,0,0
2026-04-16,Franklin Templeton,1.0,1.0,3,0,0,0,0
2026-04-16,LOBSTR,1.0,0.0,5,1,0,1,0
2026-04-16,Public Node,1.0,1.0,3,0,0,0,0
2026-04-16,SatoshiPay,1.0,0.941,3,0,0,0,0
2026-04-16,Stellar Development Foundation,1.0,1.0,3,0,0,0,0
2026-04-17,Blockdaemon Inc.,1.0,1.0,3,0,0,0,0
2026-04-17,Creit Technologies LLP,1.0,1.0,3,0,0,0,0
2026-04-17,Franklin Templeton,1.0,1.0,3,0,0,0,0
2026-04-17,LOBSTR,1.0,0.0,5,1,0,1,0
2026-04-17,Public Node,1.0,1.0,3,0,0,0,0
2026-04-17,SatoshiPay,1.0,1.0,3,0,0,0,0
2026-04-17,Stellar Development Foundation,1.0,0.8854,3,1,0,0,0
2026-04-18,Blockdaemon Inc.,1.0,1.0,3,0,0,0,0
2026-04-18,Creit Technologies LLP,1.0,1.0,3,0,0,0,0
2026-04-18,Franklin Templeton,1.0,1.0,3,0,0,0,0
2026-04-18,LOBSTR,1.0,0.0,5,1,0,1,0
2026-04-18,Public Node,1.0,1.0,3,0,0,0,0
2026-04-18,SatoshiPay,1.0,1.0,3,0,0,0,0
2026-04-18,Stellar Development Foundation,1.0,1.0,3,0,0,0,0
2026-04-19,Blockdaemon Inc.,1.0,1.0,3,0,0,0,0
2026-04-19,Creit Technologies LLP,1.0,1.0,3,0,0,0,0
2026-04-19,Franklin Templeton,1.0,1.0,3,0,0,0,0
2026-04-19,LOBSTR,1.0,0.0,5,1,0,1,0
2026-04-19,Public Node,1.0,1.0,3,0,0,0,0
2026-04-19,SatoshiPay,1.0,1.0,3,0,0,0,0
2026-04-19,Stellar Development Foundation,1.0,1.0,3,0,0,0,0
2026-04-20,Blockdaemon Inc.,1.0,1.0,3,0,0,0,0
2026-04-20,Creit Technologies LLP,1.0,1.0,3,0,0,0,0
2026-04-20,Franklin Templeton,1.0,1.0,3,0,0,0,0
2026-04-20,LOBSTR,1.0,0.0,5,1,0,1,0
2026-04-20,Public Node,1.0,1.0,3,0,0,0,0
2026-04-20,SatoshiPay,1.0,1.0,3,0,0,0,0
2026-04-20,Stellar Development Foundation,1.0,0.9965,3,0,0,0,0
2026-04-21,Blockdaemon Inc.,1.0,1.0,3,0,0,0,0
2026-04-21,Creit Technologies LLP,1.0,1.0,3,0,0,0,0
2026-04-21,Franklin Templeton,1.0,1.0,3,0,0,0,0
2026-04-21,LOBSTR,1.0,0.0,5,1,0,1,0
2026-04-21,Public Node,1.0,1.0,3,0,0,0,0
2026-04-21,SatoshiPay,1.0,1.0,3,0,0,0,0
2026-04-21,Stellar Development Foundation,1.0,1.0,3,0,0,0,0
2026-04-22,Blockdaemon Inc.,1.0,1.0,3,0,0,0,0
2026-04-22,Creit Technologies LLP,1.0,1.0,3,0,0,0,0
2026-04-22,Franklin Templeton,1.0,1.0,3,0,0,0,0
2026-04-22,LOBSTR,1.0,0.0,5,1,0,1,0
2026-04-22,Public Node,1.0,0.9965,3,0,0,0,0
2026-04-22,SatoshiPay,1.0,0.9931,3,0,0,0,0
2026-04-22,Stellar Development Foundation,1.0,1.0,3,0,0,0,0
2026-04-23,Blockdaemon Inc.,1.0,1.0,3,0,0,0,0
2026-04-23,Creit Technologies LLP,1.0,1.0,3,0,0,0,0
2026-04-23,Franklin Templeton,1.0,0.9896,3,0,0,0,0
2026-04-23,LOBSTR,1.0,0.0,5,1,0,1,0
2026-04-23,Public Node,1.0,0.9965,3,0,0,0,0
2026-04-23,SatoshiPay,1.0,1.0,3,0,0,0,0
2026-04-23,Stellar Development Foundation,1.0,1.0,3,0,0,0,0
2026-04-24,Blockdaemon Inc.,1.0,1.0,3,0,0,0,0
2026-04-24,Creit Technologies LLP,1.0,1.0,3,0,0,0,0
2026-04-24,Franklin Templeton,1.0,1.0,3,0,0,0,0
2026-04-24,LOBSTR,1.0,0.0,5,1,0,1,0
2026-04-24,Public Node,1.0,1.0,3,0,0,0,0
2026-04-24,SatoshiPay,1.0,0.9236,3,0,0,0,0
2026-04-24,Stellar Development Foundation,1.0,1.0,3,0,0,0,0
2026-04-25,Blockdaemon Inc.,1.0,1.0,3,0,0,0,0
2026-04-25,Creit Technologies LLP,1.0,1.0,3,0,0,0,0
2026-04-25,Franklin Templeton,1.0,1.0,3,0,0,0,0
2026-04-25,LOBSTR,1.0,0.0,5,1,0,1,0
2026-04-25,Public Node,1.0,1.0,3,0,0,0,0
2026-04-25,SatoshiPay,1.0,1.0,3,0,0,0,0
2026-04-25,Stellar Development Foundation,1.0,1.0,3,0,0,0,0
2026-04-26,Blockdaemon Inc.,1.0,1.0,3,0,0,0,0
2026-04-26,Creit Technologies LLP,1.0,1.0,3,0,0,0,0
2026-04-26,Franklin Templeton,1.0,1.0,3,0,0,0,0
2026-04-26,LOBSTR,1.0,0.0,5,1,0,1,0
2026-04-26,Public Node,1.0,1.0,3,0,0,0,0
2026-04-26,SatoshiPay,1.0,0.9792,3,0,0,0,0
2026-04-26,Stellar Development Foundation,1.0,1.0,3,0,0,0,0
2026-04-27,Blockdaemon Inc.,1.0,1.0,3,0,0,0,0
2026-04-27,Creit Technologies LLP,1.0,1.0,3,0,0,0,0
2026-04-27,Franklin Templeton,1.0,1.0,3,0,0,0,0
2026-04-27,LOBSTR,1.0,0.0,5,1,0,1,0
2026-04-27,Public Node,1.0,1.0,3,0,0,0,0
2026-04-27,SatoshiPay,1.0,1.0,3,0,0,0,0
2026-04-27,Stellar Development Foundation,1.0,1.0,3,0,0,0,0
2026-04-28,Blockdaemon Inc.,1.0,1.0,3,0,0,0,0
2026-04-28,Creit Technologies LLP,1.0,1.0,3,0,0,0,0
2026-04-28,Franklin Templeton,1.0,1.0,3,0,0,0,0
2026-04-28,LOBSTR,1.0,0.0,5,1,0,1,0
2026-04-28,Public Node,1.0,1.0,3,0,0,0,0
2026-04-28,SatoshiPay,1.0,1.0,3,0,0,0,0
2026-04-28,Stellar Development Foundation,1.0,1.0,3,0,0,0,0
2026-04-29,Blockdaemon Inc.,1.0,1.0,3,0,0,0,0
2026-04-29,Creit Technologies LLP,1.0,1.0,3,0,0,0,0
2026-04-29,Franklin Templeton,1.0,1.0,3,0,0,0,0
2026-04-29,LOBSTR,1.0,0.0,5,1,0,1,0
2026-04-29,Public Node,1.0,1.0,3,0,0,0,0
2026-04-29,SatoshiPay,1.0,1.0,3,0,0,0,0
2026-04-29,Stellar Development Foundation,1.0,1.0,3,0,0,0,0
2026-04-30,Blockdaemon Inc.,1.0,1.0,3,0,0,0,0
2026-04-30,Creit Technologies LLP,1.0,1.0,3,0,0,0,0
2026-04-30,Franklin Templeton,1.0,1.0,3,0,0,0,0
2026-04-30,LOBSTR,1.0,0.0,5,1,0,1,0
2026-04-30,Public Node,1.0,1.0,3,0,0,0,0
2026-04-30,SatoshiPay,1.0,1.0,3,0,0,0,0
2026-04-30,Stellar Development Foundation,1.0,1.0,3,0,0,0,0
2026-05-01,Blockdaemon Inc.,1.0,1.0,3,0,0,0,0
2026-05-01,Creit Technologies LLP,1.0,1.0,3,0,0,0,0
2026-05-01,Franklin Templeton,1.0,1.0,3,0,0,0,0
2026-05-01,LOBSTR,1.0,0.0,5,1,0,1,0
2026-05-01,Public Node,1.0,1.0,3,0,0,0,0
2026-05-01,SatoshiPay,1.0,1.0,3,0,0,0,0
2026-05-01,Stellar Development Foundation,1.0,1.0,3,0,0,0,0
2026-05-02,Blockdaemon Inc.,1.0,1.0,3,0,0,0,0
2026-05-02,Creit Technologies LLP,1.0,1.0,3,0,0,0,0
2026-05-02,Franklin Templeton,1.0,1.0,3,0,0,0,0
2026-05-02,LOBSTR,1.0,0.0,5,1,0,1,0
2026-05-02,Public Node,1.0,1.0,3,0,0,0,0
2026-05-02,SatoshiPay,1.0,0.9132,3,0,0,0,0
2026-05-02,Stellar Development Foundation,1.0,1.0,3,0,0,0,0
2026-05-03,Blockdaemon Inc.,1.0,1.0,3,0,0,0,0
2026-05-03,Creit Technologies LLP,1.0,1.0,3,0,0,0,0
2026-05-03,Franklin Templeton,1.0,1.0,3,0,0,0,0
2026-05-03,LOBSTR,1.0,0.0,5,1,0,1,0
2026-05-03,Public Node,1.0,1.0,3,0,0,0,0
2026-05-03,SatoshiPay,1.0,0.1389,3,1,0,0,0
2026-05-03,Stellar Development Foundation,1.0,1.0,3,0,0,0,0
2026-05-04,Blockdaemon Inc.,1.0,1.0,3,0,0,0,0
2026-05-04,Creit Technologies LLP,1.0,1.0,3,0,0,0,0
2026-05-04,Franklin Templeton,1.0,1.0,3,0,0,0,0
2026-05-04,LOBSTR,1.0,0.0,5,1,0,1,0
2026-05-04,Public Node,1.0,1.0,3,0,0,0,0
2026-05-04,SatoshiPay,1.0,0.0,3,1,0,1,0
2026-05-04,Stellar Development Foundation,1.0,1.0,3,0,0,0,0
2026-05-05,Blockdaemon Inc.,1.0,1.0,3,0,0,0,0
2026-05-05,Creit Technologies LLP,1.0,1.0,3,0,0,0,0
2026-05-05,Franklin Templeton,1.0,1.0,3,0,0,0,0
2026-05-05,LOBSTR,1.0,0.0,5,1,0,1,0
2026-05-05,Public Node,1.0,1.0,3,0,0,0,0
2026-05-05,SatoshiPay,1.0,0.0,3,1,0,1,0
2026-05-05,Stellar Development Foundation,1.0,1.0,3,0,0,0,0
2026-05-06,Blockdaemon Inc.,1.0,1.0,3,0,0,0,0
2026-05-06,Creit Technologies LLP,1.0,1.0,3,0,0,0,0
2026-05-06,Franklin Templeton,1.0,1.0,3,0,0,0,0
2026-05-06,LOBSTR,1.0,0.0,5,1,0,1,0
2026-05-06,Public Node,1.0,0.9965,3,0,0,0,0
2026-05-06,SatoshiPay,1.0,0.5382,3,1,0,0,0
2026-05-06,Stellar Development Foundation,1.0,1.0,3,0,0,0,0
2026-05-07,Blockdaemon Inc.,1.0,1.0,3,0,0,0,0
2026-05-07,Creit Technologies LLP,1.0,1.0,3,0,0,0,0
2026-05-07,Franklin Templeton,1.0,1.0,3,0,0,0,0
2026-05-07,LOBSTR,1.0,0.0,5,1,0,1,0
2026-05-07,Public Node,1.0,1.0,3,0,0,0,0
2026-05-07,SatoshiPay,1.0,0.9931,3,0,0,0,0
2026-05-07,Stellar Development Foundation,1.0,1.0,3,0,0,0,0
2026-05-08,Blockdaemon Inc.,1.0,1.0,3,0,0,0,0
2026-05-08,Creit Technologies LLP,1.0,1.0,3,0,0,0,0
2026-05-08,Franklin Templeton,1.0,1.0,3,0,0,0,0
2026-05-08,LOBSTR,1.0,0.0,5,1,0,1,0
2026-05-08,Public Node,1.0,1.0,3,0,0,0,0
2026-05-08,SatoshiPay,1.0,1.0,3,0,0,0,0
2026-05-08,Stellar Development Foundation,1.0,1.0,3,0,0,0,0
2026-05-09,Blockdaemon Inc.,1.0,1.0,3,0,0,0,0
2026-05-09,Creit Technologies LLP,1.0,1.0,3,0,0,0,0
2026-05-09,Franklin Templeton,1.0,1.0,3,0,0,0,0
2026-05-09,LOBSTR,1.0,0.0,5,1,0,1,0
2026-05-09,Public Node,1.0,1.0,3,0,0,0,0
2026-05-09,SatoshiPay,1.0,1.0,3,0,0,0,0
2026-05-09,Stellar Development Foundation,1.0,1.0,3,0,0,0,0
2026-05-10,Blockdaemon Inc.,1.0,1.0,3,0,0,0,0
2026-05-10,Creit Technologies LLP,1.0,1.0,3,0,0,0,0
2026-05-10,Franklin Templeton,1.0,1.0,3,0,0,0,0
2026-05-10,LOBSTR,1.0,0.0,5,1,0,1,0
2026-05-10,Public Node,1.0,1.0,3,0,0,0,0
2026-05-10,SatoshiPay,1.0,1.0,3,0,0,0,0
2026-05-10,Stellar Development Foundation,1.0,1.0,3,0,0,0,0
2026-05-11,Blockdaemon Inc.,1.0,1.0,3,0,0,0,0
2026-05-11,Creit Technologies LLP,1.0,1.0,3,0,0,0,0
2026-05-11,Franklin Templeton,1.0,1.0,3,0,0,0,0
2026-05-11,LOBSTR,1.0,0.0,5,1,0,1,0
2026-05-11,Public Node,1.0,1.0,3,0,0,0,0
2026-05-11,SatoshiPay,1.0,1.0,3,0,0,0,0
2026-05-11,Stellar Development Foundation,1.0,0.9965,3,0,0,0,0
2026-05-12,Blockdaemon Inc.,1.0,1.0,3,0,0,0,0
2026-05-12,Creit Technologies LLP,1.0,1.0,3,0,0,0,0
2026-05-12,Franklin Templeton,1.0,1.0,3,0,0,0,0
2026-05-12,LOBSTR,1.0,0.0,5,1,0,1,0
2026-05-12,Public Node,1.0,1.0,3,0,0,0,0
2026-05-12,SatoshiPay,1.0,1.0,3,0,0,0,0
2026-05-12,Stellar Development Foundation,1.0,1.0,3,0,0,0,0
2026-05-13,Blockdaemon Inc.,1.0,0.9965,3,0,0,0,0
2026-05-13,Creit Technologies LLP,1.0,1.0,3,0,0,0,0
2026-05-13,Franklin Templeton,1.0,1.0,3,0,0,0,0
2026-05-13,LOBSTR,1.0,0.0,5,1,0,1,0
2026-05-13,Public Node,1.0,1.0,3,0,0,0,0
2026-05-13,SatoshiPay,1.0,0.9931,3,0,0,0,0
2026-05-13,Stellar Development Foundation,1.0,1.0,3,0,0,0,0
2026-05-14,Blockdaemon Inc.,1.0,1.0,3,0,0,0,0
2026-05-14,Creit Technologies LLP,1.0,1.0,3,0,0,0,0
2026-05-14,Franklin Templeton,1.0,0.9965,3,0,0,0,0
2026-05-14,LOBSTR,1.0,0.0,5,1,0,1,0
2026-05-14,Public Node,1.0,1.0,3,0,0,0,0
2026-05-14,SatoshiPay,1.0,0.9583,3,0,0,0,0
2026-05-14,Stellar Development Foundation,1.0,1.0,3,0,0,0,0
2026-05-15,Blockdaemon Inc.,1.0,1.0,3,0,0,0,0
2026-05-15,Creit Technologies LLP,1.0,1.0,3,0,0,0,0
2026-05-15,Franklin Templeton,1.0,1.0,3,0,0,0,0
2026-05-15,LOBSTR,1.0,0.0,5,1,0,1,0
2026-05-15,Public Node,1.0,1.0,3,0,0,0,0
2026-05-15,SatoshiPay,1.0,0.9965,3,0,0,0,0
2026-05-15,Stellar Development Foundation,1.0,1.0,3,0,0,0,0
2026-05-16,Blockdaemon Inc.,1.0,1.0,3,0,0,0,0
2026-05-16,Creit Technologies LLP,1.0,1.0,3,0,0,0,0
2026-05-16,Franklin Templeton,1.0,1.0,3,0,0,0,0
2026-05-16,LOBSTR,1.0,0.0,5,1,0,1,0
2026-05-16,Public Node,1.0,1.0,3,0,0,0,0
2026-05-16,SatoshiPay,1.0,1.0,3,0,0,0,0
2026-05-16,Stellar Development Foundation,1.0,1.0,3,0,0,0,0
2026-05-17,Blockdaemon Inc.,1.0,1.0,3,0,0,0,0
2026-05-17,Creit Technologies LLP,1.0,1.0,3,0,0,0,0
2026-05-17,Franklin Templeton,1.0,1.0,3,0,0,0,0
2026-05-17,LOBSTR,1.0,0.0,5,1,0,1,0
2026-05-17,Public Node,1.0,1.0,3,0,0,0,0
2026-05-17,SatoshiPay,1.0,1.0,3,0,0,0,0
2026-05-17,Stellar Development Foundation,1.0,1.0,3,0,0,0,0
2026-05-18,Blockdaemon Inc.,1.0,1.0,3,0,0,0,0
2026-05-18,Creit Technologies LLP,1.0,1.0,3,0,0,0,0
2026-05-18,Franklin Templeton,1.0,0.9965,3,0,0,0,0
2026-05-18,LOBSTR,1.0,0.0,5,1,0,1,0
2026-05-18,Public Node,1.0,1.0,3,0,0,0,0
2026-05-18,SatoshiPay,1.0,1.0,3,0,0,0,0
2026-05-18,Stellar Development Foundation,1.0,1.0,3,0,0,0,0
2026-05-19,Blockdaemon Inc.,1.0,1.0,3,0,0,0,0
2026-05-19,Creit Technologies LLP,1.0,1.0,3,0,0,0,0
2026-05-19,Franklin Templeton,1.0,0.9965,3,0,0,0,0
2026-05-19,LOBSTR,1.0,0.0,5,1,0,1,0
2026-05-19,Public Node,1.0,1.0,3,0,0,0,0
2026-05-19,SatoshiPay,1.0,0.9965,3,0,0,0,0
2026-05-19,Stellar Development Foundation,1.0,1.0,3,0,0,0,0
2026-05-20,Blockdaemon Inc.,1.0,1.0,3,0,0,0,0
2026-05-20,Creit Technologies LLP,1.0,1.0,3,0,0,0,0
2026-05-20,Franklin Templeton,1.0,0.9965,3,0,0,0,0
2026-05-20,LOBSTR,1.0,0.0,5,1,0,1,0
2026-05-20,Public Node,1.0,1.0,3,0,0,0,0
2026-05-20,SatoshiPay,1.0,0.9757,3,0,0,0,0
2026-05-20,Stellar Development Foundation,1.0,1.0,3,0,0,0,0
2026-05-21,Blockdaemon Inc.,1.0,1.0,3,0,0,0,0
2026-05-21,Creit Technologies LLP,1.0,1.0,3,0,0,0,0
2026-05-21,Franklin Templeton,1.0,1.0,3,0,0,0,0
2026-05-21,LOBSTR,1.0,0.0,5,1,0,1,0
2026-05-21,Public Node,1.0,1.0,3,0,0,0,0
2026-05-21,SatoshiPay,1.0,0.9722,3,0,0,0,0
2026-05-21,Stellar Development Foundation,1.0,1.0,3,0,0,0,0
2026-05-22,Blockdaemon Inc.,1.0,1.0,3,0,0,0,0
2026-05-22,Creit Technologies LLP,1.0,1.0,3,0,0,0,0
2026-05-22,Franklin Templeton,1.0,1.0,3,0,0,0,0
2026-05-22,LOBSTR,1.0,0.0,5,1,0,1,0
2026-05-22,Public Node,1.0,1.0,3,0,0,0,0
2026-05-22,SatoshiPay,1.0,0.9896,3,0,0,0,0
2026-05-22,Stellar Development Foundation,1.0,1.0,3,0,0,0,0
2026-05-23,Blockdaemon Inc.,1.0,1.0,3,0,0,0,0
2026-05-23,Creit Technologies LLP,1.0,1.0,3,0,0,0,0
2026-05-23,Franklin Templeton,1.0,1.0,3,0,0,0,0
2026-05-23,LOBSTR,1.0,0.0,5,1,0,1,0
2026-05-23,Public Node,1.0,1.0,3,0,0,0,0
2026-05-23,SatoshiPay,1.0,1.0,3,0,0,0,0
2026-05-23,Stellar Development Foundation,1.0,1.0,3,0,0,0,0
2026-05-24,Blockdaemon Inc.,1.0,1.0,3,0,0,0,0
2026-05-24,Creit Technologies LLP,1.0,1.0,3,0,0,0,0
2026-05-24,Franklin Templeton,1.0,1.0,3,0,0,0,0
2026-05-24,LOBSTR,1.0,0.0,5,1,0,1,0
2026-05-24,Public Node,1.0,1.0,3,0,0,0,0
2026-05-24,SatoshiPay,1.0,1.0,3,0,0,0,0
2026-05-24,Stellar Development Foundation,1.0,1.0,3,0,0,0,0
2026-05-25,Blockdaemon Inc.,1.0,1.0,3,0,0,0,0
2026-05-25,Creit Technologies LLP,1.0,1.0,3,0,0,0,0
2026-05-25,Franklin Templeton,1.0,1.0,3,0,0,0,0
2026-05-25,LOBSTR,1.0,0.0,5,1,0,1,0
2026-05-25,Public Node,1.0,1.0,3,0,0,0,0
2026-05-25,SatoshiPay,1.0,1.0,3,0,0,0,0
2026-05-25,Stellar Development Foundation,1.0,1.0,3,0,0,0,0
2026-05-26,Blockdaemon Inc.,1.0,1.0,3,0,0,0,0
2026-05-26,Creit Technologies LLP,1.0,1.0,3,0,0,0,0
2026-05-26,Franklin Templeton,1.0,1.0,3,0,0,0,0
2026-05-26,LOBSTR,1.0,0.0,5,1,0,1,0
2026-05-26,Public Node,1.0,1.0,3,0,0,0,0
2026-05-26,SatoshiPay,1.0,1.0,3,0,0,0,0
2026-05-26,Stellar Development Foundation,1.0,1.0,3,0,0,0,0
2026-05-27,Blockdaemon Inc.,1.0,1.0,3,0,0,0,0
2026-05-27,Creit Technologies LLP,1.0,1.0,3,0,0,0,0
2026-05-27,Franklin Templeton,1.0,0.9965,3,0,0,0,0
2026-05-27,LOBSTR,1.0,0.0,5,1,0,1,0
2026-05-27,Public Node,1.0,1.0,3,0,0,0,0
2026-05-27,SatoshiPay,1.0,0.9757,3,0,0,0,0
2026-05-27,Stellar Development Foundation,1.0,1.0,3,0,0,0,0
2026-05-28,Blockdaemon Inc.,1.0,1.0,3,0,0,0,0
2026-05-28,Creit Technologies LLP,1.0,1.0,3,0,0,0,0
2026-05-28,Franklin Templeton,1.0,1.0,3,0,0,0,0
2026-05-28,LOBSTR,1.0,0.0,5,1,0,1,0
2026-05-28,Public Node,1.0,0.9236,3,0,0,0,0
2026-05-28,SatoshiPay,1.0,0.9965,3,0,0,0,0
2026-05-28,Stellar Development Foundation,1.0,1.0,3,0,0,0,0
2026-05-29,Blockdaemon Inc.,1.0,1.0,3,0,0,0,0
2026-05-29,Creit Technologies LLP,1.0,1.0,3,0,0,0,0
2026-05-29,Franklin Templeton,1.0,1.0,3,0,0,0,0
2026-05-29,LOBSTR,1.0,0.0,5,1,0,1,0
2026-05-29,Public Node,1.0,0.7882,3,1,0,0,0
2026-05-29,SatoshiPay,1.0,0.9514,3,0,0,0,0
2026-05-29,Stellar Development Foundation,1.0,1.0,3,0,0,0,0
2026-05-30,Blockdaemon Inc.,1.0,1.0,3,0,0,0,0
2026-05-30,Creit Technologies LLP,1.0,1.0,3,0,0,0,0
2026-05-30,Franklin Templeton,1.0,1.0,3,0,0,0,0
2026-05-30,LOBSTR,1.0,0.0,5,1,0,1,0
2026-05-30,Public Node,1.0,0.6493,3,1,0,0,0
2026-05-30,SatoshiPay,0.9931,0.8368,3,1,0,0,0
2026-05-30,Stellar Development Foundation,1.0,1.0,3,0,0,0,0
2026-05-31,Blockdaemon Inc.,1.0,1.0,3,0,0,0,0
2026-05-31,Creit Technologies LLP,1.0,1.0,3,0,0,0,0
2026-05-31,Franklin Templeton,1.0,1.0,3,0,0,0,0
2026-05-31,LOBSTR,1.0,0.0,5,1,0,1,0
2026-05-31,Public Node,1.0,1.0,3,0,0,0,0
2026-05-31,SatoshiPay,0.9965,0.8229,3,1,0,0,0
2026-05-31,Stellar Development Foundation,1.0,1.0,3,0,0,0,0
2026-06-01,Blockdaemon Inc.,1.0,1.0,3,0,0,0,0
2026-06-01,Creit Technologies LLP,1.0,1.0,3,0,0,0,0
2026-06-01,Franklin Templeton,1.0,1.0,3,0,0,0,0
2026-06-01,LOBSTR,1.0,0.0,5,1,0,1,0
2026-06-01,Public Node,1.0,1.0,3,0,0,0,0
2026-06-01,SatoshiPay,0.9965,0.8507,3,1,0,0,0
2026-06-01,Stellar Development Foundation,1.0,1.0,3,0,0,0,0
2026-06-02,Blockdaemon Inc.,1.0,1.0,3,0,0,0,0
2026-06-02,Creit Technologies LLP,1.0,1.0,3,0,0,0,0
2026-06-02,Franklin Templeton,1.0,1.0,3,0,0,0,0
2026-06-02,LOBSTR,1.0,0.0,5,1,0,1,0
2026-06-02,Public Node,1.0,1.0,3,0,0,0,0
2026-06-02,SatoshiPay,1.0,0.9861,3,0,0,0,0
2026-06-02,Stellar Development Foundation,1.0,1.0,3,0,0,0,0
2026-06-03,Blockdaemon Inc.,1.0,1.0,3,0,0,0,0
2026-06-03,Creit Technologies LLP,1.0,1.0,3,0,0,0,0
2026-06-03,Franklin Templeton,1.0,1.0,3,0,0,0,0
2026-06-03,LOBSTR,1.0,0.0,5,1,0,1,0
2026-06-03,Public Node,1.0,1.0,3,0,0,0,0
2026-06-03,SatoshiPay,1.0,0.8785,3,1,0,0,0
2026-06-03,Stellar Development Foundation,1.0,0.9965,3,0,0,0,0
2026-06-04,Blockdaemon Inc.,1.0,1.0,3,0,0,0,0
2026-06-04,Creit Technologies LLP,1.0,1.0,3,0,0,0,0
2026-06-04,Franklin Templeton,1.0,1.0,3,0,0,0,0
2026-06-04,LOBSTR,1.0,0.0,5,1,0,1,0
2026-06-04,Public Node,1.0,0.9965,3,0,0,0,0
2026-06-04,SatoshiPay,0.9931,0.0,3,1,0,1,0
2026-06-04,Stellar Development Foundation,1.0,1.0,3,0,0,0,0
2026-06-05,Blockdaemon Inc.,1.0,1.0,3,0,0,0,0
2026-06-05,Creit Technologies LLP,1.0,1.0,3,0,0,0,0
2026-06-05,Franklin Templeton,1.0,1.0,3,0,0,0,0
2026-06-05,LOBSTR,1.0,0.0,5,1,0,1,0
2026-06-05,Public Node,1.0,1.0,3,0,0,0,0
2026-06-05,SatoshiPay,0.9931,0.0,3,1,0,1,0
2026-06-05,Stellar Development Foundation,1.0,1.0,3,0,0,0,0
2026-06-06,Blockdaemon Inc.,1.0,1.0,3,0,0,0,0
2026-06-06,Creit Technologies LLP,1.0,1.0,3,0,0,0,0
2026-06-06,Franklin Templeton,1.0,1.0,3,0,0,0,0
2026-06-06,LOBSTR,1.0,0.0,5,1,0,1,0
2026-06-06,Public Node,1.0,1.0,3,0,0,0,0
2026-06-06,SatoshiPay,1.0,0.0,3,1,0,1,0
2026-06-06,Stellar Development Foundation,1.0,1.0,3,0,0,0,0
2026-06-07,Blockdaemon Inc.,1.0,1.0,3,0,0,0,0
2026-06-07,Creit Technologies LLP,1.0,1.0,3,0,0,0,0
2026-06-07,Franklin Templeton,1.0,1.0,3,0,0,0,0
2026-06-07,LOBSTR,1.0,0.0,5,1,0,1,0
2026-06-07,Public Node,1.0,1.0,3,0,0,0,0
2026-06-07,SatoshiPay,1.0,0.9028,3,0,0,0,0
2026-06-07,Stellar Development Foundation,1.0,1.0,3,0,0,0,0
2026-06-08,Blockdaemon Inc.,1.0,1.0,3,0,0,0,0
2026-06-08,Creit Technologies LLP,1.0,1.0,3,0,0,0,0
2026-06-08,Franklin Templeton,1.0,1.0,3,0,0,0,0
2026-06-08,LOBSTR,1.0,0.0,5,1,0,1,0
2026-06-08,Public Node,1.0,0.9965,3,0,0,0,0
2026-06-08,SatoshiPay,1.0,1.0,3,0,0,0,0
2026-06-08,Stellar Development Foundation,1.0,1.0,3,0,0,0,0
2026-06-09,Blockdaemon Inc.,1.0,1.0,3,0,0,0,0
2026-06-09,Creit Technologies LLP,1.0,1.0,3,0,0,0,0
2026-06-09,Franklin Templeton,1.0,1.0,3,0,0,0,0
2026-06-09,LOBSTR,1.0,0.0,5,1,0,1,0
2026-06-09,Public Node,1.0,1.0,3,0,0,0,0
2026-06-09,SatoshiPay,0.9965,0.8507,3,1,0,0,0
2026-06-09,Stellar Development Foundation,1.0,1.0,3,0,0,0,0
2026-06-10,Blockdaemon Inc.,1.0,1.0,3,0,0,0,0
2026-06-10,Creit Technologies LLP,1.0,1.0,3,0,0,0,0
2026-06-10,Franklin Templeton,1.0,0.9965,3,0,0,0,0
2026-06-10,LOBSTR,1.0,0.0,5,1,0,1,0
2026-06-10,Public Node,1.0,1.0,3,0,0,0,0
2026-06-10,SatoshiPay,0.9931,0.7118,3,1,0,0,0
2026-06-10,Stellar Development Foundation,1.0,1.0,3,0,0,0,0
2026-06-11,Blockdaemon Inc.,1.0,1.0,3,0,0,0,0
2026-06-11,Creit Technologies LLP,1.0,1.0,3,0,0,0,0
2026-06-11,Franklin Templeton,1.0,1.0,3,0,0,0,0
2026-06-11,LOBSTR,1.0,0.0,5,1,0,1,0
2026-06-11,Public Node,1.0,1.0,3,0,0,0,0
2026-06-11,SatoshiPay,1.0,0.9271,3,0,0,0,0
2026-06-11,Stellar Development Foundation,1.0,1.0,3,0,0,0,0
2026-06-12,Blockdaemon Inc.,1.0,1.0,3,0,0,0,0
2026-06-12,Creit Technologies LLP,1.0,1.0,3,0,0,0,0
2026-06-12,Franklin Templeton,1.0,1.0,3,0,0,0,0
2026-06-12,LOBSTR,1.0,0.0,5,1,0,1,0
2026-06-12,Public Node,1.0,1.0,3,0,0,0,0
2026-06-12,SatoshiPay,0.9965,0.9583,3,0,0,0,0
2026-06-12,Stellar Development Foundation,1.0,1.0,3,0,0,0,0
2026-06-13,Blockdaemon Inc.,1.0,1.0,3,0,0,0,0
2026-06-13,Creit Technologies LLP,1.0,1.0,3,0,0,0,0
2026-06-13,Franklin Templeton,1.0,1.0,3,0,0,0,0
2026-06-13,LOBSTR,1.0,0.0,5,1,0,1,0
2026-06-13,Public Node,1.0,1.0,3,0,0,0,0
2026-06-13,SatoshiPay,1.0,0.9861,3,0,0,0,0
2026-06-13,Stellar Development Foundation,1.0,1.0,3,0,0,0,0
2026-06-14,Blockdaemon Inc.,1.0,1.0,3,0,0,0,0
2026-06-14,Creit Technologies LLP,1.0,1.0,3,0,0,0,0
2026-06-14,Franklin Templeton,1.0,1.0,3,0,0,0,0
2026-06-14,LOBSTR,1.0,0.0,5,1,0,1,0
2026-06-14,Public Node,1.0,1.0,3,0,0,0,0
2026-06-14,SatoshiPay,1.0,0.9896,3,0,0,0,0
2026-06-14,Stellar Development Foundation,1.0,1.0,3,0,0,0,0
2026-06-15,Blockdaemon Inc.,1.0,1.0,3,0,0,0,0
2026-06-15,Creit Technologies LLP,1.0,1.0,3,0,0,0,0
2026-06-15,Franklin Templeton,1.0,1.0,3,0,0,0,0
2026-06-15,LOBSTR,1.0,0.0,5,1,0,1,0
2026-06-15,Public Node,1.0,1.0,3,0,0,0,0
2026-06-15,SatoshiPay,0.7951,0.5903,3,1,0,1,0
2026-06-15,Stellar Development Foundation,1.0,1.0,3,0,0,0,0
2026-06-16,Blockdaemon Inc.,1.0,1.0,3,0,0,0,0
2026-06-16,Creit Technologies LLP,1.0,1.0,3,0,0,0,0
2026-06-16,Franklin Templeton,1.0,1.0,3,0,0,0,0
2026-06-16,LOBSTR,1.0,0.0,5,1,0,1,0
2026-06-16,Public Node,1.0,1.0,3,0,0,0,0
2026-06-16,SatoshiPay,0.9618,0.8611,3,1,0,0,0
2026-06-16,Stellar Development Foundation,1.0,1.0,3,0,0,0,0
2026-06-17,Blockdaemon Inc.,1.0,1.0,3,0,0,0,0
2026-06-17,Creit Technologies LLP,1.0,1.0,3,0,0,0,0
2026-06-17,Franklin Templeton,1.0,1.0,3,0,0,0,0
2026-06-17,LOBSTR,1.0,0.0,5,1,0,1,0
2026-06-17,Public Node,1.0,0.9965,3,0,0,0,0
2026-06-17,SatoshiPay,0.9688,0.8819,3,1,1,0,0
2026-06-17,Stellar Development Foundation,1.0,1.0,3,0,0,0,0
2026-06-18,Blockdaemon Inc.,1.0,1.0,3,0,0,0,0
2026-06-18,Creit Technologies LLP,1.0,1.0,3,0,0,0,0
2026-06-18,Franklin Templeton,1.0,1.0,3,0,0,0,0
2026-06-18,LOBSTR,1.0,0.0,5,1,0,1,0
2026-06-18,Public Node,1.0,1.0,3,0,0,0,0
2026-06-18,SatoshiPay,0.9931,0.9583,3,0,1,0,0
2026-06-18,Stellar Development Foundation,1.0,0.9931,3,0,0,0,0
2026-06-19,Blockdaemon Inc.,1.0,1.0,3,0,0,0,0
2026-06-19,Creit Technologies LLP,1.0,1.0,3,0,0,0,0
2026-06-19,Franklin Templeton,1.0,1.0,3,0,0,0,0
2026-06-19,LOBSTR,1.0,0.0,5,1,0,1,0
2026-06-19,Public Node,1.0,1.0,3,0,0,0,0
2026-06-19,SatoshiPay,1.0,0.9653,3,0,1,0,0
2026-06-19,Stellar Development Foundation,1.0,1.0,3,0,0,0,0
2026-06-20,Blockdaemon Inc.,1.0,1.0,3,0,0,0,0
2026-06-20,Creit Technologies LLP,1.0,1.0,3,0,0,0,0
2026-06-20,Franklin Templeton,1.0,1.0,3,0,0,0,0
2026-06-20,LOBSTR,1.0,0.0,5,1,0,1,0
2026-06-20,Public Node,1.0,1.0,3,0,0,0,0
2026-06-20,SatoshiPay,1.0,1.0,3,0,1,0,0
2026-06-20,Stellar Development Foundation,1.0,1.0,3,0,0,0,0
2026-06-21,Blockdaemon Inc.,1.0,1.0,3,0,0,0,0
2026-06-21,Creit Technologies LLP,1.0,1.0,3,0,0,0,0
2026-06-21,Franklin Templeton,1.0,1.0,3,0,0,0,0
2026-06-21,LOBSTR,1.0,0.0,5,1,0,1,0
2026-06-21,Public Node,1.0,1.0,3,0,0,0,0
2026-06-21,SatoshiPay,1.0,1.0,3,0,1,0,0
2026-06-21,Stellar Development Foundation,1.0,1.0,3,0,0,0,0
2026-06-22,Blockdaemon Inc.,1.0,1.0,3,0,0,0,0
2026-06-22,Creit Technologies LLP,1.0,1.0,3,0,0,0,0
2026-06-22,Franklin Templeton,1.0,1.0,3,0,0,0,0
2026-06-22,LOBSTR,1.0,0.0,5,1,0,1,0
2026-06-22,Public Node,1.0,1.0,3,0,0,0,0
2026-06-22,SatoshiPay,1.0,0.9549,3,0,0,0,0
2026-06-22,Stellar Development Foundation,1.0,1.0,3,0,0,0,0
2026-06-23,Blockdaemon Inc.,1.0,0.9861,3,0,0,0,0
2026-06-23,Creit Technologies LLP,1.0,1.0,3,0,0,0,0
2026-06-23,Franklin Templeton,1.0,0.9965,3,0,0,0,0
2026-06-23,LOBSTR,1.0,0.0,5,1,0,1,0
2026-06-23,Public Node,1.0,0.9965,3,0,0,0,0
2026-06-23,SatoshiPay,0.9965,0.8576,3,1,0,0,0
2026-06-23,Stellar Development Foundation,1.0,1.0,3,0,0,0,0
2026-06-24,Blockdaemon Inc.,1.0,1.0,3,0,0,0,0
2026-06-24,Creit Technologies LLP,1.0,1.0,3,0,0,0,0
2026-06-24,Franklin Templeton,1.0,1.0,3,0,0,0,0
2026-06-24,LOBSTR,1.0,0.0,5,1,0,1,0
2026-06-24,Public Node,1.0,0.9965,3,0,0,0,0
2026-06-24,SatoshiPay,1.0,0.9583,3,0,0,0,0
2026-06-24,Stellar Development Foundation,1.0,1.0,3,0,0,0,0
2026-06-25,Blockdaemon Inc.,1.0,1.0,3,0,0,0,0
2026-06-25,Creit Technologies LLP,1.0,1.0,3,0,0,0,0
2026-06-25,Franklin Templeton,1.0,1.0,3,0,0,0,0
2026-06-25,LOBSTR,1.0,0.0,5,1,0,1,0
2026-06-25,Public Node,1.0,1.0,3,0,0,0,0
2026-06-25,SatoshiPay,1.0,0.9722,3,0,0,0,0
2026-06-25,Stellar Development Foundation,1.0,1.0,3,0,0,0,0
2026-06-26,Blockdaemon Inc.,1.0,1.0,3,0,0,0,0
2026-06-26,Creit Technologies LLP,1.0,1.0,3,0,0,0,0
2026-06-26,Franklin Templeton,1.0,1.0,3,0,0,0,0
2026-06-26,LOBSTR,1.0,0.0,5,1,0,1,0
2026-06-26,Public Node,1.0,1.0,3,0,0,0,0
2026-06-26,SatoshiPay,1.0,0.9444,3,0,0,0,0
2026-06-26,Stellar Development Foundation,1.0,1.0,3,0,0,0,0
2026-06-27,Blockdaemon Inc.,1.0,1.0,3,0,0,0,0
2026-06-27,Creit Technologies LLP,1.0,1.0,3,0,0,0,0
2026-06-27,Franklin Templeton,1.0,1.0,3,0,0,0,0
2026-06-27,LOBSTR,1.0,0.0,5,1,0,1,0
2026-06-27,Public Node,1.0,1.0,3,0,0,0,0
2026-06-27,SatoshiPay,1.0,0.9653,3,0,0,0,0
2026-06-27,Stellar Development Foundation,1.0,1.0,3,0,0,0,0
2026-06-28,Blockdaemon Inc.,1.0,1.0,3,0,0,0,0
2026-06-28,Creit Technologies LLP,1.0,1.0,3,0,0,0,0
2026-06-28,Franklin Templeton,1.0,1.0,3,0,0,0,0
2026-06-28,LOBSTR,1.0,0.0,5,1,0,1,0
2026-06-28,Public Node,1.0,1.0,3,0,0,0,0
2026-06-28,SatoshiPay,0.9861,0.5486,3,1,0,0,0
2026-06-28,Stellar Development Foundation,1.0,1.0,3,0,0,0,0
2026-06-29,Blockdaemon Inc.,1.0,1.0,3,0,0,0,0
2026-06-29,Creit Technologies LLP,1.0,1.0,3,0,0,0,0
2026-06-29,Franklin Templeton,1.0,1.0,3,0,0,0,0
2026-06-29,LOBSTR,1.0,0.0,5,1,0,1,0
2026-06-29,Public Node,1.0,1.0,3,0,0,0,0
2026-06-29,SatoshiPay,0.9792,0.5451,3,1,0,0,0
2026-06-29,Stellar Development Foundation,1.0,1.0,3,0,0,0,0
2026-06-30,Blockdaemon Inc.,1.0,1.0,3,0,0,0,0
2026-06-30,Creit Technologies LLP,1.0,1.0,3,0,0,0,0
2026-06-30,Franklin Templeton,1.0,1.0,3,0,0,0,0
2026-06-30,LOBSTR,1.0,0.0,5,1,0,1,0
2026-06-30,Public Node,1.0,1.0,3,0,0,0,0
2026-06-30,SatoshiPay,1.0,0.9167,3,0,0,0,0
2026-06-30,Stellar Development Foundation,1.0,1.0,3,0,0,0,0
2026-07-01,Blockdaemon Inc.,1.0,1.0,3,0,0,0,0
2026-07-01,Creit Technologies LLP,1.0,1.0,3,0,0,0,0
2026-07-01,Franklin Templeton,1.0,1.0,3,0,0,0,0
2026-07-01,LOBSTR,1.0,0.0,5,1,0,1,0
2026-07-01,Public Node,1.0,1.0,3,0,0,0,0
2026-07-01,SatoshiPay,1.0,0.9653,3,0,0,0,0
2026-07-01,Stellar Development Foundation,1.0,1.0,3,0,0,0,0
2026-07-02,Blockdaemon Inc.,1.0,1.0,3,0,0,0,0
2026-07-02,Creit Technologies LLP,1.0,1.0,3,0,0,0,0
2026-07-02,Franklin Templeton,1.0,1.0,3,0,0,0,0
2026-07-02,LOBSTR,1.0,0.0,5,1,0,1,0
2026-07-02,Public Node,1.0,1.0,3,0,0,0,0
2026-07-02,SatoshiPay,1.0,0.9583,3,0,0,0,0
2026-07-02,Stellar Development Foundation,1.0,1.0,3,0,0,0,0
2026-07-03,Blockdaemon Inc.,1.0,1.0,3,0,0,0,0
2026-07-03,Creit Technologies LLP,1.0,1.0,3,0,0,0,0
2026-07-03,Franklin Templeton,1.0,1.0,3,0,0,0,0
2026-07-03,LOBSTR,1.0,0.0,5,1,0,1,0
2026-07-03,Public Node,1.0,1.0,3,0,0,0,0
2026-07-03,SatoshiPay,1.0,0.9965,3,0,0,0,0
2026-07-03,Stellar Development Foundation,1.0,1.0,3,0,0,0,0
2026-07-04,Blockdaemon Inc.,1.0,1.0,3,0,0,0,0
2026-07-04,Creit Technologies LLP,1.0,1.0,3,0,0,0,0
2026-07-04,Franklin Templeton,1.0,1.0,3,0,0,0,0
2026-07-04,LOBSTR,1.0,0.0,5,1,0,1,0
2026-07-04,Public Node,1.0,1.0,3,0,0,0,0
2026-07-04,SatoshiPay,1.0,0.9861,3,0,0,0,0
2026-07-04,Stellar Development Foundation,1.0,1.0,3,0,0,0,0
2026-07-05,Blockdaemon Inc.,1.0,1.0,3,0,0,0,0
2026-07-05,Creit Technologies LLP,1.0,1.0,3,0,0,0,0
2026-07-05,Franklin Templeton,1.0,1.0,3,0,0,0,0
2026-07-05,LOBSTR,1.0,0.0,5,1,0,1,0
2026-07-05,Public Node,1.0,1.0,3,0,0,0,0
2026-07-05,SatoshiPay,1.0,0.9688,3,0,0,0,0
2026-07-05,Stellar Development Foundation,1.0,1.0,3,0,0,0,0
2026-07-06,Blockdaemon Inc.,1.0,1.0,3,0,0,0,0
2026-07-06,Creit Technologies LLP,1.0,1.0,3,0,0,0,0
2026-07-06,Franklin Templeton,1.0,1.0,3,0,0,0,0
2026-07-06,LOBSTR,1.0,0.0,5,1,0,1,0
2026-07-06,Public Node,1.0,1.0,3,0,0,0,0
2026-07-06,SatoshiPay,1.0,1.0,3,0,0,0,0
2026-07-06,Stellar Development Foundation,1.0,1.0,3,0,0,0,0
2026-07-07,Blockdaemon Inc.,1.0,1.0,3,0,0,0,0
2026-07-07,Creit Technologies LLP,1.0,1.0,3,0,0,0,0
2026-07-07,Franklin Templeton,1.0,1.0,3,0,0,0,0
2026-07-07,LOBSTR,1.0,0.0,5,1,0,1,0
2026-07-07,Public Node,1.0,1.0,3,0,0,0,0
2026-07-07,SatoshiPay,1.0,0.9514,3,0,0,0,0
2026-07-07,Stellar Development Foundation,1.0,1.0,3,0,0,0,0
2026-07-08,Blockdaemon Inc.,1.0,1.0,3,0,0,0,0
2026-07-08,Creit Technologies LLP,1.0,1.0,3,0,0,0,0
2026-07-08,Franklin Templeton,1.0,1.0,3,0,0,0,0
2026-07-08,LOBSTR,1.0,0.0,5,1,0,1,0
2026-07-08,Public Node,1.0,1.0,3,0,0,0,0
2026-07-08,SatoshiPay,1.0,0.9792,3,0,0,0,0
2026-07-08,Stellar Development Foundation,1.0,1.0,3,0,0,0,0
2026-07-09,Blockdaemon Inc.,1.0,1.0,3,0,0,0,0
2026-07-09,Creit Technologies LLP,1.0,1.0,3,0,0,0,0
2026-07-09,Franklin Templeton,1.0,0.9965,3,0,0,0,0
2026-07-09,LOBSTR,1.0,0.0,5,1,0,1,0
2026-07-09,Public Node,1.0,1.0,3,0,0,0,0
2026-07-09,SatoshiPay,1.0,0.9792,3,0,0,0,0
2026-07-09,Stellar Development Foundation,1.0,1.0,3,0,0,0,0
2026-07-10,Blockdaemon Inc.,1.0,1.0,3,0,0,0,0
2026-07-10,Creit Technologies LLP,1.0,1.0,3,0,0,0,0
2026-07-10,Franklin Templeton,1.0,1.0,3,0,0,0,0
2026-07-10,LOBSTR,1.0,0.0,5,1,0,1,0
2026-07-10,Public Node,1.0,1.0,3,0,0,0,0
2026-07-10,SatoshiPay,1.0,0.9373,3,0,0,0,0
2026-07-10,Stellar Development Foundation,1.0,1.0,3,0,0,0,0
2026-07-11,Blockdaemon Inc.,1.0,1.0,3,0,0,0,0
2026-07-11,Creit Technologies LLP,1.0,1.0,3,0,0,0,0
2026-07-11,Franklin Templeton,1.0,1.0,3,0,0,0,0
2026-07-11,LOBSTR,1.0,0.0,5,1,0,1,0
2026-07-11,Public Node,1.0,1.0,3,0,0,0,0
2026-07-11,SatoshiPay,1.0,0.9931,3,0,0,0,0
2026-07-11,Stellar Development Foundation,1.0,1.0,3,0,0,0,0
2026-07-12,Blockdaemon Inc.,1.0,1.0,3,0,0,0,0
2026-07-12,Creit Technologies LLP,1.0,1.0,3,0,0,0,0
2026-07-12,Franklin Templeton,1.0,1.0,3,0,0,0,0
2026-07-12,LOBSTR,1.0,0.0,5,1,0,1,0
2026-07-12,Public Node,1.0,1.0,3,0,0,0,0
2026-07-12,SatoshiPay,1.0,1.0,3,0,0,0,0
2026-07-12,Stellar Development Foundation,1.0,1.0,3,0,0,0,0
2026-07-13,Blockdaemon Inc.,1.0,1.0,3,0,0,0,0
2026-07-13,Creit Technologies LLP,1.0,1.0,3,0,0,0,0
2026-07-13,Franklin Templeton,1.0,1.0,3,0,0,0,0
2026-07-13,LOBSTR,1.0,0.0,5,1,0,1,0
2026-07-13,Public Node,1.0,1.0,3,0,0,0,0
2026-07-13,SatoshiPay,1.0,0.9792,3,0,0,0,0
2026-07-13,Stellar Development Foundation,1.0,1.0,3,0,0,0,0
2026-07-14,Blockdaemon Inc.,1.0,1.0,3,0,0,0,0
2026-07-14,Creit Technologies LLP,1.0,1.0,3,0,0,0,0
2026-07-14,Franklin Templeton,1.0,1.0,3,0,0,0,0
2026-07-14,LOBSTR,1.0,0.0,5,1,0,1,0
2026-07-14,Public Node,1.0,1.0,3,0,0,0,0
2026-07-14,SatoshiPay,0.9514,0.6528,3,1,0,0,0
2026-07-14,Stellar Development Foundation,1.0,1.0,3,0,0,0,0
2026-07-15,Blockdaemon Inc.,0.9965,0.9965,3,0,0,0,0
2026-07-15,Creit Technologies LLP,1.0,0.9965,3,0,0,0,0
2026-07-15,Franklin Templeton,1.0,0.9965,3,0,0,0,0
2026-07-15,LOBSTR,1.0,0.0,5,1,0,1,0
2026-07-15,OBSRVR,1.0,0.9965,3,0,0,0,0
2026-07-15,Public Node,1.0,0.9965,3,0,0,0,0
2026-07-15,SatoshiPay,0.9965,0.9722,3,0,0,0,0
2026-07-15,Stellar Development Foundation,1.0,0.9965,3,0,0,0,0
2026-07-16,Blockdaemon Inc.,1.0,1.0,3,0,0,0,0
2026-07-16,Creit Technologies LLP,1.0,1.0,3,0,0,0,0
2026-07-16,Franklin Templeton,1.0,1.0,3,0,0,0,0
2026-07-16,LOBSTR,1.0,0.0,5,1,0,1,0
2026-07-16,OBSRVR,1.0,1.0,3,0,0,0,0
2026-07-16,Public Node,1.0,1.0,3,0,0,0,0
2026-07-16,SatoshiPay,0.9896,0.9826,3,1,0,0,0
2026-07-16,Stellar Development Foundation,1.0,1.0,3,0,0,0,0
2026-07-17,Blockdaemon Inc.,1.0,1.0,3,0,0,0,0
2026-07-17,Creit Technologies LLP,1.0,1.0,3,0,0,0,0
2026-07-17,Franklin Templeton,1.0,1.0,3,0,0,0,0
2026-07-17,LOBSTR,1.0,0.0,5,1,0,1,0
2026-07-17,OBSRVR,1.0,1.0,3,0,0,0,0
2026-07-17,Public Node,1.0,1.0,3,0,0,0,0
2026-07-17,SatoshiPay,1.0,0.9896,3,0,0,0,0
2026-07-17,Stellar Development Foundation,1.0,1.0,3,0,0,0,0
2026-07-18,Blockdaemon Inc.,1.0,1.0,3,0,0,0,0
2026-07-18,Creit Technologies LLP,1.0,1.0,3,0,0,0,0
2026-07-18,Franklin Templeton,1.0,1.0,3,0,0,0,0
2026-07-18,LOBSTR,1.0,0.0,5,1,0,1,0
2026-07-18,OBSRVR,1.0,1.0,3,0,0,0,0
2026-07-18,Public Node,1.0,1.0,3,0,0,0,0
2026-07-18,SatoshiPay,1.0,0.9896,3,0,0,0,0
2026-07-18,Stellar Development Foundation,1.0,1.0,3,0,0,0,0
2026-07-19,Blockdaemon Inc.,1.0,1.0,3,0,0,0,0
2026-07-19,Creit Technologies LLP,1.0,1.0,3,0,0,0,0
2026-07-19,Franklin Templeton,1.0,1.0,3,0,0,0,0
2026-07-19,LOBSTR,1.0,0.0,5,1,0,1,0
2026-07-19,OBSRVR,1.0,1.0,3,0,0,0,0
2026-07-19,Public Node,1.0,1.0,3,0,0,0,0
2026-07-19,SatoshiPay,1.0,1.0,3,0,0,0,0
2026-07-19,Stellar Development Foundation,1.0,1.0,3,0,0,0,0
2026-07-20,Blockdaemon Inc.,1.0,1.0,3,0,0,0,0
2026-07-20,Creit Technologies LLP,1.0,1.0,3,0,0,0,0
2026-07-20,Franklin Templeton,1.0,1.0,3,0,0,0,0
2026-07-20,LOBSTR,1.0,0.0,5,1,0,1,0
2026-07-20,OBSRVR,1.0,1.0,3,0,0,0,0
2026-07-20,Public Node,1.0,1.0,3,0,0,0,0
2026-07-20,SatoshiPay,1.0,1.0,3,0,0,0,0
2026-07-20,Stellar Development Foundation,1.0,1.0,3,0,0,0,0
2026-07-21,Blockdaemon Inc.,1.0,1.0,3,0,0,0,0
2026-07-21,Creit Technologies LLP,1.0,0.9965,3,0,0,0,0
2026-07-21,Franklin Templeton,1.0,1.0,3,0,0,0,0
2026-07-21,LOBSTR,1.0,0.0,5,1,0,1,0
2026-07-21,OBSRVR,1.0,1.0,3,0,0,0,0
2026-07-21,Public Node,1.0,1.0,3,0,0,0,0
2026-07-21,SatoshiPay,1.0,0.9965,3,0,0,0,0
2026-07-21,Stellar Development Foundation,1.0,1.0,3,0,0,0,0
2026-07-22,Blockdaemon Inc.,1.0,1.0,3,0,0,0,0
2026-07-22,Creit Technologies LLP,1.0,1.0,3,0,0,0,0
2026-07-22,Franklin Templeton,1.0,1.0,3,0,0,0,0
2026-07-22,LOBSTR,1.0,0.0,5,1,0,1,0
2026-07-22,OBSRVR,1.0,1.0,3,0,0,0,0
2026-07-22,Public Node,1.0,1.0,3,0,0,0,0
2026-07-22,SatoshiPay,0.6771,0.6771,3,1,0,1,0
2026-07-22,Stellar Development Foundation,1.0,1.0,3,0,0,0,0
2026-07-23,Blockdaemon Inc.,1.0,1.0,3,0,0,0,0
2026-07-23,Creit Technologies LLP,1.0,1.0,3,0,0,0,0
2026-07-23,Franklin Templeton,1.0,1.0,3,0,0,0,0
2026-07-23,LOBSTR,1.0,0.0,5,1,0,1,0
2026-07-23,OBSRVR,1.0,1.0,3,0,0,0,0
2026-07-23,Public Node,1.0,1.0,3,0,0,0,0
2026-07-23,SatoshiPay,0.0,0.0,3,1,0,1,0
2026-07-23,Stellar Development Foundation,1.0,1.0,3,0,0,0,0
2026-07-24,Blockdaemon Inc.,1.0,1.0,3,0,0,0,0
2026-07-24,Creit Technologies LLP,1.0,1.0,3,0,0,0,0
2026-07-24,Franklin Templeton,1.0,1.0,3,0,0,0,0
2026-07-24,LOBSTR,1.0,0.0,5,1,0,1,0
2026-07-24,OBSRVR,1.0,1.0,3,0,0,0,0
2026-07-24,Public Node,1.0,1.0,3,0,0,0,0
2026-07-24,SatoshiPay,0.0,0.0,3,1,1,1,0
2026-07-24,Stellar Development Foundation,1.0,1.0,3,0,0,0,0
2026-07-25,Blockdaemon Inc.,1.0,1.0,3,0,0,0,0
2026-07-25,Creit Technologies LLP,1.0,1.0,3,0,0,0,0
2026-07-25,Franklin Templeton,1.0,1.0,3,0,0,0,0
2026-07-25,LOBSTR,1.0,0.0,5,1,0,1,0
2026-07-25,OBSRVR,1.0,1.0,3,0,0,0,0
2026-07-25,Public Node,1.0,0.9965,3,0,0,0,0
2026-07-25,SatoshiPay,0.0,0.0,3,1,1,1,0
2026-07-25,Stellar Development Foundation,1.0,1.0,3,0,0,0,0
2026-07-26,Blockdaemon Inc.,1.0,1.0,3,0,0,0,0
2026-07-26,Creit Technologies LLP,1.0,1.0,3,0,0,0,0
2026-07-26,Franklin Templeton,1.0,1.0,3,0,0,0,0
2026-07-26,LOBSTR,1.0,0.0,5,1,0,1,0
2026-07-26,OBSRVR,1.0,1.0,3,0,0,0,0
2026-07-26,Public Node,1.0,1.0,3,0,0,0,0
2026-07-26,SatoshiPay,0.0,0.0,3,1,1,1,0
2026-07-26,Stellar Development Foundation,1.0,1.0,3,0,0,0,0
2026-07-27,Blockdaemon Inc.,1.0,1.0,3,0,0,0,0
2026-07-27,Creit Technologies LLP,1.0,1.0,3,0,0,0,0
2026-07-27,Franklin Templeton,1.0,1.0,3,0,0,0,0
2026-07-27,LOBSTR,1.0,0.0,5,1,0,1,0
2026-07-27,OBSRVR,1.0,1.0,3,0,0,0,0
2026-07-27,Public Node,1.0,1.0,3,0,0,0,0
2026-07-27,SatoshiPay,0.0,0.0,3,1,1,1,0
2026-07-27,Stellar Development Foundation,1.0,1.0,3,0,0,0,0
2026-07-28,Blockdaemon Inc.,1.0,1.0,3,0,0,0,0
2026-07-28,Creit Technologies LLP,1.0,1.0,3,0,0,0,0
2026-07-28,Franklin Templeton,1.0,1.0,3,0,0,0,0
2026-07-28,LOBSTR,1.0,0.0,5,1,0,1,0
2026-07-28,OBSRVR,1.0,1.0,3,0,0,0,0
2026-07-28,Public Node,1.0,1.0,3,0,0,0,0
2026-07-28,SatoshiPay,0.0,0.0,3,1,1,1,0
2026-07-28,Stellar Development Foundation,1.0,1.0,3,0,0,0,0
2026-07-29,Blockdaemon Inc.,1.0,1.0,3,0,0,0,0
2026-07-29,Creit Technologies LLP,1.0,1.0,3,0,0,0,0
2026-07-29,Franklin Templeton,1.0,1.0,3,0,0,0,0
2026-07-29,LOBSTR,1.0,0.0,5,1,0,1,0
2026-07-29,OBSRVR,1.0,1.0,3,0,0,0,0
2026-07-29,Public Node,1.0,1.0,3,0,0,0,0
2026-07-29,SatoshiPay,0.0,0.0,3,1,1,1,0
2026-07-29,Stellar Development Foundation,1.0,1.0,3,0,0,0,0
2026-07-30,Blockdaemon Inc.,1.0,1.0,3,0,0,0,0
2026-07-30,Creit Technologies LLP,1.0,1.0,3,0,0,0,0
2026-07-30,Franklin Templeton,1.0,1.0,3,0,0,0,0
2026-07-30,LOBSTR,1.0,0.0,5,1,0,1,0
2026-07-30,OBSRVR,1.0,1.0,3,0,0,0,0
2026-07-30,Public Node,1.0,1.0,3,0,0,0,0
2026-07-30,SatoshiPay,0.0,0.0,3,1,1,1,0
2026-07-30,Stellar Development Foundation,1.0,1.0,3,0,0,0,0
2026-07-31,Blockdaemon Inc.,1.0,1.0,3,0,0,0,0
2026-07-31,Creit Technologies LLP,1.0,1.0,3,0,0,0,0
2026-07-31,Franklin Templeton,1.0,1.0,3,0,0,0,0
2026-07-31,LOBSTR,1.0,0.0,5,1,0,1,0
2026-07-31,OBSRVR,1.0,1.0,3,0,0,0,0
2026-07-31,Public Node,1.0,0.9965,3,0,0,0,0
2026-07-31,SatoshiPay,0.0,0.0,3,1,1,1,0
2026-07-31,Stellar Development Foundation,1.0,1.0,3,0,0,0,0
2026-08-01,Blockdaemon Inc.,1.0,1.0,3,0,0,0,0
2026-08-01,Creit Technologies LLP,1.0,1.0,3,0,0,0,0
2026-08-01,Franklin Templeton,1.0,1.0,3,0,0,0,0
2026-08-01,LOBSTR,1.0,0.0,5,1,0,1,0
2026-08-01,OBSRVR,1.0,1.0,3,0,0,0,0
2026-08-01,Public Node,1.0,1.0,3,0,0,0,0
2026-08-01,SatoshiPay,0.0,0.0,3,1,1,1,0
2026-08-01,Stellar Development Foundation,1.0,1.0,3,0,0,0,0
2026-08-02,Blockdaemon Inc.,1.0,1.0,3,0,0,0,0
2026-08-02,Creit Technologies LLP,1.0,1.0,3,0,0,0,0
2026-08-02,Franklin Templeton,1.0,1.0,3,0,0,0,0
2026-08-02,LOBSTR,1.0,0.0,5,1,0,1,0
2026-08-02,OBSRVR,1.0,1.0,3,0,0,0,0
2026-08-02,Public Node,1.0,1.0,3,0,0,0,0
2026-08-02,SatoshiPay,0.0,0.0,3,1,1,1,0
2026-08-02,Stellar Development Foundation,1.0,1.0,3,0,0,0,0
2026-08-03,Blockdaemon Inc.,1.0,1.0,3,0,0,0,0
2026-08-03,Creit Technologies LLP,1.0,1.0,3,0,0,0,0
2026-08-03,Franklin Templeton,1.0,1.0,3,0,0,0,0
2026-08-03,LOBSTR,1.0,0.0,5,1,0,1,0
2026-08-03,OBSRVR,1.0,1.0,3,0,0,0,0
2026-08-03,Public Node,1.0,1.0,3,0,0,0,0
2026-08-03,SatoshiPay,0.0,0.0,3,1,1,1,0
2026-08-03,Stellar Development Foundation,1.0,1.0,3,0,0,0,0
2026-08-04,Blockdaemon Inc.,1.0,1.0,3,0,0,0,0
2026-08-04,Creit Technologies LLP,1.0,1.0,3,0,0,0,0
2026-08-04,Franklin Templeton,1.0,1.0,3,0,0,0,0
2026-08-04,LOBSTR,1.0,0.0,5,1,0,1,0
2026-08-04,OBSRVR,1.0,1.0,3,0,0,0,0
2026-08-04,Public Node,1.0,1.0,3,0,0,0,0
2026-08-04,SatoshiPay,0.0,0.0,3,1,1,1,0
2026-08-04,Stellar Development Foundation,1.0,1.0,3,0,0,0,0
2026-08-05,Blockdaemon Inc.,1.0,1.0,3,0,0,0,0
2026-08-05,Creit Technologies LLP,1.0,1.0,3,0,0,0,0
2026-08-05,Franklin Templeton,1.0,0.9965,3,0,0,0,0
2026-08-05,LOBSTR,1.0,0.0,5,1,0,1,0
2026-08-05,OBSRVR,1.0,0.9965,3,0,0,0,0
2026-08-05,Public Node,1.0,1.0,3,0,0,0,0
2026-08-05,SatoshiPay,0.0,0.0,3,1,1,1,0
2026-08-05,Stellar Development Foundation,1.0,1.0,3,0,0,0,0
2026-08-06,Blockdaemon Inc.,1.0,1.0,3,0,0,0,0
2026-08-06,Creit Technologies LLP,1.0,1.0,3,0,0,0,0
2026-08-06,Franklin Templeton,1.0,0.9965,3,0,0,0,0
2026-08-06,LOBSTR,1.0,0.0,5,1,0,1,0
2026-08-06,OBSRVR,1.0,1.0,3,0,0,0,0
2026-08-06,Public Node,1.0,1.0,3,0,0,0,0
2026-08-06,SatoshiPay,0.0,0.0,3,1,1,1,0
2026-08-06,Stellar Development Foundation,1.0,1.0,3,0,0,0,0
2026-08-07,Blockdaemon Inc.,1.0,1.0,3,0,0,0,0
2026-08-07,Creit Technologies LLP,1.0,1.0,3,0,0,0,0
2026-08-07,Franklin Templeton,1.0,1.0,3,0,0,0,0
2026-08-07,LOBSTR,1.0,0.0,5,1,0,1,0
2026-08-07,OBSRVR,1.0,1.0,3,0,0,0,0
2026-08-07,Public Node,1.0,1.0,3,0,0,0,0
2026-08-07,SatoshiPay,0.0,0.0,3,1,1,1,0
2026-08-07,Stellar Development Foundation,1.0,1.0,3,0,0,0,0
2026-08-08,Blockdaemon Inc.,1.0,1.0,3,0,0,0,0
2026-08-08,Creit Technologies LLP,1.0,1.0,3,0,0,0,0
2026-08-08,Franklin Templeton,1.0,1.0,3,0,0,0,0
2026-08-08,LOBSTR,1.0,0.0,5,1,0,1,0
2026-08-08,OBSRVR,1.0,1.0,3,0,0,0,0
2026-08-08,Public Node,1.0,1.0,3,0,0,0,0
2026-08-08,SatoshiPay,0.0,0.0,3,1,1,1,0
2026-08-08,Stellar Development Foundation,1.0,1.0,3,0,0,0,0
2026-08-09,Blockdaemon Inc.,1.0,1.0,3,0,0,0,0
2026-08-09,Creit Technologies LLP,1.0,1.0,3,0,0,0,0
2026-08-09,Franklin Templeton,1.0,1.0,3,0,0,0,0
2026-08-09,LOBSTR,1.0,0.0,5,1,0,1,0
2026-08-09,OBSRVR,1.0,1.0,3,0,0,0,0
2026-08-09,Public Node,1.0,1.0,3,0,0,0,0
2026-08-09,SatoshiPay,0.0,0.0,3,1,1,1,0
2026-08-09,Stellar Development Foundation,1.0,1.0,3,0,0,0,0
2026-08-10,Blockdaemon Inc.,1.0,1.0,3,0,0,0,0
2026-08-10,Creit Technologies LLP,1.0,1.0,3,0,0,0,0
2026-08-10,Franklin Templeton,1.0,1.0,3,0,0,0,0
2026-08-10,LOBSTR,1.0,0.0,5,1,0,1,0
2026-08-10,OBSRVR,1.0,1.0,3,0,0,0,0
2026-08-10,Public Node,1.0,1.0,3,0,0,0,0
2026-08-10,SatoshiPay,0.0,0.0,3,1,1,1,0
2026-08-10,Stellar Development Foundation,1.0,1.0,3,0,0,0,0
2026-08-11,Blockdaemon Inc.,1.0,1.0,3,0,0,0,0
2026-08-11,Creit Technologies LLP,1.0,1.0,3,0,0,0,0
2026-08-11,Franklin Templeton,1.0,1.0,3,0,0,0,0
2026-08-11,LOBSTR,1.0,0.0,5,1,0,1,0
2026-08-11,OBSRVR,1.0,1.0,3,0,0,0,0
2026-08-11,Public Node,1.0,0.9965,3,0,0,0,0
2026-08-11,SatoshiPay,0.0,0.0,3,1,1,1,0
2026-08-11,Stellar Development Foundation,1.0,1.0,3,0,0,0,0
2026-08-12,Blockdaemon Inc.,1.0,1.0,3,0,0,0,0
2026-08-12,Creit Technologies LLP,1.0,1.0,3,0,0,0,0
2026-08-12,Franklin Templeton,1.0,0.9965,3,0,0,0,0
2026-08-12,LOBSTR,1.0,0.0,5,1,0,1,0
2026-08-12,OBSRVR,1.0,1.0,3,0,0,0,0
2026-08-12,Public Node,1.0,0.9965,3,0,0,0,0
2026-08-12,SatoshiPay,0.0,0.0,3,1,1,1,0
2026-08-12,Stellar Development Foundation,1.0,1.0,3,0,0,0,0
2026-08-13,Blockdaemon Inc.,1.0,1.0,3,0,0,0,0
2026-08-13,Creit Technologies LLP,1.0,1.0,3,0,0,0,0
2026-08-13,Franklin Templeton,1.0,1.0,3,0,0,0,0
2026-08-13,LOBSTR,1.0,0.0,5,1,0,1,0
2026-08-13,OBSRVR,1.0,1.0,3,0,0,0,0
2026-08-13,Public Node,1.0,1.0,3,0,0,0,0
2026-08-13,SatoshiPay,0.0,0.0,3,1,1,1,0
2026-08-13,Stellar Development Foundation,1.0,1.0,3,0,0,0,0
2026-08-14,Blockdaemon Inc.,1.0,1.0,3,0,0,0,0
2026-08-14,Creit Technologies LLP,1.0,1.0,3,0,0,0,0
2026-08-14,Franklin Templeton,1.0,1.0,3,0,0,0,0
2026-08-14,LOBSTR,1.0,0.0,5,1,0,1,0
2026-08-14,OBSRVR,1.0,1.0,3,0,0,0,0
2026-08-14,Public Node,1.0,1.0,3,0,0,0,0
2026-08-14,SatoshiPay,0.0,0.0,3,1,1,1,0
2026-08-14,Stellar Development Foundation,1.0,1.0,3,0,0,0,0
2026-08-15,Blockdaemon Inc.,1.0,1.0,3,0,0,0,0
2026-08-15,Creit Technologies LLP,1.0,1.0,3,0,0,0,0
2026-08-15,Franklin Templeton,1.0,1.0,3,0,0,0,0
2026-08-15,LOBSTR,1.0,0.0,5,1,0,1,0
2026-08-15,OBSRVR,1.0,1.0,3,0,0,0,0
2026-08-15,Public Node,1.0,1.0,3,0,0,0,0
2026-08-15,SatoshiPay,0.0,0.0,3,1,1,1,0
2026-08-15,Stellar Development Foundation,1.0,1.0,3,0,0,0,0
2026-08-16,Blockdaemon Inc.,1.0,1.0,3,0,0,0,0
2026-08-16,Creit Technologies LLP,1.0,1.0,3,0,0,0,0
2026-08-16,Franklin Templeton,1.0,1.0,3,0,0,0,0
2026-08-16,LOBSTR,1.0,0.0,5,1,0,1,0
2026-08-16,OBSRVR,1.0,1.0,3,0,0,0,0
2026-08-16,Public Node,1.0,1.0,3,0,0,0,0
2026-08-16,SatoshiPay,0.0,0.0,3,1,1,1,0
2026-08-16,Stellar Development Foundation,1.0,1.0,3,0,0,0,0
2026-08-17,Blockdaemon Inc.,1.0,1.0,3,0,0,0,0
2026-08-17,Creit Technologies LLP,1.0,1.0,3,0,0,0,0
2026-08-17,Franklin Templeton,1.0,1.0,3,0,0,0,0
2026-08-17,LOBSTR,1.0,0.0,5,1,0,1,0
2026-08-17,OBSRVR,1.0,1.0,3,0,0,0,0
2026-08-17,Public Node,1.0,1.0,3,0,0,0,0
2026-08-17,SatoshiPay,0.0,0.0,3,1,1,1,0
2026-08-17,Stellar Development Foundation,1.0,1.0,3,0,0,0,0
2026-08-18,Blockdaemon Inc.,1.0,1.0,3,0,0,0,0
2026-08-18,Creit Technologies LLP,1.0,1.0,3,0,0,0,0
2026-08-18,Franklin Templeton,1.0,1.0,3,0,0,0,0
2026-08-18,LOBSTR,1.0,0.0,5,1,0,1,0
2026-08-18,OBSRVR,1.0,1.0,3,0,0,0,0
2026-08-18,Public Node,1.0,1.0,3,0,0,0,0
2026-08-18,SatoshiPay,0.0,0.0,3,1,1,1,0
2026-08-18,Stellar Development Foundation,1.0,1.0,3,0,0,0,0
2026-08-19,Blockdaemon Inc.,1.0,1.0,3,0,0,0,0
2026-08-19,Creit Technologies LLP,1.0,1.0,3,0,0,0,0
2026-08-19,Franklin Templeton,1.0,1.0,3,0,0,0,0
2026-08-19,LOBSTR,1.0,0.0,5,1,0,1,0
2026-08-19,OBSRVR,1.0,1.0,3,0,0,0,0
2026-08-19,Public Node,1.0,1.0,3,0,0,0,0
2026-08-19,SatoshiPay,0.0,0.0,3,1,1,1,0
2026-08-19,Stellar Development Foundation,1.0,1.0,3,0,0,0,0
2026-08-20,Blockdaemon Inc.,1.0,1.0,3,0,0,0,0
2026-08-20,Creit Technologies LLP,1.0,1.0,3,0,0,0,0
2026-08-20,Franklin Templeton,1.0,1.0,3,0,0,0,0
2026-08-20,LOBSTR,1.0,0.0,5,1,0,1,0
2026-08-20,OBSRVR,1.0,1.0,3,0,0,0,0
2026-08-20,Public Node,1.0,1.0,3,0,0,0,0
2026-08-20,SatoshiPay,0.0,0.0,3,1,1,1,0
2026-08-20,Stellar Development Foundation,1.0,1.0,3,0,0,0,0
2026-08-21,Blockdaemon Inc.,1.0,1.0,3,0,0,0,0
2026-08-21,Creit Technologies LLP,1.0,1.0,3,0,0,0,0
2026-08-21,Franklin Templeton,1.0,1.0,3,0,0,0,0
2026-08-21,LOBSTR,1.0,0.0,5,1,0,1,0
2026-08-21,OBSRVR,1.0,1.0,3,0,0,0,0
2026-08-21,Public Node,1.0,0.9965,3,0,0,0,0
2026-08-21,SatoshiPay,0.0,0.0,3,1,1,1,0
2026-08-21,Stellar Development Foundation,1.0,1.0,3,0,0,0,0
2026-08-22,Blockdaemon Inc.,1.0,1.0,3,0,0,0,0
2026-08-22,Creit Technologies LLP,1.0,1.0,3,0,0,0,0
2026-08-22,Franklin Templeton,1.0,1.0,3,0,0,0,0
2026-08-22,LOBSTR,1.0,0.0,5,1,0,1,0
2026-08-22,OBSRVR,1.0,1.0,3,0,0,0,0
2026-08-22,Public Node,1.0,0.9965,3,0,0,0,0
2026-08-22,SatoshiPay,0.0,0.0,3,1,1,1,0
2026-08-22,Stellar Development Foundation,1.0,1.0,3,0,0,0,0
2026-08-23,Blockdaemon Inc.,1.0,1.0,3,0,0,0,0
2026-08-23,Creit Technologies LLP,1.0,1.0,3,0,0,0,0
2026-08-23,Franklin Templeton,1.0,1.0,3,0,0,0,0
2026-08-23,LOBSTR,1.0,0.0,5,1,0,1,0
2026-08-23,OBSRVR,1.0,1.0,3,0,0,0,0
2026-08-23,Public Node,1.0,1.0,3,0,0,0,0
2026-08-23,SatoshiPay,0.0,0.0,3,1,1,1,0
2026-08-23,Stellar Development Foundation,1.0,1.0,3,0,0,0,0
2026-08-24,Blockdaemon Inc.,1.0,1.0,3,0,0,0,0
2026-08-24,Creit Technologies LLP,1.0,1.0,3,0,0,0,0
2026-08-24,Franklin Templeton,1.0,1.0,3,0,0,0,0
2026-08-24,LOBSTR,1.0,0.0,5,1,0,1,0
2026-08-24,OBSRVR,1.0,1.0,3,0,0,0,0
2026-08-24,Public Node,1.0,1.0,3,0,0,0,0
2026-08-24,SatoshiPay,0.0,0.0,3,1,1,1,0
2026-08-24,Stellar Development Foundation,1.0,1.0,3,0,0,0,0
2026-08-25,Blockdaemon Inc.,1.0,1.0,3,0,0,0,0
2026-08-25,Creit Technologies LLP,1.0,1.0,3,0,0,0,0
2026-08-25,Franklin Templeton,1.0,1.0,3,0,0,0,0
2026-08-25,LOBSTR,1.0,0.0,5,1,0,1,0
2026-08-25,OBSRVR,1.0,1.0,3,0,0,0,0
2026-08-25,Public Node,1.0,1.0,3,0,0,0,0
2026-08-25,SatoshiPay,0.0,0.0,3,1,1,1,0
2026-08-25,Stellar Development Foundation,1.0,1.0,3,0,0,0,0
2026-08-26,Blockdaemon Inc.,1.0,1.0,3,0,0,0,0
2026-08-26,Creit Technologies LLP,1.0,1.0,3,0,0,0,0
2026-08-26,Franklin Templeton,1.0,1.0,3,0,0,0,0
2026-08-26,LOBSTR,1.0,0.0,5,1,0,1,0
2026-08-26,OBSRVR,1.0,0.9792,3,0,0,0,0
2026-08-26,Public Node,1.0,0.9965,3,0,0,0,0
2026-08-26,SatoshiPay,0.0,0.0,3,1,1,1,0
2026-08-26,Stellar Development Foundation,1.0,1.0,3,0,0,0,0
2026-08-27,Blockdaemon Inc.,1.0,1.0,3,0,0,0,0
2026-08-27,Creit Technologies LLP,1.0,1.0,3,0,0,0,0
2026-08-27,Figure Certificate Company,1.0,0.9963,3,0,0,0,0
2026-08-27,Franklin Templeton,1.0,0.9963,3,0,0,0,0
2026-08-27,LOBSTR,1.0,0.0,5,1,0,1,0
2026-08-27,MoneyGram,1.0,0.9888,3,0,0,0,0
2026-08-27,OBSRVR,1.0,1.0,3,0,0,0,0
2026-08-27,Public Node,1.0,1.0,3,0,0,0,0
2026-08-27,Range,1.0,1.0,3,0,0,0,0
2026-08-27,SatoshiPay,0.0,0.0,3,1,1,1,0
2026-08-27,Stellar Development Foundation,1.0,0.9963,3,0,0,0,0
2026-08-28,Blockdaemon Inc.,1.0,1.0,3,0,0,0,0
2026-08-28,Creit Technologies LLP,1.0,1.0,3,0,0,0,0
2026-08-28,Figure Certificate Company,1.0,1.0,3,0,0,0,0
2026-08-28,Franklin Templeton,1.0,1.0,3,0,0,0,0
2026-08-28,LOBSTR,1.0,0.0,5,1,0,1,0
2026-08-28,MoneyGram,1.0,1.0,3,0,0,0,0
2026-08-28,OBSRVR,1.0,1.0,3,0,0,0,0
2026-08-28,Public Node,1.0,0.9965,3,0,0,0,0
2026-08-28,Range,1.0,1.0,3,0,0,0,0
2026-08-28,Stellar Development Foundation,1.0,1.0,3,0,0,0,0
2026-08-29,Blockdaemon Inc.,1.0,1.0,3,0,0,0,0
2026-08-29,Creit Technologies LLP,1.0,1.0,3,0,0,0,0
2026-08-29,Figure Certificate Company,1.0,1.0,3,0,0,0,0
2026-08-29,Franklin Templeton,1.0,1.0,3,0,0,0,0
2026-08-29,LOBSTR,1.0,0.0,5,1,0,1,0
2026-08-29,MoneyGram,1.0,1.0,3,0,0,0,0
2026-08-29,OBSRVR,1.0,1.0,3,0,0,0,0
2026-08-29,Public Node,1.0,1.0,3,0,0,0,0
2026-08-29,Range,1.0,1.0,3,0,0,0,0
2026-08-29,Stellar Development Foundation,1.0,1.0,3,0,0,0,0
2026-08-30,Blockdaemon Inc.,1.0,1.0,3,0,0,0,0
2026-08-30,Creit Technologies LLP,1.0,1.0,3,0,0,0,0
2026-08-30,Figure Certificate Company,1.0,1.0,3,0,0,0,0
2026-08-30,Franklin Templeton,1.0,1.0,3,0,0,0,0
2026-08-30,LOBSTR,1.0,0.0,5,1,0,1,0
2026-08-30,MoneyGram,1.0,1.0,3,0,0,0,0
2026-08-30,OBSRVR,1.0,1.0,3,0,0,0,0
2026-08-30,Public Node,1.0,1.0,3,0,0,0,0
2026-08-30,Range,1.0,1.0,3,0,0,0,0
2026-08-30,Stellar Development Foundation,1.0,1.0,3,0,0,0,0
2026-08-31,Blockdaemon Inc.,1.0,1.0,3,0,0,0,0
2026-08-31,Creit Technologies LLP,1.0,1.0,3,0,0,0,0
2026-08-31,Figure Certificate Company,1.0,0.9757,3,0,0,0,0
2026-08-31,Franklin Templeton,1.0,1.0,3,0,0,0,0
2026-08-31,LOBSTR,1.0,0.0,5,1,0,1,0
2026-08-31,MoneyGram,1.0,1.0,3,0,0,0,0
2026-08-31,OBSRVR,1.0,1.0,3,0,0,0,0
2026-08-31,Public Node,1.0,1.0,3,0,0,0,0
2026-08-31,Range,1.0,1.0,3,0,0,0,0
2026-08-31,Stellar Development Foundation,1.0,1.0,3,0,0,0,0
2026-09-01,Blockdaemon Inc.,1.0,1.0,3,0,0,0,0
2026-09-01,Creit Technologies LLP,1.0,1.0,3,0,0,0,0
2026-09-01,Figure Certificate Company,1.0,1.0,3,0,0,0,0
2026-09-01,Franklin Templeton,1.0,1.0,3,0,0,0,0
2026-09-01,LOBSTR,1.0,0.0,5,1,0,1,0
2026-09-01,MoneyGram,1.0,1.0,3,0,0,0,0
2026-09-01,OBSRVR,1.0,1.0,3,0,0,0,0
2026-09-01,Public Node,1.0,1.0,3,0,0,0,0
2026-09-01,Range,1.0,1.0,3,0,0,0,0
2026-09-01,Stellar Development Foundation,1.0,1.0,3,0,0,0,0
2026-09-02,Blockdaemon Inc.,1.0,1.0,3,0,0,0,0
2026-09-02,Creit Technologies LLP,1.0,1.0,3,0,0,0,0
2026-09-02,Figure Certificate Company,1.0,1.0,3,0,0,0,0
2026-09-02,Franklin Templeton,1.0,1.0,3,0,0,0,0
2026-09-02,LOBSTR,1.0,0.0,5,1,0,1,0
2026-09-02,MoneyGram,1.0,0.9931,3,0,0,0,0
2026-09-02,OBSRVR,1.0,1.0,3,0,0,0,0
2026-09-02,Public Node,1.0,0.9965,3,0,0,0,0
2026-09-02,Range,1.0,1.0,3,0,0,0,0
2026-09-02,Stellar Development Foundation,1.0,1.0,3,0,0,0,0
2026-09-03,Blockdaemon Inc.,1.0,1.0,3,0,0,0,0
2026-09-03,Creit Technologies LLP,1.0,1.0,3,0,0,0,0
2026-09-03,Figure Certificate Company,1.0,1.0,3,0,0,0,0
2026-09-03,Franklin Templeton,1.0,0.9931,3,0,0,0,0
2026-09-03,LOBSTR,1.0,0.0,5,1,0,1,0
2026-09-03,MoneyGram,1.0,1.0,3,0,0,0,0
2026-09-03,OBSRVR,1.0,1.0,3,0,0,0,0
2026-09-03,Public Node,1.0,1.0,3,0,0,0,0
2026-09-03,Range,1.0,1.0,3,0,0,0,0
2026-09-03,Stellar Development Foundation,1.0,1.0,3,0,0,0,0
2026-09-04,Blockdaemon Inc.,1.0,1.0,3,0,0,0,0
2026-09-04,Creit Technologies LLP,1.0,1.0,3,0,0,0,0
2026-09-04,Figure Certificate Company,1.0,1.0,3,0,0,0,0
2026-09-04,Franklin Templeton,1.0,1.0,3,0,0,0,0
2026-09-04,LOBSTR,1.0,0.0,5,1,0,1,0
2026-09-04,MoneyGram,1.0,1.0,3,0,0,0,0
2026-09-04,OBSRVR,1.0,1.0,3,0,0,0,0
2026-09-04,Public Node,1.0,1.0,3,0,0,0,0
2026-09-04,Range,1.0,1.0,3,0,0,0,0
2026-09-04,Stellar Development Foundation,1.0,1.0,3,0,0,0,0
2026-09-05,Blockdaemon Inc.,1.0,1.0,3,0,0,0,0
2026-09-05,Creit Technologies LLP,1.0,1.0,3,0,0,0,0
2026-09-05,Figure Certificate Company,1.0,1.0,3,0,0,0,0
2026-09-05,Franklin Templeton,1.0,1.0,3,0,0,0,0
2026-09-05,LOBSTR,1.0,0.0,5,1,0,1,0
2026-09-05,MoneyGram,1.0,1.0,3,0,0,0,0
2026-09-05,OBSRVR,1.0,1.0,3,0,0,0,0
2026-09-05,Public Node,1.0,1.0,3,0,0,0,0
2026-09-05,Range,1.0,1.0,3,0,0,0,0
2026-09-05,Stellar Development Foundation,1.0,1.0,3,0,0,0,0
2026-09-06,Blockdaemon Inc.,1.0,1.0,3,0,0,0,0
2026-09-06,Creit Technologies LLP,1.0,1.0,3,0,0,0,0
2026-09-06,Figure Certificate Company,1.0,1.0,3,0,0,0,0
2026-09-06,Franklin Templeton,1.0,1.0,3,0,0,0,0
2026-09-06,LOBSTR,1.0,0.0,5,1,0,1,0
2026-09-06,MoneyGram,1.0,1.0,3,0,0,0,0
2026-09-06,OBSRVR,1.0,1.0,3,0,0,0,0
2026-09-06,Public Node,1.0,1.0,3,0,0,0,0
2026-09-06,Range,1.0,1.0,3,0,0,0,0
2026-09-06,Stellar Development Foundation,1.0,1.0,3,0,0,0,0
2026-09-07,Blockdaemon Inc.,1.0,1.0,3,0,0,0,0
2026-09-07,Creit Technologies LLP,1.0,1.0,3,0,0,0,0
2026-09-07,Figure Certificate Company,1.0,1.0,3,0,0,0,0
2026-09-07,Franklin Templeton,1.0,1.0,3,0,0,0,0
2026-09-07,LOBSTR,1.0,0.0,5,1,0,1,0
2026-09-07,MoneyGram,1.0,1.0,3,0,0,0,0
2026-09-07,OBSRVR,1.0,1.0,3,0,0,0,0
2026-09-07,Public Node,1.0,1.0,3,0,0,0,0
2026-09-07,Range,1.0,1.0,3,0,0,0,0
2026-09-07,Stellar Development Foundation,1.0,1.0,3,0,0,0,0
2026-09-08,Blockdaemon Inc.,1.0,1.0,3,0,0,0,0
2026-09-08,Creit Technologies LLP,1.0,1.0,3,0,0,0,0
2026-09-08,Figure Certificate Company,1.0,1.0,3,0,0,0,0
2026-09-08,Franklin Templeton,1.0,1.0,3,0,0,0,0
2026-09-08,LOBSTR,1.0,0.0,5,1,0,1,0
2026-09-08,MoneyGram,1.0,1.0,3,0,0,0,0
2026-09-08,OBSRVR,1.0,1.0,3,0,0,0,0
2026-09-08,Public Node,1.0,1.0,3,0,0,0,0
2026-09-08,Range,1.0,1.0,3,0,0,0,0
2026-09-08,Stellar Development Foundation,1.0,1.0,3,0,0,0,0
2026-09-09,Blockdaemon Inc.,1.0,1.0,3,0,0,0,0
2026-09-09,Creit Technologies LLP,1.0,1.0,3,0,0,0,0
2026-09-09,Figure Certificate Company,1.0,0.8889,3,1,0,0,0
2026-09-09,Franklin Templeton,1.0,1.0,3,0,0,0,0
2026-09-09,LOBSTR,1.0,0.0,5,1,0,1,0
2026-09-09,MoneyGram,1.0,1.0,3,0,0,0,0
2026-09-09,OBSRVR,1.0,1.0,3,0,0,0,0
2026-09-09,Public Node,1.0,1.0,3,0,0,0,0
2026-09-09,Range,1.0,1.0,3,0,0,0,0
2026-09-09,Stellar Development Foundation,1.0,1.0,3,0,0,0,0
2026-09-10,Blockdaemon Inc.,1.0,1.0,3,0,0,0,0
2026-09-10,Creit Technologies LLP,1.0,1.0,3,0,0,0,0
2026-09-10,Figure Certificate Company,1.0,1.0,3,0,0,0,0
2026-09-10,Franklin Templeton,1.0,0.9965,3,0,0,0,0
2026-09-10,LOBSTR,1.0,0.0,5,1,0,1,0
2026-09-10,MoneyGram,1.0,1.0,3,0,0,0,0
2026-09-10,OBSRVR,1.0,1.0,3,0,0,0,0
2026-09-10,Public Node,1.0,1.0,3,0,0,0,0
2026-09-10,Range,1.0,1.0,3,0,0,0,0
2026-09-10,Stellar Development Foundation,1.0,1.0,3,0,0,0,0
2026-09-11,Blockdaemon Inc.,1.0,1.0,3,0,0,0,0
2026-09-11,Creit Technologies LLP,1.0,1.0,3,0,0,0,0
2026-09-11,Figure Certificate Company,1.0,1.0,3,0,0,0,0
2026-09-11,Franklin Templeton,1.0,1.0,3,0,0,0,0
2026-09-11,LOBSTR,1.0,0.0,5,1,0,1,0
2026-09-11,MoneyGram,1.0,1.0,3,0,0,0,0
2026-09-11,OBSRVR,1.0,1.0,3,0,0,0,0
2026-09-11,Public Node,1.0,1.0,3,0,0,0,0
2026-09-11,Range,1.0,1.0,3,0,0,0,0
2026-09-11,Stellar Development Foundation,1.0,1.0,3,0,0,0,0
2026-09-12,Blockdaemon Inc.,1.0,1.0,3,0,0,0,0
2026-09-12,Creit Technologies LLP,1.0,1.0,3,0,0,0,0
2026-09-12,Figure Certificate Company,1.0,1.0,3,0,0,0,0
2026-09-12,Franklin Templeton,1.0,1.0,3,0,0,0,0
2026-09-12,LOBSTR,1.0,0.0,5,1,0,1,0
2026-09-12,MoneyGram,1.0,1.0,3,0,0,0,0
2026-09-12,OBSRVR,1.0,1.0,3,0,0,0,0
2026-09-12,Public Node,1.0,1.0,3,0,0,0,0
2026-09-12,Range,1.0,1.0,3,0,0,0,0
2026-09-12,Stellar Development Foundation,1.0,1.0,3,0,0,0,0
2026-09-13,Blockdaemon Inc.,1.0,1.0,3,0,0,0,0
2026-09-13,Creit Technologies LLP,1.0,1.0,3,0,0,0,0
2026-09-13,Figure Certificate Company,1.0,1.0,3,0,0,0,0
2026-09-13,Franklin Templeton,1.0,1.0,3,0,0,0,0
2026-09-13,LOBSTR,1.0,0.0,5,1,0,1,0
2026-09-13,MoneyGram,1.0,1.0,3,0,0,0,0
2026-09-13,OBSRVR,1.0,1.0,3,0,0,0,0
2026-09-13,Public Node,1.0,1.0,3,0,0,0,0
2026-09-13,Range,1.0,1.0,3,0,0,0,0
2026-09-13,Stellar Development Foundation,1.0,1.0,3,0,0,0,0
2026-09-14,Blockdaemon Inc.,1.0,1.0,3,0,0,0,0
2026-09-14,Creit Technologies LLP,1.0,1.0,3,0,0,0,0
2026-09-14,Figure Certificate Company,1.0,0.9896,3,0,0,0,0
2026-09-14,Franklin Templeton,1.0,1.0,3,0,0,0,0
2026-09-14,LOBSTR,1.0,0.0,5,1,0,1,0
2026-09-14,MoneyGram,1.0,1.0,3,0,0,0,0
2026-09-14,OBSRVR,1.0,1.0,3,0,0,0,0
2026-09-14,Public Node,1.0,1.0,3,0,0,0,0
2026-09-14,Range,1.0,1.0,3,0,0,0,0
2026-09-14,Stellar Development Foundation,1.0,1.0,3,0,0,0,0
2026-09-15,Blockdaemon Inc.,1.0,1.0,3,0,0,0,0
2026-09-15,Creit Technologies LLP,1.0,1.0,3,0,0,0,0
2026-09-15,Figure Certificate Company,1.0,1.0,3,0,0,0,0
2026-09-15,Franklin Templeton,1.0,1.0,3,0,0,0,0
2026-09-15,LOBSTR,1.0,0.0,5,1,0,1,0
2026-09-15,MoneyGram,1.0,1.0,3,0,0,0,0
2026-09-15,OBSRVR,1.0,1.0,3,0,0,0,0
2026-09-15,Public Node,1.0,1.0,3,0,0,0,0
2026-09-15,Range,1.0,1.0,3,0,0,0,0
2026-09-15,Stellar Development Foundation,1.0,1.0,3,0,0,0,0
2026-09-16,Blockdaemon Inc.,1.0,1.0,3,0,0,0,0
2026-09-16,Creit Technologies LLP,1.0,1.0,3,0,0,0,0
2026-09-16,Figure Certificate Company,1.0,0.9896,3,0,0,0,0
2026-09-16,Franklin Templeton,1.0,1.0,3,0,0,0,0
2026-09-16,LOBSTR,1.0,0.0,5,1,0,1,0
2026-09-16,MoneyGram,1.0,1.0,3,0,0,0,0
2026-09-16,OBSRVR,1.0,1.0,3,0,0,0,0
2026-09-16,Public Node,1.0,1.0,3,0,0,0,0
2026-09-16,Range,1.0,1.0,3,0,0,0,0
2026-09-16,Stellar Development Foundation,1.0,1.0,3,0,0,0,0
2026-09-17,Blockdaemon Inc.,1.0,1.0,3,0,0,0,0
2026-09-17,Creit Technologies LLP,1.0,1.0,3,0,0,0,0
2026-09-17,Figure Certificate Company,1.0,1.0,3,0,0,0,0
2026-09-17,Franklin Templeton,1.0,0.9965,3,0,0,0,0
2026-09-17,LOBSTR,1.0,0.0,5,1,0,1,0
2026-09-17,MoneyGram,1.0,1.0,3,0,0,0,0
2026-09-17,OBSRVR,1.0,1.0,3,0,0,0,0
2026-09-17,Public Node,1.0,1.0,3,0,0,0,0
2026-09-17,Range,1.0,1.0,3,0,0,0,0
2026-09-17,Stellar Development Foundation,1.0,1.0,3,0,0,0,0
2026-09-18,Blockdaemon Inc.,1.0,1.0,3,0,0,0,0
2026-09-18,Creit Technologies LLP,1.0,1.0,3,0,0,0,0
2026-09-18,Figure Certificate Company,1.0,1.0,3,0,0,0,0
2026-09-18,Franklin Templeton,1.0,1.0,3,0,0,0,0
2026-09-18,LOBSTR,1.0,0.0,5,1,0,1,0
2026-09-18,MoneyGram,1.0,1.0,3,0,0,0,0
2026-09-18,OBSRVR,1.0,0.9896,3,0,0,0,0
2026-09-18,Public Node,1.0,1.0,3,0,0,0,0
2026-09-18,Range,1.0,1.0,3,0,0,0,0
2026-09-18,Stellar Development Foundation,1.0,1.0,3,0,0,0,0
2026-09-19,Blockdaemon Inc.,1.0,1.0,3,0,0,0,0
2026-09-19,Creit Technologies LLP,1.0,1.0,3,0,0,0,0
2026-09-19,Figure Certificate Company,1.0,1.0,3,0,0,0,0
2026-09-19,Franklin Templeton,1.0,1.0,3,0,0,0,0
2026-09-19,LOBSTR,1.0,0.0,5,1,0,1,0
2026-09-19,MoneyGram,1.0,1.0,3,0,0,0,0
2026-09-19,OBSRVR,1.0,0.9896,3,0,0,0,0
2026-09-19,Public Node,1.0,0.9965,3,0,0,0,0
2026-09-19,Range,1.0,1.0,3,0,0,0,0
2026-09-19,Stellar Development Foundation,1.0,1.0,3,0,0,0,0
2026-09-20,Blockdaemon Inc.,1.0,1.0,3,0,0,0,0
2026-09-20,Creit Technologies LLP,1.0,1.0,3,0,0,0,0
2026-09-20,Figure Certificate Company,0.9931,0.9931,3,0,0,0,0
2026-09-20,Franklin Templeton,1.0,1.0,3,0,0,0,0
2026-09-20,LOBSTR,1.0,0.0,5,1,0,1,0
2026-09-20,MoneyGram,1.0,1.0,3,0,0,0,0
2026-09-20,OBSRVR,1.0,1.0,3,0,0,0,0
2026-09-20,Public Node,1.0,1.0,3,0,0,0,0
2026-09-20,Range,1.0,1.0,3,0,0,0,0
2026-09-20,Stellar Development Foundation,1.0,1.0,3,0,0,0,0
2026-09-21,Blockdaemon Inc.,1.0,1.0,3,0,0,0,0
2026-09-21,Creit Technologies LLP,1.0,1.0,3,0,0,0,0
2026-09-21,Figure Certificate Company,1.0,1.0,3,0,0,0,0
2026-09-21,Franklin Templeton,1.0,1.0,3,0,0,0,0
2026-09-21,LOBSTR,1.0,0.0,5,1,0,1,0
2026-09-21,MoneyGram,1.0,1.0,3,0,0,0,0
2026-09-21,OBSRVR,1.0,1.0,3,0,0,0,0
2026-09-21,Public Node,1.0,1.0,3,0,0,0,0
2026-09-21,Range,1.0,1.0,3,0,0,0,0
2026-09-21,Stellar Development Foundation,1.0,1.0,3,0,0,0,0
2026-09-22,Blockdaemon Inc.,1.0,1.0,3,0,0,0,0
2026-09-22,Creit Technologies LLP,1.0,1.0,3,0,0,0,0
2026-09-22,Figure Certificate Company,1.0,0.9965,3,0,0,0,0
2026-09-22,Franklin Templeton,1.0,1.0,3,0,0,0,0
2026-09-22,LOBSTR,1.0,0.0,5,1,0,1,0
2026-09-22,MoneyGram,1.0,1.0,3,0,0,0,0
2026-09-22,OBSRVR,1.0,1.0,3,0,0,0,0
2026-09-22,Public Node,1.0,1.0,3,0,0,0,0
2026-09-22,Range,1.0,1.0,3,0,0,0,0
2026-09-22,Stellar Development Foundation,1.0,1.0,3,0,0,0,0
2026-09-23,Blockdaemon Inc.,1.0,1.0,3,0,0,0,0
2026-09-23,Creit Technologies LLP,1.0,1.0,3,0,0,0,0
2026-09-23,Figure Certificate Company,1.0,0.9965,3,0,0,0,0
2026-09-23,Franklin Templeton,1.0,1.0,3,0,0,0,0
2026-09-23,LOBSTR,1.0,0.0,5,1,0,1,0
2026-09-23,MoneyGram,1.0,1.0,3,0,0,0,0
2026-09-23,OBSRVR,1.0,1.0,3,0,0,0,0
2026-09-23,Public Node,1.0,1.0,3,0,0,0,0
2026-09-23,Range,1.0,1.0,3,0,0,0,0
2026-09-23,Stellar Development Foundation,1.0,1.0,3,0,0,0,0
2026-09-24,Blockdaemon Inc.,1.0,1.0,3,0,0,0,0
2026-09-24,Creit Technologies LLP,1.0,1.0,3,0,0,0,0
2026-09-24,Figure Certificate Company,1.0,1.0,3,0,0,0,0
2026-09-24,Franklin Templeton,1.0,1.0,3,0,0,0,0
2026-09-24,LOBSTR,1.0,0.0,5,1,0,1,0
2026-09-24,MoneyGram,1.0,1.0,3,0,0,0,0
2026-09-24,OBSRVR,1.0,1.0,3,0,0,0,0
2026-09-24,Public Node,1.0,1.0,3,0,0,0,0
2026-09-24,Range,1.0,1.0,3,0,0,0,0
2026-09-24,Stellar Development Foundation,1.0,1.0,3,0,0,0,0
2026-09-25,Blockdaemon Inc.,1.0,1.0,3,0,0,0,0
2026-09-25,Creit Technologies LLP,1.0,1.0,3,0,0,0,0
2026-09-25,Figure Certificate Company,1.0,1.0,3,0,0,0,0
2026-09-25,Franklin Templeton,1.0,1.0,3,0,0,0,0
2026-09-25,LOBSTR,1.0,0.0,5,1,0,1,0
2026-09-25,MoneyGram,1.0,0.9792,3,0,0,0,0
2026-09-25,OBSRVR,1.0,1.0,3,0,0,0,0
2026-09-25,Public Node,1.0,1.0,3,0,0,0,0
2026-09-25,Range,1.0,1.0,3,0,0,0,0
2026-09-25,Stellar Development Foundation,1.0,1.0,3,0,0,0,0
2026-09-26,Blockdaemon Inc.,1.0,1.0,3,0,0,0,0
2026-09-26,Creit Technologies LLP,1.0,1.0,3,0,0,0,0
2026-09-26,Figure Certificate Company,1.0,1.0,3,0,0,0,0
2026-09-26,Franklin Templeton,1.0,1.0,3,0,0,0,0
2026-09-26,LOBSTR,1.0,0.0,5,1,0,1,0
2026-09-26,MoneyGram,1.0,1.0,3,0,0,0,0
2026-09-26,OBSRVR,1.0,1.0,3,0,0,0,0
2026-09-26,Public Node,1.0,1.0,3,0,0,0,0
2026-09-26,Range,1.0,1.0,3,0,0,0,0
2026-09-26,Stellar Development Foundation,1.0,1.0,3,0,0,0,0
2026-09-27,Blockdaemon Inc.,1.0,1.0,3,0,0,0,0
2026-09-27,Creit Technologies LLP,1.0,1.0,3,0,0,0,0
2026-09-27,Figure Certificate Company,1.0,1.0,3,0,0,0,0
2026-09-27,Franklin Templeton,1.0,1.0,3,0,0,0,0
2026-09-27,LOBSTR,1.0,0.0,5,1,0,1,0
2026-09-27,MoneyGram,1.0,0.9931,3,0,0,0,0
2026-09-27,OBSRVR,1.0,1.0,3,0,0,0,0
2026-09-27,Public Node,1.0,1.0,3,0,0,0,0
2026-09-27,Range,1.0,1.0,3,0,0,0,0
2026-09-27,Stellar Development Foundation,1.0,1.0,3,0,0,0,0
2026-09-28,Blockdaemon Inc.,1.0,1.0,3,0,0,0,0
2026-09-28,Creit Technologies LLP,1.0,1.0,3,0,0,0,0
2026-09-28,Figure Certificate Company,1.0,1.0,3,0,0,0,0
2026-09-28,Franklin Templeton,1.0,1.0,3,0,0,0,0
2026-09-28,LOBSTR,1.0,0.0,5,1,0,1,0
2026-09-28,MoneyGram,1.0,1.0,3,0,0,0,0
2026-09-28,OBSRVR,1.0,1.0,3,0,0,0,0
2026-09-28,Public Node,1.0,1.0,3,0,0,0,0
2026-09-28,Range,1.0,1.0,3,0,0,0,0
2026-09-28,Stellar Development Foundation,1.0,1.0,3,0,0,0,0
2026-09-29,Blockdaemon Inc.,1.0,1.0,3,0,0,0,0
2026-09-29,Creit Technologies LLP,1.0,1.0,3,0,0,0,0
2026-09-29,Figure Certificate Company,1.0,1.0,3,0,0,0,0
2026-09-29,Franklin Templeton,1.0,1.0,3,0,0,0,0
2026-09-29,LOBSTR,1.0,0.0,5,1,0,1,0
2026-09-29,MoneyGram,1.0,1.0,3,0,0,0,0
2026-09-29,OBSRVR,1.0,1.0,3,0,0,0,0
2026-09-29,Public Node,1.0,1.0,3,0,0,0,0
2026-09-29,Range,1.0,1.0,3,0,0,0,0
2026-09-29,Stellar Development Foundation,1.0,1.0,3,0,0,0,0
2026-09-30,Blockdaemon Inc.,1.0,1.0,3,0,0,0,0
2026-09-30,Creit Technologies LLP,1.0,1.0,3,0,0,0,0
2026-09-30,Figure Certificate Company,1.0,1.0,3,0,0,0,0
2026-09-30,Franklin Templeton,1.0,1.0,3,0,0,0,0
2026-09-30,LOBSTR,1.0,0.0,5,1,0,1,0
2026-09-30,MoneyGram,1.0,1.0,3,0,0,0,0
2026-09-30,OBSRVR,1.0,1.0,3,0,0,0,0
2026-09-30,Public Node,1.0,1.0,3,0,0,0,0
2026-09-30,Range,1.0,1.0,3,0,0,0,0
2026-09-30,Stellar Development Foundation,1.0,1.0,3,0,0,0,0
2026-10-01,Blockdaemon Inc.,0.9932,0.9932,3,0,0,0,0
2026-10-01,Creit Technologies LLP,1.0,1.0,3,0,0,0,0
2026-10-01,Figure Certificate Company,1.0,1.0,3,0,0,0,0
2026-10-01,Franklin Templeton,0.9932,0.9932,3,0,0,0,0
2026-10-01,LOBSTR,0.9932,0.0,5,1,0,1,0
2026-10-01,MoneyGram,0.9863,0.9726,3,1,0,0,0
2026-10-01,OBSRVR,1.0,1.0,3,0,0,0,0
2026-10-01,Public Node,0.9932,0.9932,3,0,0,0,0
2026-10-01,Range,1.0,1.0,3,0,0,0,0
2026-10-01,Stellar Development Foundation,0.9932,0.9932,3,0,0,0,0
2026-10-02,Blockdaemon Inc.,1.0,1.0,3,0,0,0,0
2026-10-02,Creit Technologies LLP,1.0,1.0,3,0,0,0,0
2026-10-02,Figure Certificate Company,1.0,1.0,3,0,0,0,0
2026-10-02,Franklin Templeton,1.0,1.0,3,0,0,0,0
2026-10-02,LOBSTR,1.0,0.0,5,1,0,1,0
2026-10-02,MoneyGram,1.0,1.0,3,0,0,0,0
2026-10-02,OBSRVR,1.0,1.0,3,0,0,0,0
2026-10-02,Public Node,1.0,1.0,3,0,0,0,0
2026-10-02,Range,1.0,1.0,3,0,0,0,0
2026-10-02,Stellar Development Foundation,1.0,1.0,3,0,0,0,0
2026-10-03,Blockdaemon Inc.,1.0,1.0,3,0,0,0,0
2026-10-03,Creit Technologies LLP,1.0,1.0,3,0,0,0,0
2026-10-03,Figure Certificate Company,1.0,0.9912,3,0,0,0,0
2026-10-03,Franklin Templeton,1.0,1.0,3,0,0,0,0
2026-10-03,LOBSTR,1.0,0.0,5,1,0,1,0
2026-10-03,MoneyGram,1.0,1.0,3,0,0,0,0
2026-10-03,OBSRVR,1.0,1.0,3,0,0,0,0
2026-10-03,Public Node,1.0,1.0,3,0,0,0,0
2026-10-03,Range,1.0,1.0,3,0,0,0,0
2026-10-03,Stellar Development Foundation,1.0,1.0,3,0,0,0,0
2026-10-04,Blockdaemon Inc.,1.0,1.0,3,0,0,0,0
2026-10-04,Creit Technologies LLP,1.0,1.0,3,0,0,0,0
2026-10-04,Figure Certificate Company,1.0,1.0,3,0,0,0,0
2026-10-04,Franklin Templeton,1.0,1.0,3,0,0,0,0
2026-10-04,LOBSTR,1.0,0.0,5,1,0,1,0
2026-10-04,MoneyGram,1.0,1.0,3,0,0,0,0
2026-10-04,OBSRVR,1.0,1.0,3,0,0,0,0
2026-10-04,Public Node,1.0,1.0,3,0,0,0,0
2026-10-04,Range,1.0,1.0,3,0,0,0,0
2026-10-04,Stellar Development Foundation,1.0,1.0,3,0,0,0,0
2026-10-05,Blockdaemon Inc.,1.0,1.0,3,0,0,0,0
2026-10-05,Creit Technologies LLP,1.0,1.0,3,0,0,0,0
2026-10-05,Figure Certificate Company,1.0,1.0,3,0,0,0,0
2026-10-05,Franklin Templeton,1.0,1.0,3,0,0,0,0
2026-10-05,LOBSTR,1.0,0.0,5,1,0,1,0
2026-10-05,MoneyGram,1.0,1.0,3,0,0,0,0
2026-10-05,OBSRVR,1.0,1.0,3,0,0,0,0
2026-10-05,Public Node,1.0,1.0,3,0,0,0,0
2026-10-05,Range,1.0,1.0,3,0,0,0,0
2026-10-05,Stellar Development Foundation,1.0,1.0,3,0,0,0,0
2026-10-06,Blockdaemon Inc.,1.0,1.0,3,0,0,0,0
2026-10-06,Creit Technologies LLP,1.0,1.0,3,0,0,0,0
2026-10-06,Figure Certificate Company,1.0,1.0,3,0,0,0,0
2026-10-06,Franklin Templeton,1.0,1.0,3,0,0,0,0
2026-10-06,LOBSTR,1.0,0.0,5,1,0,1,0
2026-10-06,MoneyGram,1.0,1.0,3,0,0,0,0
2026-10-06,OBSRVR,1.0,1.0,3,0,0,0,0
2026-10-06,Public Node,1.0,1.0,3,0,0,0,0
2026-10-06,Range,1.0,1.0,3,0,0,0,0
2026-10-06,Stellar Development Foundation,1.0,1.0,3,0,0,0,0
